RowNumber,CustomerId,Surname,CreditScore,Geography,Gender,Age,Tenure,Balance,NumOfProducts,HasCrCard,IsActiveMember,EstimatedSalary,Exited,Complain,Satisfaction Score,Card Type,Point Earned,cluster
343984,746667,sdv-pii-x5pxl,554,Germany,Female,52,8,115954.99,3,0,0,165704.39,1,1,5,PLATINUM,913,4
8060568,14978897,sdv-pii-msthg,461,France,Female,34,6,147743.82,1,1,0,39735.76,0,0,2,PLATINUM,322,3
705627,7680236,sdv-pii-ocsen,694,Spain,Male,37,8,0.0,2,1,0,61339.79,0,0,3,PLATINUM,457,0
40431,9990238,sdv-pii-0mhmc,766,Spain,Male,22,2,0.0,2,1,0,29905.11,0,0,1,DIAMOND,386,0
11283339,5187252,sdv-pii-twsop,850,France,Male,30,8,0.0,2,1,1,116312.97,0,0,5,PLATINUM,254,2
3290936,15394028,sdv-pii-bj2ub,819,Germany,Male,23,8,104511.97,1,1,0,181278.37,0,0,3,PLATINUM,558,1
15330934,3430763,sdv-pii-zqmjv,696,Spain,Male,37,10,0.0,1,1,0,93172.41,0,0,1,PLATINUM,551,0
10434812,7723956,sdv-pii-unesr,763,Spain,Female,36,6,142197.09,2,0,0,19229.12,0,0,4,DIAMOND,586,3
9655424,1496020,sdv-pii-9g0j4,569,Spain,Male,41,8,0.0,2,1,1,74136.53,0,0,4,PLATINUM,751,0
3672529,3334120,sdv-pii-dzk0y,646,France,Female,57,10,117318.7,1,0,0,183483.6,1,1,3,GOLD,554,4
13652292,6324167,sdv-pii-0gnqj,564,France,Female,41,5,131289.07,3,0,0,10807.41,1,1,2,PLATINUM,523,4
5230807,3512678,sdv-pii-hh4g3,547,Germany,Male,25,2,0.0,2,1,0,16887.28,0,0,1,PLATINUM,247,1
787196,1350126,sdv-pii-h36hi,647,France,Male,23,8,0.0,1,1,1,2253.08,0,0,4,PLATINUM,576,2
12789536,8081867,sdv-pii-ud4kx,701,Spain,Female,36,5,0.0,2,1,0,95996.04,0,0,3,GOLD,648,3
9669114,9029401,sdv-pii-6g3l3,691,France,Male,37,8,114535.31,2,1,0,177984.54,0,0,2,DIAMOND,898,2
5144384,14843922,sdv-pii-s0quo,772,Spain,Female,24,5,159395.01,1,1,1,191113.47,0,0,3,SILVER,777,3
8552398,8363052,sdv-pii-knnpz,729,France,Female,29,8,121142.1,2,1,0,39303.62,0,1,3,DIAMOND,336,4
11072256,14298910,sdv-pii-vo66g,818,Germany,Female,28,1,126831.18,2,0,1,64645.69,0,0,3,DIAMOND,281,1
13074213,14885352,sdv-pii-cxjg1,613,Spain,Female,24,3,143583.7,1,1,0,45463.18,0,0,2,PLATINUM,905,3
14156822,5819406,sdv-pii-wnrdp,449,France,Female,73,8,110588.07,3,0,1,68973.31,1,1,3,DIAMOND,778,4
12975418,12976423,sdv-pii-zceya,659,Germany,Female,44,2,125591.87,3,1,0,155167.24,1,1,5,DIAMOND,871,4
7258238,10797455,sdv-pii-xb2t5,790,Germany,Female,39,9,98804.07,2,0,1,127378.43,0,0,4,PLATINUM,888,1
8425899,6286014,sdv-pii-lux7k,675,Germany,Female,65,9,152790.29,2,1,1,75908.93,0,0,3,DIAMOND,271,1
11788368,2643547,sdv-pii-ziqco,765,France,Female,32,7,0.0,2,1,1,178546.83,0,0,3,GOLD,725,3
1165528,8749285,sdv-pii-k6zyt,552,Spain,Male,31,10,213.92,2,1,0,34905.57,0,0,3,DIAMOND,812,0
14170405,16638996,sdv-pii-sudug,598,Spain,Female,50,8,126055.28,1,0,1,131232.64,0,0,1,GOLD,451,3
13535483,8496656,sdv-pii-v00gn,542,Spain,Female,52,8,132710.18,1,0,0,46195.82,1,1,1,DIAMOND,683,4
14212079,9769576,sdv-pii-ikcp2,713,Germany,Female,49,10,100686.49,1,0,0,166160.7,1,1,5,DIAMOND,641,4
10942398,776407,sdv-pii-5fne2,528,Germany,Female,47,7,131597.5,2,0,0,113987.87,0,0,3,PLATINUM,1000,1
11015055,13030095,sdv-pii-eolu0,675,Germany,Female,49,6,146527.41,2,1,1,154763.97,0,0,5,SILVER,647,1
7767594,11993559,sdv-pii-3kk9b,698,Germany,Female,64,8,146876.85,1,0,0,170463.48,1,1,3,DIAMOND,714,4
10951460,1597989,sdv-pii-0r3by,552,France,Male,41,3,88310.77,2,1,1,57128.51,0,0,2,GOLD,758,2
10694026,15121452,sdv-pii-pym29,515,Spain,Female,38,10,97563.51,1,1,0,175412.1,0,0,3,DIAMOND,877,3
11392271,15328045,sdv-pii-2q6ve,527,Germany,Female,71,4,101556.69,1,1,1,186742.69,1,1,3,GOLD,675,4
16697133,14991347,sdv-pii-1yxvh,519,France,Female,34,8,1101.14,2,0,0,136974.04,0,0,2,GOLD,434,3
11428201,16624734,sdv-pii-9ohx0,638,Spain,Female,45,5,0.0,1,1,0,99882.68,0,0,1,PLATINUM,395,3
16235712,3100439,sdv-pii-5ys3g,726,Germany,Female,43,6,64415.4,3,0,0,141372.27,1,1,4,DIAMOND,287,4
2498031,8235740,sdv-pii-lolhy,575,France,Female,49,10,0.0,2,1,0,123676.15,0,0,4,PLATINUM,590,3
16101137,15456317,sdv-pii-tr1j9,543,France,Female,35,2,611.47,2,1,0,60040.58,1,0,5,SILVER,316,3
7733154,13673918,sdv-pii-8bz4x,610,Germany,Female,44,8,135061.89,1,1,1,85696.61,0,0,2,DIAMOND,576,1
7380169,6644532,sdv-pii-ufplx,518,Germany,Female,26,4,955.42,2,0,1,153294.32,0,0,2,DIAMOND,789,1
10917897,6655605,sdv-pii-dzmdt,558,Germany,Male,55,7,127775.5,3,0,0,171758.62,1,1,4,DIAMOND,810,4
3669228,1936281,sdv-pii-8k7xm,797,Spain,Male,45,9,0.0,2,1,0,160439.57,0,0,3,PLATINUM,946,0
5515937,2699652,sdv-pii-8k0io,715,Spain,Female,35,9,0.0,2,0,1,151314.68,0,0,3,GOLD,554,3
6831637,6935460,sdv-pii-ilg7s,641,France,Male,30,4,0.0,2,1,1,53581.16,0,0,5,GOLD,882,2
1899067,4080970,sdv-pii-mphbi,514,Germany,Female,30,5,109859.8,1,1,0,107661.64,0,0,5,PLATINUM,275,1
9443898,15106271,sdv-pii-z09fi,832,Spain,Female,32,9,116968.2,2,1,0,149727.12,0,0,2,DIAMOND,783,3
10805041,15294508,sdv-pii-hqg4d,516,Germany,Female,47,1,125077.24,1,1,1,98832.21,0,0,3,PLATINUM,1000,1
12894244,13434687,sdv-pii-xkwok,681,Spain,Male,27,5,190.34,2,1,0,62239.61,0,0,3,GOLD,416,0
8459457,846392,sdv-pii-e13bd,708,Spain,Female,21,3,0.0,2,1,0,46700.63,0,0,2,SILVER,528,3
14267944,752005,sdv-pii-68ycf,543,France,Male,30,3,0.0,1,0,0,54510.43,0,0,2,DIAMOND,386,2
11463407,928547,sdv-pii-5my51,682,Germany,Female,46,1,107763.42,1,1,0,185925.54,0,1,3,DIAMOND,595,1
7150688,1019300,sdv-pii-jdyjz,688,Spain,Male,42,8,129316.46,2,0,1,74181.0,0,0,2,PLATINUM,498,0
6248154,4811785,sdv-pii-zp0fu,600,Germany,Female,43,10,153991.95,2,1,0,148221.1,0,0,2,PLATINUM,378,1
1035801,1381331,sdv-pii-o7rui,484,Spain,Male,67,5,1460.29,2,1,1,37007.09,1,1,3,DIAMOND,844,0
4808109,16067397,sdv-pii-98nms,795,France,Male,31,9,121747.56,2,0,0,152937.98,0,0,2,SILVER,394,2
12201861,5767532,sdv-pii-87pau,550,France,Female,22,6,133384.45,1,0,1,153349.59,0,0,5,DIAMOND,337,3
8753201,15634489,sdv-pii-wfrly,540,France,Male,37,3,511.53,1,0,0,66024.89,1,1,4,PLATINUM,482,2
3388289,1275176,sdv-pii-5cdfa,562,Germany,Female,38,10,140928.38,3,0,0,80015.01,1,1,1,PLATINUM,291,4
1170550,11851638,sdv-pii-k83ju,669,Germany,Male,33,5,151567.98,2,1,1,43140.22,0,0,4,DIAMOND,785,1
12376125,4895661,sdv-pii-eibwd,564,Spain,Male,28,9,124037.18,1,1,0,64319.23,0,0,5,PLATINUM,913,0
7837094,2559596,sdv-pii-0sp7b,765,France,Female,49,5,123577.39,1,0,1,43189.9,0,0,5,PLATINUM,864,3
14983512,14421981,sdv-pii-x18wu,634,France,Male,33,0,989.46,2,1,1,151854.07,0,0,3,SILVER,399,2
2716811,1097074,sdv-pii-xubrm,758,France,Female,33,8,0.0,2,1,1,45861.5,0,0,3,DIAMOND,436,3
341193,1618663,sdv-pii-hicuh,522,Germany,Female,24,3,117209.81,1,1,0,18993.68,0,0,3,GOLD,939,1
9430924,11738337,sdv-pii-j73hl,561,France,Male,41,7,346.14,2,1,0,33907.04,0,0,5,SILVER,709,2
4846833,13463950,sdv-pii-4nynm,735,France,Female,45,5,106131.98,2,1,0,186234.22,0,0,5,GOLD,419,3
4971477,8692781,sdv-pii-mj7lh,639,Spain,Female,25,5,0.0,2,1,1,123023.25,0,0,4,DIAMOND,930,3
1384347,8811593,sdv-pii-rakcr,758,Spain,Female,38,8,144413.56,1,1,0,15056.98,1,1,5,PLATINUM,869,4
16775379,5005353,sdv-pii-tl1k1,755,Spain,Male,25,1,0.0,2,0,0,53407.67,0,0,2,GOLD,274,0
363561,542120,sdv-pii-24155,575,Spain,Female,25,1,0.0,2,0,1,52897.91,0,0,1,PLATINUM,484,3
14084390,9655334,sdv-pii-p7hkq,589,Germany,Female,55,8,124003.96,1,0,0,130002.06,1,1,3,DIAMOND,819,4
6791030,1137675,sdv-pii-iwjdc,656,Spain,Female,55,1,108030.72,1,0,1,146623.65,0,0,3,PLATINUM,333,3
4645924,13492758,sdv-pii-v5xwi,548,Spain,Male,36,0,120322.82,1,0,0,59566.93,0,0,5,DIAMOND,640,0
3777297,4069836,sdv-pii-odscl,683,Spain,Male,38,8,136680.01,1,0,1,92645.48,0,0,1,PLATINUM,300,0
10795538,10710682,sdv-pii-sk8uj,499,Germany,Female,47,5,123342.33,2,0,0,138857.53,0,0,3,PLATINUM,253,1
11047387,9538701,sdv-pii-li6rt,717,France,Female,34,4,150989.62,1,1,1,156614.6,0,0,4,PLATINUM,271,3
391778,3324607,sdv-pii-x4n32,555,France,Female,31,9,266.43,2,1,0,26157.03,0,0,5,SILVER,205,3
1448186,13538648,sdv-pii-y9llo,570,Spain,Male,32,8,158428.46,1,1,1,28133.34,0,0,4,PLATINUM,914,0
5212897,1198836,sdv-pii-95p1k,685,Germany,Female,53,3,100578.36,1,1,0,67087.75,0,0,5,DIAMOND,830,1
15874152,893277,sdv-pii-97yrl,766,Spain,Male,20,9,0.0,2,1,0,110234.41,0,0,3,PLATINUM,524,0
12737654,12975553,sdv-pii-eo8xo,632,France,Male,47,8,0.0,2,1,1,158546.68,0,0,2,SILVER,434,2
4599177,4473908,sdv-pii-pa4nk,719,Spain,Male,45,5,121415.24,1,0,0,54364.86,1,1,4,PLATINUM,706,0
1390348,1429711,sdv-pii-q793c,606,France,Male,46,8,0.0,2,0,0,77795.43,0,0,3,SILVER,438,2
2540350,4060019,sdv-pii-51bjy,489,Spain,Female,28,1,295.73,2,1,1,55778.88,0,0,3,PLATINUM,263,3
8211908,47302,sdv-pii-anats,604,France,Female,64,10,119960.6,1,1,0,126597.42,1,1,5,DIAMOND,825,4
7434330,9184881,sdv-pii-y3txm,675,France,Female,35,9,538.13,2,1,1,104095.31,0,0,3,PLATINUM,327,3
6305343,9240284,sdv-pii-qmdhn,676,Spain,Female,40,3,0.0,2,1,0,30767.76,0,0,4,PLATINUM,879,3
9603559,7761946,sdv-pii-mgw3h,789,France,Female,65,8,0.0,4,1,0,116533.09,1,1,3,DIAMOND,756,4
1803026,10244404,sdv-pii-s0kiz,608,Germany,Female,36,5,0.0,2,1,0,135008.41,0,0,2,PLATINUM,582,1
15506062,3068923,sdv-pii-i3kat,642,Spain,Male,32,5,0.0,1,0,0,54083.23,0,0,2,PLATINUM,761,0
4739327,11903144,sdv-pii-11mf6,674,France,Male,52,5,532.77,2,1,1,72478.11,0,0,2,SILVER,538,2
6831179,15781514,sdv-pii-b4bru,583,Spain,Male,38,8,114326.13,1,0,0,64990.69,0,0,5,DIAMOND,478,0
1587659,13960646,sdv-pii-puni4,630,France,Male,33,5,0.0,2,1,0,80972.67,0,0,3,SILVER,867,2
6269128,5622367,sdv-pii-igc25,764,Germany,Female,47,5,119749.12,1,0,0,31293.26,1,1,4,PLATINUM,713,4
1569467,9002107,sdv-pii-ixcm0,556,Germany,Female,37,6,121317.99,3,1,0,165430.03,1,1,4,GOLD,974,4
13943412,9915473,sdv-pii-t4m1g,761,France,Female,37,9,120073.08,2,1,1,148531.08,0,0,1,PLATINUM,284,3
3864119,15254967,sdv-pii-4eo3i,575,France,Male,35,6,0.0,2,1,0,72728.91,0,0,2,SILVER,765,2
5740265,7300201,sdv-pii-hi37f,791,Spain,Male,50,5,125989.23,2,0,0,66091.14,0,0,5,PLATINUM,275,0
15117501,1228060,sdv-pii-ku587,595,France,Male,52,5,89299.97,2,1,1,28461.96,0,1,2,GOLD,841,2
9283073,15296342,sdv-pii-o6alk,849,France,Female,26,7,0.0,1,0,1,169240.44,0,0,4,SILVER,383,3
14397220,8204439,sdv-pii-qtfi1,469,France,Female,41,8,0.0,2,1,0,108192.95,0,0,4,SILVER,509,3
13713910,5042212,sdv-pii-zdhpe,673,Spain,Male,71,2,133645.8,2,1,0,126310.35,1,0,3,GOLD,843,0
3496132,14634576,sdv-pii-ovjwa,801,Spain,Male,54,3,1226.71,2,1,1,127694.17,0,0,2,PLATINUM,283,0
1834147,11142307,sdv-pii-bmjoo,788,Germany,Female,54,8,85821.37,1,1,1,190836.88,0,0,1,DIAMOND,402,1
15004588,8715842,sdv-pii-5jk0r,756,Spain,Male,33,5,1252.58,2,1,0,44997.97,0,0,4,GOLD,783,0
14500691,8783276,sdv-pii-ejnih,521,Spain,Female,31,7,0.0,2,1,0,97585.65,0,0,1,DIAMOND,880,3
420025,14161519,sdv-pii-2qg82,546,Spain,Female,26,1,85938.69,2,1,0,71599.45,0,0,1,PLATINUM,275,3
15983185,261404,sdv-pii-kajyc,566,Germany,Female,72,8,109290.12,1,0,0,147696.72,1,1,4,SILVER,290,4
8375603,10504148,sdv-pii-lxn8n,510,Germany,Female,50,6,140963.22,2,0,1,22062.46,1,1,1,DIAMOND,293,4
16666581,12060404,sdv-pii-fe7bk,799,Spain,Female,41,4,2287.95,2,1,0,11349.1,1,1,5,SILVER,833,4
12105458,4163374,sdv-pii-84pca,619,Germany,Female,67,8,107742.57,1,1,1,181576.47,1,1,2,DIAMOND,657,4
5256422,12602434,sdv-pii-ij9re,770,Germany,Female,32,8,0.0,2,0,0,147879.02,0,0,3,DIAMOND,690,1
14632478,13441165,sdv-pii-oawvy,618,Germany,Male,52,8,133368.51,2,1,1,156938.27,0,0,1,GOLD,406,1
16273919,13695338,sdv-pii-4tpl8,629,Spain,Male,29,6,0.0,2,1,1,30021.75,0,0,3,DIAMOND,540,0
3060589,7689957,sdv-pii-jywj4,603,Spain,Male,47,7,0.0,3,0,1,48909.39,1,1,3,DIAMOND,940,0
14206744,3130006,sdv-pii-fe1mx,616,France,Female,54,5,159554.81,1,0,0,30946.84,1,1,5,PLATINUM,377,4
984257,3780881,sdv-pii-r4xa8,673,Spain,Male,69,6,0.0,2,0,1,94989.01,0,0,1,SILVER,897,0
9225553,7220318,sdv-pii-fn8ig,582,Germany,Female,57,1,127185.7,1,0,1,76052.73,1,1,5,PLATINUM,591,4
15150990,2241135,sdv-pii-rdx7t,543,France,Female,52,8,86467.78,1,0,1,61372.91,1,1,1,GOLD,633,4
1854442,8148605,sdv-pii-sz84m,659,Spain,Female,46,9,0.0,2,0,0,115604.71,0,0,5,PLATINUM,854,3
13195667,6814000,sdv-pii-i1rke,829,France,Female,36,5,85902.89,3,0,1,104879.67,1,1,3,SILVER,481,4
700053,4208366,sdv-pii-wxrbh,543,France,Male,40,2,145130.53,3,1,1,116645.59,1,1,3,PLATINUM,313,2
6800238,9240169,sdv-pii-z2gcb,710,France,Male,54,9,0.0,2,0,0,37906.58,0,0,2,GOLD,879,2
4025234,13307024,sdv-pii-a5cu7,699,Spain,Male,25,1,103235.13,2,1,0,95259.56,0,0,4,PLATINUM,493,0
11042195,3442444,sdv-pii-2seqh,580,Germany,Female,46,4,127256.39,1,1,1,151188.7,0,0,1,PLATINUM,641,1
10737879,15979355,sdv-pii-89rks,795,France,Female,53,6,105527.35,1,1,0,48346.87,1,1,3,PLATINUM,673,4
14296472,11883913,sdv-pii-v3v6h,660,Spain,Female,45,9,103360.54,1,0,0,148951.49,1,1,4,DIAMOND,408,4
12947591,1474878,sdv-pii-jpvkj,564,Germany,Female,51,7,153284.37,2,0,0,125688.51,1,1,4,DIAMOND,282,4
7558920,14683517,sdv-pii-hcp2z,488,France,Male,45,6,146151.93,2,1,1,67469.75,0,0,4,DIAMOND,413,2
4737662,1036945,sdv-pii-ylzrb,596,Spain,Male,31,3,0.0,2,0,0,84520.92,0,0,1,GOLD,326,0
216294,3008509,sdv-pii-qqg2m,485,Spain,Male,45,8,148127.32,3,0,0,134104.44,1,1,1,DIAMOND,419,0
11234892,7454580,sdv-pii-6kkbb,524,France,Female,64,5,116541.12,1,1,0,87913.67,1,1,4,GOLD,305,4
4421609,946726,sdv-pii-erl6k,673,France,Female,49,8,120555.09,3,0,0,126634.52,1,1,4,PLATINUM,881,4
7588759,5807758,sdv-pii-fqwpo,598,Spain,Male,25,9,120902.81,1,0,1,170091.24,0,0,2,DIAMOND,709,0
9655462,341691,sdv-pii-la8pr,597,Spain,Female,27,6,95233.23,1,0,0,57851.0,0,0,5,DIAMOND,678,3
3158954,4155685,sdv-pii-g40b9,543,Germany,Male,45,4,125617.19,1,1,0,34654.46,1,1,2,DIAMOND,988,4
5073834,12319113,sdv-pii-aa7bf,630,France,Female,34,2,0.0,2,1,1,133671.93,0,0,3,SILVER,456,3
16629090,5954648,sdv-pii-gsjut,615,Germany,Male,21,5,112508.52,1,0,0,86742.13,0,0,1,SILVER,615,1
11772308,8444835,sdv-pii-gf4ip,657,Germany,Female,41,6,179885.18,3,1,0,33454.21,1,1,4,PLATINUM,980,4
3874366,9152819,sdv-pii-qncs7,549,Germany,Female,58,5,132669.27,2,0,0,127253.51,0,0,3,DIAMOND,482,1
10093958,9227672,sdv-pii-56imd,506,France,Male,40,0,120139.79,2,1,0,110689.74,0,0,2,GOLD,316,2
15364976,4089002,sdv-pii-1dw3d,712,France,Male,64,6,0.0,2,1,0,100650.8,1,1,2,SILVER,611,2
2100853,3292983,sdv-pii-f4wq6,801,Spain,Female,49,6,89845.1,2,0,1,56593.59,0,0,3,GOLD,483,3
4897230,6232887,sdv-pii-0wbex,528,Spain,Female,35,1,81269.21,1,1,1,135059.3,0,0,5,GOLD,903,3
4668599,955199,sdv-pii-smxum,718,Spain,Male,33,4,0.0,2,1,1,48784.43,0,0,1,DIAMOND,489,0
3789173,12532773,sdv-pii-hzaa5,569,Spain,Female,42,9,149915.51,3,0,1,54170.24,1,1,4,PLATINUM,946,4
5040536,10599735,sdv-pii-qrl9s,571,France,Female,60,1,138741.42,1,1,1,120231.52,0,0,1,PLATINUM,221,3
12730376,13834874,sdv-pii-gffpz,797,Spain,Female,23,5,126842.26,2,1,1,164180.4,0,0,4,GOLD,312,3
2859450,2006779,sdv-pii-2nu3j,590,France,Male,30,8,99352.6,1,0,0,34534.63,0,0,3,PLATINUM,565,2
3259234,15587929,sdv-pii-6nh8l,691,France,Male,29,5,0.0,2,1,1,50147.62,0,0,4,GOLD,294,2
14578204,8785013,sdv-pii-mjdqw,563,Germany,Male,43,5,192.24,1,0,1,145120.38,0,0,4,SILVER,891,1
8851984,6170755,sdv-pii-4npf8,629,Germany,Female,47,5,124720.82,2,0,1,60050.84,0,0,2,GOLD,766,1
647470,6224421,sdv-pii-cr62g,582,Spain,Male,31,5,95936.18,2,1,1,99421.08,0,0,2,GOLD,991,0
2536885,1063539,sdv-pii-aky37,831,France,Male,30,8,122640.1,2,1,1,80875.04,0,0,2,SILVER,803,2
15479091,16769490,sdv-pii-b3jaa,634,Spain,Male,23,3,434.48,1,1,0,74873.63,0,0,1,PLATINUM,823,0
6002312,12249205,sdv-pii-fon1i,601,Germany,Female,35,3,105621.15,2,1,0,69613.69,0,0,1,DIAMOND,242,1
1234401,635810,sdv-pii-ys8i2,537,Germany,Female,56,5,125170.99,1,0,0,21303.54,1,1,4,DIAMOND,914,4
16607507,4711329,sdv-pii-fgcuf,720,France,Female,29,7,129506.13,1,0,1,146398.5,0,0,2,DIAMOND,930,3
2566815,16403409,sdv-pii-e35nh,625,France,Male,36,5,91236.2,2,0,0,35184.0,0,0,3,DIAMOND,619,2
5644178,7462661,sdv-pii-1svkt,580,Spain,Male,23,1,990.05,2,1,0,195446.1,0,0,3,DIAMOND,486,0
7820085,11954045,sdv-pii-m8eg2,529,France,Female,27,7,0.0,2,1,1,99422.61,0,0,5,DIAMOND,514,3
7196234,1505153,sdv-pii-ci37b,799,Spain,Female,32,8,0.0,2,1,0,71239.51,0,0,3,DIAMOND,853,3
14239435,12790901,sdv-pii-pwpac,599,Spain,Female,49,8,748.25,2,0,1,134941.93,0,0,4,PLATINUM,891,3
2575790,11402490,sdv-pii-njove,501,Germany,Female,38,7,141455.66,1,1,0,84551.77,0,0,3,DIAMOND,336,1
9155075,12489332,sdv-pii-lmikb,547,Spain,Female,44,10,114249.33,2,0,1,58163.89,1,1,2,PLATINUM,869,4
9433550,5456240,sdv-pii-tbwci,726,Germany,Female,54,8,113886.47,1,0,0,33596.37,0,0,4,DIAMOND,804,1
13084460,1882290,sdv-pii-nmza1,666,France,Female,67,6,106100.29,1,1,0,181029.19,0,0,2,PLATINUM,513,3
8201988,15168813,sdv-pii-vy7f9,728,Germany,Female,45,7,140547.8,1,0,0,114408.93,1,1,4,GOLD,754,4
7082743,1130000,sdv-pii-34qrv,747,France,Female,51,3,140550.71,1,1,1,158274.64,1,1,3,PLATINUM,582,4
12018529,13748191,sdv-pii-qs32t,536,Spain,Male,30,9,0.0,2,0,0,42698.58,0,0,4,SILVER,284,0
12831368,4069492,sdv-pii-p3pie,559,France,Female,49,3,132658.87,1,0,0,90811.45,0,0,4,SILVER,613,3
1587033,13444261,sdv-pii-8tki7,701,Germany,Male,29,9,137822.0,2,1,0,170668.86,0,0,1,PLATINUM,759,1
3079585,13214523,sdv-pii-z3pea,764,Germany,Female,28,2,78061.24,2,0,0,109642.9,0,0,5,PLATINUM,913,1
9288056,2812119,sdv-pii-towbl,729,Spain,Female,43,5,129309.47,2,1,0,49971.5,0,0,5,SILVER,234,3
11539110,6094020,sdv-pii-vpkqp,571,Spain,Male,50,5,127165.89,1,0,0,70761.31,0,0,1,PLATINUM,903,0
966961,15746802,sdv-pii-2ftzs,534,Spain,Female,32,3,135050.09,1,0,0,85130.89,0,0,2,PLATINUM,383,3
13494025,13315983,sdv-pii-a22xa,676,France,Male,35,4,1477.96,2,1,0,19442.54,1,1,3,DIAMOND,615,2
1447965,145548,sdv-pii-jvngw,652,Germany,Female,50,8,129969.88,3,0,0,54923.4,1,1,3,DIAMOND,765,4
209423,12735756,sdv-pii-fvq81,658,Germany,Female,47,9,127119.43,3,0,0,54740.47,1,1,4,PLATINUM,643,4
3474332,3357034,sdv-pii-bn6rv,571,France,Male,42,8,128229.07,1,0,0,32015.49,0,0,1,DIAMOND,665,2
2227648,10135355,sdv-pii-i58rg,658,Spain,Female,51,7,143378.54,1,0,1,67492.09,0,0,3,SILVER,509,3
12717905,3851057,sdv-pii-2nu6r,499,France,Female,53,2,217.55,2,1,1,102007.39,0,0,4,PLATINUM,455,3
736161,9877727,sdv-pii-l594w,562,France,Female,38,7,154883.82,1,0,1,9947.71,1,1,2,SILVER,834,4
7012232,12185704,sdv-pii-jqrjl,549,France,Female,44,4,119387.92,1,0,0,196472.71,0,0,4,PLATINUM,839,3
16012238,5242901,sdv-pii-id2xv,637,France,Female,47,5,134203.79,3,0,0,161020.26,1,1,4,PLATINUM,863,4
2450458,12651041,sdv-pii-qhdtz,727,France,Female,32,4,138926.46,2,1,0,78803.17,0,0,1,DIAMOND,302,3
7832043,6083472,sdv-pii-bme7u,752,Germany,Female,46,5,122355.82,2,1,0,172323.34,1,1,3,PLATINUM,823,4
8702517,3438058,sdv-pii-az9bl,688,France,Male,54,6,132082.96,2,0,1,11.58,1,1,5,DIAMOND,966,2
11106599,13280142,sdv-pii-5a7fl,536,Germany,Male,42,8,108526.77,1,1,0,32539.21,1,1,5,DIAMOND,884,4
16522634,2440107,sdv-pii-sdcvo,592,Germany,Female,53,6,148342.81,3,1,1,59466.32,1,1,4,GOLD,297,4
14403403,2664894,sdv-pii-dg153,610,Germany,Female,47,10,128827.79,1,1,0,26326.04,1,1,3,SILVER,421,4
73220,9385595,sdv-pii-a8w0n,575,Spain,Female,34,3,139556.27,1,0,1,145677.93,0,0,3,SILVER,420,3
1625781,10531735,sdv-pii-a6sjr,572,France,Female,52,5,111117.35,4,1,0,85332.22,1,1,1,DIAMOND,644,4
13894346,7495267,sdv-pii-zphx0,690,France,Female,32,8,111174.16,2,0,0,138431.13,1,1,2,GOLD,991,4
11848450,10334164,sdv-pii-9dx76,532,Germany,Female,33,8,130902.12,2,0,1,154124.17,0,0,5,PLATINUM,949,1
15491335,10343501,sdv-pii-62yc1,498,France,Male,58,6,0.0,4,0,0,139447.76,1,1,3,SILVER,247,2
2702017,3367,sdv-pii-mgo5i,524,Germany,Male,39,8,85404.43,1,1,1,41172.84,0,0,4,GOLD,406,1
3662360,503285,sdv-pii-v94wn,535,France,Female,36,9,99038.68,2,1,1,169308.05,1,1,4,PLATINUM,450,4
1753847,3175211,sdv-pii-l6lle,572,France,Female,34,8,0.0,2,0,0,102018.45,0,0,2,GOLD,765,3
14063469,10701574,sdv-pii-il8dx,630,France,Female,36,9,131338.78,1,1,1,52222.9,0,0,5,PLATINUM,440,3
2008374,7850911,sdv-pii-32wcw,647,France,Male,59,8,135485.58,3,0,0,66387.49,1,1,3,DIAMOND,330,2
9528457,3297018,sdv-pii-lb71v,752,France,Male,51,6,111157.15,4,1,0,103212.17,1,1,4,SILVER,844,2
4302166,1805889,sdv-pii-8b158,710,Germany,Male,41,8,163459.55,2,0,1,34634.79,1,1,3,GOLD,364,4
5897189,582489,sdv-pii-j592l,587,Spain,Female,28,2,0.0,2,1,0,149058.32,0,0,4,PLATINUM,289,3
8498384,6969266,sdv-pii-vwg0w,729,Spain,Male,45,1,1262.84,1,0,0,120173.27,0,0,3,DIAMOND,577,0
1800278,7319527,sdv-pii-5rlbz,557,Germany,Female,67,8,126288.91,1,0,0,131467.9,0,0,1,SILVER,691,1
10299817,13192460,sdv-pii-olvfp,486,Spain,Male,32,9,0.0,2,0,1,39228.19,0,0,3,PLATINUM,571,0
11368490,2869364,sdv-pii-31dma,575,France,Female,68,9,128598.42,4,0,0,146547.63,1,1,5,DIAMOND,953,4
7521910,10037228,sdv-pii-z9vwn,727,France,Male,37,9,126983.72,2,0,1,8376.94,0,0,2,SILVER,253,2
7537833,3672383,sdv-pii-5soc9,598,Spain,Female,40,3,0.0,2,0,1,31637.27,0,0,4,SILVER,511,3
2119281,12783841,sdv-pii-jap31,610,France,Female,41,8,0.0,2,0,1,50034.41,0,0,1,SILVER,965,3
6144881,1218052,sdv-pii-xiqum,620,Spain,Female,30,5,1105.43,1,1,1,44759.78,0,0,5,GOLD,854,3
2981521,1479680,sdv-pii-9ckmg,791,Germany,Female,30,4,113475.78,1,1,1,194341.47,0,0,3,SILVER,800,1
870555,11779761,sdv-pii-xdiyh,660,Spain,Female,26,8,110970.39,2,0,0,37574.99,0,0,2,PLATINUM,417,3
3160451,5279570,sdv-pii-x1i0p,677,Germany,Male,55,5,113371.17,1,1,1,67006.54,1,1,4,GOLD,456,4
16118708,2739581,sdv-pii-jf3vx,609,Spain,Female,28,8,1144.06,2,1,1,95837.92,0,0,5,DIAMOND,415,3
3005095,9455118,sdv-pii-3sv1y,707,France,Male,29,9,1203.59,2,1,0,37043.33,0,0,5,DIAMOND,529,2
6821644,10785283,sdv-pii-35nzg,801,Spain,Female,28,3,0.0,2,0,0,59797.61,0,0,5,SILVER,240,3
11728581,3868443,sdv-pii-8oihb,664,France,Female,27,1,0.0,1,0,0,8736.08,0,1,2,PLATINUM,646,3
4536720,4396566,sdv-pii-mueri,550,Spain,Female,51,8,121073.37,3,1,0,132567.44,1,1,4,SILVER,828,4
14616665,1164511,sdv-pii-35rp3,692,Germany,Female,44,10,112954.45,1,0,0,37138.05,1,1,1,PLATINUM,946,4
7960074,3452857,sdv-pii-rr82z,514,Spain,Female,24,9,106981.38,2,0,0,77513.88,0,0,3,PLATINUM,647,3
626067,8589253,sdv-pii-u4doo,840,Germany,Male,50,9,105442.88,1,1,1,17655.1,1,1,2,PLATINUM,347,4
5858606,6758664,sdv-pii-xkwp4,716,Spain,Female,37,8,191.15,2,0,1,56660.81,0,0,5,DIAMOND,889,3
2193047,3727836,sdv-pii-3wd0a,558,Spain,Female,37,9,95733.81,1,1,0,142119.41,0,0,5,PLATINUM,305,3
1562156,15584390,sdv-pii-b1a3a,730,Germany,Male,51,1,127113.66,2,1,0,161722.84,0,0,3,GOLD,368,1
6629243,13622419,sdv-pii-eswb8,571,France,Female,40,8,100538.58,1,1,1,50398.03,1,1,3,DIAMOND,889,4
12222549,16389912,sdv-pii-t80sl,588,Spain,Male,22,1,0.0,2,1,0,76914.98,0,0,1,GOLD,292,0
9477579,3848581,sdv-pii-iyurz,722,Spain,Female,52,3,90162.67,2,0,1,130875.2,1,1,3,PLATINUM,690,4
2808922,15448536,sdv-pii-fcrws,783,France,Female,55,6,107867.52,1,0,1,67689.52,0,0,4,DIAMOND,868,3
13470150,14851871,sdv-pii-66m1u,593,Spain,Female,24,9,342.01,2,1,0,52649.04,0,0,3,DIAMOND,773,3
4664861,16766780,sdv-pii-hxk0k,621,Spain,Female,35,3,0.0,2,1,0,93322.27,0,0,1,SILVER,231,3
2598137,3220371,sdv-pii-q2bpf,786,Germany,Female,27,5,121916.58,2,0,0,99672.56,0,0,3,DIAMOND,259,1
1531833,11435068,sdv-pii-d2iwt,456,Germany,Female,45,8,149894.7,2,0,0,157029.69,1,1,3,PLATINUM,737,4
7163678,5342662,sdv-pii-qhz36,582,France,Male,24,4,0.0,1,0,0,125086.0,0,0,5,DIAMOND,831,2
6139824,3238833,sdv-pii-9qycp,719,Germany,Female,39,1,116508.17,3,0,1,185763.01,1,1,3,SILVER,500,4
14563346,916803,sdv-pii-edciu,527,France,Male,39,1,122309.7,1,0,0,100050.2,1,1,4,PLATINUM,588,2
4786422,14167077,sdv-pii-cppwc,520,Spain,Male,53,5,1000.42,1,1,0,48602.04,1,1,5,PLATINUM,361,0
1517700,8421883,sdv-pii-akn75,533,France,Female,26,2,662.22,2,0,1,113267.62,0,0,5,PLATINUM,814,3
9246390,7050481,sdv-pii-q8nk4,656,Germany,Female,43,8,153606.42,4,1,0,177040.53,1,1,3,DIAMOND,453,4
13524308,16399331,sdv-pii-qx9n4,751,Germany,Male,61,3,106457.19,1,0,0,40949.75,0,0,3,DIAMOND,841,1
2045838,9733762,sdv-pii-rat77,541,Spain,Female,28,4,89509.03,1,1,0,160276.24,0,0,5,DIAMOND,559,3
6211626,1932466,sdv-pii-9z799,719,Spain,Female,33,7,155777.93,2,0,1,113688.01,0,0,4,PLATINUM,283,3
1188771,4389787,sdv-pii-qcc48,569,Spain,Female,38,5,114785.54,2,0,0,39221.17,1,1,3,DIAMOND,647,4
5507560,9981151,sdv-pii-g4fua,586,Germany,Female,45,8,76623.97,3,1,0,6511.46,1,1,4,SILVER,355,4
11791467,2697580,sdv-pii-cuqu5,569,Spain,Male,40,5,168.35,2,1,0,9424.74,0,0,5,GOLD,949,0
6886632,10012959,sdv-pii-8121x,595,France,Female,47,5,0.0,1,0,0,102429.79,0,0,5,PLATINUM,293,3
9695186,3604435,sdv-pii-gyjuy,555,Spain,Female,29,3,0.0,2,0,1,158759.67,0,0,3,PLATINUM,541,3
13601046,11178370,sdv-pii-otl9h,705,Germany,Male,29,4,118877.23,2,1,0,10840.7,0,0,3,GOLD,320,1
6479143,14622298,sdv-pii-p2m0u,662,France,Female,33,2,0.0,2,1,1,102047.75,0,0,3,SILVER,748,3
7982654,15500594,sdv-pii-zr0ql,677,France,Female,39,8,0.0,2,0,0,43511.17,0,0,5,PLATINUM,990,3
6326732,7633130,sdv-pii-cygf0,709,Spain,Female,26,6,308.87,2,0,1,9030.15,0,0,5,DIAMOND,290,3
4691141,6677956,sdv-pii-wu58c,569,Germany,Female,51,9,131363.77,1,0,0,51304.63,0,0,5,DIAMOND,791,1
9260102,14328371,sdv-pii-u54ju,542,Germany,Female,48,5,105668.49,3,0,0,86378.65,1,1,3,DIAMOND,554,4
12721332,11254983,sdv-pii-vb1gt,823,Spain,Female,24,3,0.0,2,1,1,137626.77,0,0,2,DIAMOND,424,3
7125647,12206602,sdv-pii-oyfvr,768,Germany,Female,57,7,148171.01,1,0,1,138449.73,1,1,4,PLATINUM,271,4
8298251,6443619,sdv-pii-6my9y,657,France,Male,38,4,0.0,1,1,1,94558.26,0,0,2,PLATINUM,933,2
9486091,843241,sdv-pii-s5rhn,622,Germany,Female,53,9,111662.82,1,0,0,121518.15,1,1,5,PLATINUM,377,4
1182324,10930732,sdv-pii-ebv8o,689,Spain,Male,41,10,0.0,2,1,1,59601.52,0,0,3,DIAMOND,617,0
10599551,306418,sdv-pii-snfkw,540,Germany,Female,39,8,114155.93,3,0,1,93724.73,1,1,4,SILVER,896,4
12068641,15254861,sdv-pii-n8720,660,Spain,Female,40,8,106308.73,2,1,1,65091.77,0,1,2,DIAMOND,282,3
2551909,5858953,sdv-pii-qpav3,547,Spain,Male,31,7,680.26,2,0,0,13081.7,0,0,5,DIAMOND,490,0
4247211,2750026,sdv-pii-38nn0,762,Spain,Male,50,8,1546.13,2,1,0,112839.51,1,1,3,DIAMOND,484,0
12990083,14418136,sdv-pii-aosug,530,Spain,Female,44,3,174047.37,1,0,1,156421.25,0,0,4,SILVER,610,3
11662910,3495284,sdv-pii-2s1kh,681,Spain,Male,30,9,140829.59,2,1,0,68721.49,0,0,1,DIAMOND,988,0
4592959,7230532,sdv-pii-837sn,589,France,Male,35,4,0.0,2,1,1,199992.48,0,0,4,SILVER,255,2
10449278,1029593,sdv-pii-70jis,556,Spain,Male,31,5,0.0,2,1,1,62776.33,0,0,2,SILVER,370,0
9404152,2058643,sdv-pii-a5ze8,615,Spain,Male,25,6,0.0,2,1,1,21562.25,0,0,3,GOLD,383,0
6157822,5360730,sdv-pii-bsunv,687,Spain,Female,34,9,0.0,1,0,1,4872.09,1,0,4,PLATINUM,960,3
12638231,446824,sdv-pii-zkui7,809,Spain,Male,28,8,0.0,2,0,1,176827.44,0,0,4,PLATINUM,292,0
10267441,2145544,sdv-pii-5nltk,671,Spain,Female,54,10,418.47,2,0,1,171624.48,1,1,3,DIAMOND,909,4
3439478,3038153,sdv-pii-ywq5q,570,France,Male,45,6,0.0,2,0,0,64861.33,0,0,2,PLATINUM,920,2
12649777,8259639,sdv-pii-maz7u,659,Spain,Female,30,9,0.0,2,1,0,87340.62,0,0,1,SILVER,249,3
15143133,10432795,sdv-pii-agduz,762,Spain,Male,42,5,116790.3,2,0,0,61435.33,0,0,3,DIAMOND,491,0
3562869,13202642,sdv-pii-v1ulh,552,France,Male,47,8,103047.8,2,1,1,87299.96,0,0,5,GOLD,607,2
11964,3755760,sdv-pii-cybdf,808,Spain,Male,27,5,0.0,1,0,1,67713.07,0,0,2,SILVER,639,0
7518344,4057211,sdv-pii-1x1dx,731,Spain,Female,51,6,0.0,3,1,0,192475.85,1,1,2,PLATINUM,817,4
15285161,6484850,sdv-pii-ws664,565,Spain,Male,39,7,110350.84,1,1,1,147992.11,0,0,2,DIAMOND,655,0
15377975,11966019,sdv-pii-4oduq,618,France,Male,58,10,129938.69,3,1,0,42784.14,1,1,3,PLATINUM,281,2
9870993,12827925,sdv-pii-kv2w1,616,France,Female,27,8,1754.55,2,1,1,195124.56,0,0,4,DIAMOND,783,3
13775752,175063,sdv-pii-upsyy,779,France,Male,29,4,95.85,1,1,0,158024.67,0,0,1,PLATINUM,316,2
9444706,1956483,sdv-pii-clmqm,808,Germany,Female,35,5,134453.7,2,1,0,48426.52,0,0,4,PLATINUM,958,1
10660117,1736337,sdv-pii-wd8ca,522,France,Male,37,5,151784.34,3,0,0,37725.74,1,1,5,PLATINUM,944,2
38091,14769350,sdv-pii-363tt,476,Spain,Male,29,10,115964.09,2,0,0,69152.23,0,0,3,DIAMOND,887,0
1767260,9887351,sdv-pii-4s3kb,571,France,Male,51,2,163202.74,1,1,1,114627.6,0,0,2,DIAMOND,607,2
9949508,4477890,sdv-pii-q7jsf,524,Germany,Female,36,3,121347.45,2,1,1,63646.91,0,0,3,PLATINUM,803,1
16486418,4696565,sdv-pii-y9zqh,592,Germany,Female,44,7,91377.69,1,1,1,45716.03,1,1,3,PLATINUM,574,4
2681307,15010611,sdv-pii-bxo87,516,Germany,Male,52,5,141694.57,2,0,0,46416.13,0,0,1,PLATINUM,770,1
2398787,4126619,sdv-pii-x8dyd,568,Spain,Female,40,8,115857.55,2,0,0,5232.4,0,0,1,GOLD,521,3
11452620,1505901,sdv-pii-go4xg,804,France,Female,70,7,112432.05,1,0,0,71094.36,1,1,2,DIAMOND,767,4
1754530,5315147,sdv-pii-39608,706,France,Female,44,10,95425.77,3,1,0,107082.13,1,1,4,DIAMOND,679,4
7897085,11440275,sdv-pii-qe6np,746,Spain,Male,33,5,567.12,2,1,0,141165.34,0,0,2,GOLD,237,0
3623578,3029160,sdv-pii-r3kmv,667,Germany,Male,59,9,140340.31,2,0,1,35420.77,0,0,2,DIAMOND,458,1
14185912,6204991,sdv-pii-7h3vk,584,Spain,Male,43,8,95091.94,1,0,0,63433.25,1,1,4,DIAMOND,438,0
8777878,6759251,sdv-pii-ohrli,558,France,Female,32,1,550.89,2,0,0,42877.94,0,0,5,DIAMOND,321,3
14701625,12569164,sdv-pii-4ii8q,761,France,Female,55,3,127806.3,1,1,0,112259.16,1,1,3,SILVER,866,4
16587211,8305048,sdv-pii-itxpk,607,France,Male,34,5,0.0,2,0,1,36189.92,0,0,2,PLATINUM,601,2
9011301,11858718,sdv-pii-ljpme,717,France,Male,23,3,1095.49,2,1,0,9171.41,0,0,4,DIAMOND,837,2
4238648,16774965,sdv-pii-jjerl,762,Spain,Female,26,6,0.0,2,1,0,83247.59,0,0,3,PLATINUM,826,3
14842433,608892,sdv-pii-qjc41,622,Spain,Female,29,3,1053.62,1,1,1,120864.8,0,0,5,PLATINUM,530,3
12899861,15376579,sdv-pii-boa71,610,France,Female,43,9,141.04,2,1,1,50020.19,0,0,5,PLATINUM,855,3
7562246,10262571,sdv-pii-vg216,673,Spain,Male,47,5,68168.17,1,0,0,86438.59,1,1,4,PLATINUM,276,0
11265242,9688613,sdv-pii-kgahu,476,France,Male,25,6,796.05,2,1,1,53829.0,0,0,2,SILVER,360,2
2858283,5034046,sdv-pii-lrfk1,850,France,Female,44,5,194.76,2,0,1,64986.38,0,0,4,PLATINUM,895,3
3571188,9085721,sdv-pii-7ofwj,758,Spain,Female,31,9,110897.56,2,0,0,55341.3,0,0,3,DIAMOND,398,3
2674278,6226140,sdv-pii-2mcpg,580,Spain,Male,51,4,105716.47,2,1,0,15626.14,1,0,2,GOLD,287,0
16383125,5933570,sdv-pii-mundh,676,Spain,Male,62,6,819.59,2,0,1,96427.37,1,0,3,PLATINUM,313,0
11005625,15208389,sdv-pii-4kxb8,641,Spain,Female,33,4,124370.16,1,0,0,22422.05,0,0,1,SILVER,762,3
973471,1927485,sdv-pii-wkx0l,601,France,Female,31,3,108053.71,1,1,0,47721.26,1,0,3,PLATINUM,304,3
15351564,11911262,sdv-pii-buyak,512,Germany,Female,39,2,148899.47,1,0,0,149953.22,0,0,3,DIAMOND,360,1
1617462,7477931,sdv-pii-vq51l,496,Germany,Female,40,1,120531.86,1,1,1,41205.21,0,1,2,DIAMOND,742,1
10130206,1859596,sdv-pii-yep1s,531,France,Female,36,7,110403.06,1,0,0,185182.85,0,0,3,PLATINUM,362,3
8175223,6042614,sdv-pii-dvf8k,778,Germany,Female,23,3,126821.88,2,1,0,40646.29,0,0,2,PLATINUM,865,1
12431536,9197001,sdv-pii-61gqb,587,Spain,Male,29,9,122760.65,1,1,0,131563.83,0,0,2,GOLD,719,0
15747118,11711358,sdv-pii-v98es,697,Spain,Female,38,5,703.51,3,1,0,17908.41,1,1,3,PLATINUM,603,4
5843602,358039,sdv-pii-2mvb8,513,France,Male,27,8,126.86,2,0,1,142534.7,0,0,4,PLATINUM,328,2
10656780,6049811,sdv-pii-jbcw1,584,Spain,Female,62,1,472.82,2,0,0,73125.19,0,0,4,DIAMOND,389,3
9351509,15015586,sdv-pii-fg9x3,703,France,Female,41,5,131263.98,2,1,1,115250.26,0,0,3,PLATINUM,453,3
475966,2925145,sdv-pii-rx0rg,850,France,Male,49,6,77347.31,2,1,0,50957.81,0,0,4,PLATINUM,396,2
8840807,15147235,sdv-pii-wx2ek,612,France,Male,37,5,114308.46,2,1,1,107672.2,1,1,2,PLATINUM,870,2
11694770,11899371,sdv-pii-aw4gh,579,France,Male,52,10,902.17,1,0,1,93614.49,0,1,2,PLATINUM,617,2
15817354,177818,sdv-pii-4o844,623,Spain,Female,40,10,0.0,2,0,1,66204.16,0,0,3,DIAMOND,425,3
5350700,8907363,sdv-pii-cjfmg,500,Spain,Male,26,9,115863.29,2,1,1,129118.98,0,0,5,GOLD,900,0
11516851,10544151,sdv-pii-kdpno,521,France,Male,33,10,113825.78,2,1,0,38693.49,0,0,3,PLATINUM,844,2
4287793,15925251,sdv-pii-56axx,680,Spain,Male,24,6,0.0,2,1,0,70615.37,0,0,2,SILVER,757,0
223030,15168628,sdv-pii-3q369,468,France,Male,38,2,1320.31,4,0,0,72982.07,1,1,4,DIAMOND,409,2
14627297,16235566,sdv-pii-x6chb,668,Spain,Female,33,9,143510.62,3,0,1,126674.17,1,1,1,DIAMOND,302,4
9049249,11964601,sdv-pii-x8lgl,795,France,Female,27,1,385.62,2,0,1,194634.25,0,0,3,PLATINUM,852,3
8412357,12741058,sdv-pii-6jscm,593,Spain,Female,34,8,1031.18,2,1,0,185601.33,0,0,3,DIAMOND,503,3
2689847,10472538,sdv-pii-zpvcf,696,Germany,Female,51,6,109467.63,4,0,0,123386.25,1,1,3,DIAMOND,715,4
9071261,2466717,sdv-pii-fef4u,545,Germany,Female,33,8,119595.75,1,1,0,83463.63,0,0,4,GOLD,845,1
16399651,1527546,sdv-pii-0gdme,600,Germany,Female,41,5,105242.46,2,1,1,50789.74,0,0,3,SILVER,365,1
11804438,13684250,sdv-pii-do6oa,705,Spain,Male,28,8,557.07,2,1,1,122581.59,0,0,2,DIAMOND,521,0
3306945,15728467,sdv-pii-tvtln,644,Spain,Female,32,3,0.0,2,0,1,193720.19,0,0,2,PLATINUM,713,3
2859331,5119336,sdv-pii-a48t6,478,France,Female,55,7,142032.15,1,0,0,21998.58,1,1,4,DIAMOND,823,4
3567137,1161184,sdv-pii-ddtwh,779,France,Female,49,0,0.0,2,1,0,11234.44,0,0,5,DIAMOND,615,3
12334536,8399787,sdv-pii-9vppz,549,France,Female,46,9,0.0,2,0,1,60990.08,0,0,4,GOLD,618,3
3100420,535400,sdv-pii-nu4l7,607,Germany,Male,25,5,0.0,2,0,0,39793.01,0,0,2,DIAMOND,861,1
12161185,12340053,sdv-pii-pcevs,802,Spain,Male,44,5,162.66,2,1,0,154037.96,0,0,4,DIAMOND,267,0
3907263,7006121,sdv-pii-qbnk2,717,France,Male,62,3,82606.11,3,0,0,172670.71,1,1,3,PLATINUM,507,2
5496841,211279,sdv-pii-gwwce,690,Spain,Female,40,1,99992.39,2,0,0,67404.13,0,0,5,PLATINUM,858,3
8354049,7767982,sdv-pii-w8h3a,668,Germany,Male,50,8,147580.36,3,0,1,14162.22,1,1,2,DIAMOND,914,4
968659,4641889,sdv-pii-w2nvx,612,France,Male,46,6,137813.88,1,1,0,62049.63,0,1,2,DIAMOND,611,2
2700912,15102628,sdv-pii-o7ig5,549,Spain,Female,46,9,131289.37,4,1,0,73873.47,1,1,3,DIAMOND,929,4
12540008,12928089,sdv-pii-rdd1b,779,France,Male,39,5,0.0,2,0,0,20778.54,0,0,3,PLATINUM,796,2
13797093,14996794,sdv-pii-nh06n,710,Spain,Female,56,6,103.84,1,1,1,12028.9,0,0,3,SILVER,310,3
13877924,15888291,sdv-pii-d4ij7,639,France,Female,27,5,0.0,2,1,1,108845.77,0,0,2,GOLD,970,3
8013565,3036463,sdv-pii-0vejl,640,France,Male,31,10,0.0,2,0,0,100817.02,0,0,3,PLATINUM,885,2
12431538,13419917,sdv-pii-nk43e,631,Spain,Male,33,5,125083.98,2,0,1,56820.33,0,0,3,DIAMOND,451,0
5093141,16534411,sdv-pii-s4cg7,688,Spain,Male,51,5,0.0,2,0,0,49113.69,0,0,4,PLATINUM,447,0
11013791,1950406,sdv-pii-phaao,499,France,Female,41,2,131138.8,3,1,0,11.58,1,1,2,PLATINUM,811,4
16634099,6771011,sdv-pii-szu5j,759,France,Female,23,6,133194.04,1,1,1,66443.54,0,0,5,GOLD,895,3
5394751,5636579,sdv-pii-u7hwu,677,Spain,Male,40,2,147464.06,2,1,0,42606.29,0,0,3,PLATINUM,802,0
9129942,4673734,sdv-pii-tcrj7,733,Spain,Male,28,9,0.0,2,1,1,72814.27,0,0,3,PLATINUM,253,0
14637305,10549576,sdv-pii-b7jwu,761,Spain,Male,37,8,0.0,2,1,1,57485.58,0,0,5,DIAMOND,937,0
4834748,3630072,sdv-pii-2yjvh,634,France,Female,31,9,0.0,2,1,1,187777.0,0,0,4,PLATINUM,863,3
6090060,14781999,sdv-pii-y76jd,692,France,Female,41,9,117191.82,1,1,0,37275.78,1,1,3,DIAMOND,884,4
4615701,15866192,sdv-pii-fua84,648,France,Male,61,5,109909.95,4,1,0,54310.1,1,1,2,GOLD,914,2
16185759,13578686,sdv-pii-z5kyj,607,France,Female,61,6,0.0,2,0,1,136508.65,0,0,3,PLATINUM,984,3
15911478,9312526,sdv-pii-drzl8,655,France,Male,51,10,122778.04,2,0,0,10282.69,0,1,3,PLATINUM,296,2
1488518,15323288,sdv-pii-ds9xf,569,Germany,Female,67,8,129616.47,1,0,1,118695.1,1,1,3,PLATINUM,938,4
3976790,12111822,sdv-pii-xab1g,802,Spain,Female,45,7,131517.25,1,0,1,185543.57,0,0,4,PLATINUM,309,3
8598275,15071001,sdv-pii-bndzu,611,France,Female,42,3,0.0,2,0,1,162638.63,0,0,3,DIAMOND,458,3
4318120,13475606,sdv-pii-gtyn0,625,Germany,Male,51,8,126593.49,1,0,1,17669.58,1,1,4,DIAMOND,271,4
4841300,3183386,sdv-pii-euoxs,607,Spain,Male,34,9,0.0,2,1,1,106242.02,0,0,5,GOLD,737,0
373198,9378563,sdv-pii-xxa8c,561,France,Male,43,9,0.0,2,1,1,193520.51,0,0,1,PLATINUM,758,2
15636556,6728556,sdv-pii-f97dp,699,Germany,Female,53,9,115498.93,3,0,0,160189.77,1,1,1,GOLD,263,4
4669621,4235606,sdv-pii-bwy5c,651,Spain,Female,72,5,134061.26,1,0,1,99653.63,1,1,3,DIAMOND,335,4
5960699,5368091,sdv-pii-fnerg,650,France,Female,26,5,122400.23,2,0,1,48894.63,0,0,3,DIAMOND,570,3
12265095,15666896,sdv-pii-7zour,515,Germany,Female,55,3,67841.38,1,0,0,45560.89,1,1,4,DIAMOND,816,4
4420190,182797,sdv-pii-a1pyf,795,Spain,Male,26,1,122788.62,1,1,0,70871.9,0,0,4,DIAMOND,417,0
4284428,1795759,sdv-pii-6i2dy,793,France,Female,62,3,94677.96,1,0,0,153542.7,0,0,5,PLATINUM,437,3
13285812,10474737,sdv-pii-a2uvz,577,France,Female,26,9,0.0,3,1,0,44807.59,0,0,3,PLATINUM,587,3
6665744,10775940,sdv-pii-63ni3,561,France,Female,49,8,109556.21,1,0,0,131908.38,1,1,2,GOLD,484,4
6992895,371457,sdv-pii-dnxy5,610,France,Male,35,3,0.0,2,1,1,102437.13,0,0,3,SILVER,609,2
8779113,9206390,sdv-pii-evbkl,592,France,Female,40,8,0.0,2,1,0,13059.52,0,0,3,SILVER,445,3
7702987,506359,sdv-pii-394b4,796,Spain,Male,43,5,113774.85,1,1,1,33180.51,0,0,2,DIAMOND,583,0
12033742,12072736,sdv-pii-qovco,708,Spain,Male,34,8,0.0,2,0,0,87968.83,0,0,1,PLATINUM,919,0
11404066,13011254,sdv-pii-2k1dg,712,Spain,Male,25,5,75714.09,2,1,0,168969.88,0,0,3,GOLD,938,0
13169703,9824158,sdv-pii-uf04s,849,Germany,Male,49,1,146155.77,2,1,1,63587.7,0,0,1,DIAMOND,320,1
11683430,5322937,sdv-pii-19sp3,759,Germany,Female,20,5,143592.94,1,0,0,99613.64,0,0,2,DIAMOND,310,1
6566204,15503256,sdv-pii-vtucf,635,Spain,Female,62,5,111569.94,2,0,0,55685.71,1,1,2,DIAMOND,789,4
2747255,11224349,sdv-pii-ptc29,749,Germany,Female,27,10,466.86,2,1,1,134267.83,0,0,3,GOLD,676,1
15106817,4203684,sdv-pii-v6g0h,732,Germany,Female,39,3,116140.78,2,0,0,60524.48,0,0,3,DIAMOND,618,1
3601492,1068165,sdv-pii-24kb7,718,France,Female,53,1,125597.42,2,1,1,113116.4,1,1,3,SILVER,618,4
16594038,1890164,sdv-pii-qalym,508,France,Male,32,8,0.0,1,1,0,23484.23,0,0,2,PLATINUM,814,2
13259632,10001152,sdv-pii-ijyit,585,France,Male,38,2,799.9,4,1,0,100981.24,1,1,3,PLATINUM,320,2
16739939,5874451,sdv-pii-tvnjy,669,Germany,Female,43,9,142940.04,1,0,0,88001.34,0,0,5,DIAMOND,966,1
11251882,9950526,sdv-pii-0it9n,540,Spain,Male,43,6,153103.73,3,0,0,43778.6,1,1,4,PLATINUM,446,0
12245805,5743064,sdv-pii-g6utr,544,Germany,Female,52,8,98414.63,1,0,1,45319.21,1,1,5,PLATINUM,628,4
5106922,15541754,sdv-pii-9d2bf,791,France,Male,38,5,119590.92,2,1,1,130477.94,0,0,2,GOLD,369,2
12249725,6603766,sdv-pii-tv9ib,798,Spain,Female,34,9,0.0,2,1,1,88678.29,0,0,3,SILVER,476,3
38894,10159075,sdv-pii-s2apg,509,Germany,Female,27,9,116847.18,1,1,0,164004.96,0,0,4,DIAMOND,635,1
268040,16434200,sdv-pii-z2w0h,569,France,Male,50,7,102379.24,1,0,1,24947.57,0,0,4,PLATINUM,559,2
10276683,3636841,sdv-pii-vvrx7,675,Spain,Male,40,6,108982.19,2,1,0,165349.21,0,0,1,PLATINUM,687,0
172163,14352295,sdv-pii-s7p5a,601,Germany,Female,34,2,125368.33,2,1,1,100129.75,0,0,1,PLATINUM,815,1
5117322,8059897,sdv-pii-kcwum,702,France,Male,28,5,1180.73,2,0,0,157923.59,0,0,4,GOLD,637,2
4006918,3171645,sdv-pii-4xogc,555,France,Female,44,9,160794.51,1,0,1,46511.44,1,1,2,DIAMOND,592,4
1040354,2392700,sdv-pii-9vfqh,616,Spain,Female,28,4,107015.4,2,1,1,141213.95,0,0,4,DIAMOND,366,3
16530070,16545921,sdv-pii-iuuon,530,France,Female,37,5,145441.26,2,0,1,19320.33,0,0,2,SILVER,857,3
1829467,2356878,sdv-pii-3319c,665,Germany,Female,53,3,140944.88,1,1,1,136227.06,0,0,3,SILVER,754,1
15514988,10842135,sdv-pii-asjgs,566,France,Male,51,8,121745.95,1,0,0,110402.99,1,1,4,DIAMOND,553,2
6330586,2714524,sdv-pii-x3lpe,602,Germany,Male,36,2,135305.56,4,0,1,149639.25,1,1,2,PLATINUM,302,4
14536951,642212,sdv-pii-x3igw,567,France,Male,46,7,108236.85,2,1,1,48730.28,0,0,2,PLATINUM,840,2
2232522,15866127,sdv-pii-2wr76,652,Germany,Female,43,4,0.0,2,1,0,160098.3,0,0,2,GOLD,383,1
14596225,16665541,sdv-pii-sge56,623,France,Male,34,5,0.0,2,1,1,197353.92,0,0,5,SILVER,224,2
16239965,3651446,sdv-pii-p1ss5,561,Germany,Female,33,0,0.0,2,1,0,45169.14,0,0,5,PLATINUM,584,1
5392917,3972349,sdv-pii-525wd,572,Germany,Female,33,3,120895.39,1,0,1,19586.66,1,1,5,SILVER,960,4
9422037,14260811,sdv-pii-cnzda,557,Germany,Female,51,8,133662.56,1,1,0,189805.27,1,1,3,DIAMOND,408,4
15043674,4195498,sdv-pii-ibri0,574,Germany,Male,30,7,108456.0,1,1,1,99475.56,0,0,3,GOLD,730,1
9788651,3121914,sdv-pii-u0j26,725,Spain,Male,28,2,68795.81,2,1,0,20467.33,0,0,5,GOLD,456,0
15249924,1824356,sdv-pii-z4kcq,692,Germany,Female,56,5,95781.85,1,1,0,45284.41,1,1,5,PLATINUM,637,4
12395319,4180814,sdv-pii-h6u8u,674,France,Female,61,4,141082.82,1,1,1,89930.63,1,1,2,PLATINUM,902,4
1680799,14280815,sdv-pii-eu22g,546,Germany,Male,53,1,126610.76,1,0,0,42520.02,0,0,1,DIAMOND,822,1
7154143,15816493,sdv-pii-qb05w,568,France,Female,30,6,121531.74,1,1,1,104102.33,0,0,3,DIAMOND,759,3
3646919,4076303,sdv-pii-0pkq7,588,France,Male,26,8,0.0,2,0,0,143275.46,0,0,3,SILVER,393,2
820225,8194700,sdv-pii-d39ic,563,Spain,Male,43,7,131099.34,2,0,0,117666.51,0,0,3,DIAMOND,672,0
5202723,6492787,sdv-pii-a11ns,676,France,Female,58,5,109237.07,1,1,0,120954.1,1,1,4,PLATINUM,694,4
14597942,1251318,sdv-pii-p17xa,588,Spain,Male,38,7,0.0,1,0,1,38064.97,0,0,2,PLATINUM,912,0
11019068,9576497,sdv-pii-trsfj,642,Spain,Male,27,9,93194.79,1,1,1,120135.39,0,0,3,GOLD,831,0
16570784,1169746,sdv-pii-70dsy,593,Germany,Male,45,4,112314.71,1,1,0,67262.65,0,0,4,PLATINUM,348,1
6153094,1182361,sdv-pii-ki9ey,760,Germany,Female,24,8,121603.9,2,1,1,90327.18,0,0,1,GOLD,856,1
4946885,11481491,sdv-pii-ikvy6,520,France,Male,53,2,108546.12,2,1,0,93334.44,0,0,4,GOLD,329,2
11629760,15008222,sdv-pii-j2mxf,667,Spain,Female,40,3,139167.18,2,0,1,124791.03,0,0,2,DIAMOND,838,3
1520594,13531033,sdv-pii-rofjc,795,Spain,Male,30,7,132824.48,2,0,1,192858.65,0,0,5,PLATINUM,499,0
11705802,15675196,sdv-pii-xiuoq,571,Germany,Male,45,6,121483.58,2,1,1,138615.7,1,1,4,DIAMOND,271,4
1783421,5277753,sdv-pii-sck70,648,Germany,Female,63,5,129851.07,4,1,0,193732.18,1,1,1,PLATINUM,473,4
1499743,6437670,sdv-pii-au8ay,651,France,Female,41,0,135475.11,1,0,0,48241.59,1,1,3,DIAMOND,609,4
16232930,3873834,sdv-pii-mvquj,589,France,Female,24,3,76524.08,1,1,0,6892.25,0,0,1,PLATINUM,286,3
2817839,1382807,sdv-pii-8ljr5,751,France,Male,31,9,0.0,1,1,1,71993.92,0,0,3,PLATINUM,251,2
10823109,9714882,sdv-pii-7qtv3,698,France,Female,31,1,741.2,1,0,0,142334.73,0,0,5,SILVER,446,3
4808214,7536821,sdv-pii-5osfq,565,France,Female,36,8,0.0,2,1,0,59233.39,0,0,2,PLATINUM,874,3
4085879,4009912,sdv-pii-sqhjp,684,France,Male,48,9,112032.62,1,0,0,65008.53,1,1,2,SILVER,693,2
1080254,5663292,sdv-pii-hplef,722,Germany,Female,44,8,128316.39,2,1,0,129723.52,1,1,4,PLATINUM,549,4
4136218,11413451,sdv-pii-4g3my,745,Spain,Male,30,3,870.42,2,0,0,6440.74,0,0,5,SILVER,278,0
289686,2884416,sdv-pii-7i6lf,666,Germany,Female,64,8,97181.33,1,1,1,53877.19,1,1,2,PLATINUM,797,4
1064258,15544885,sdv-pii-x769n,600,Germany,Female,60,5,61431.5,1,1,1,132692.46,0,0,1,GOLD,283,1
3480710,791808,sdv-pii-u8hoo,591,Spain,Female,27,10,1452.69,2,0,0,36164.47,0,0,3,DIAMOND,824,3
876727,9011228,sdv-pii-v3xb9,522,France,Female,58,2,121251.53,3,1,1,30610.17,1,1,4,GOLD,393,4
1103868,9787221,sdv-pii-ul6ni,612,Germany,Female,25,4,116775.13,2,1,1,39944.88,0,0,4,DIAMOND,717,1
2976685,9695403,sdv-pii-prapd,551,France,Female,30,8,138426.24,2,1,1,130266.09,0,0,4,PLATINUM,768,3
7124317,9823714,sdv-pii-v23fm,737,France,Female,47,3,129778.91,2,0,0,167750.1,1,1,2,PLATINUM,560,4
13828393,8440383,sdv-pii-fxdqt,630,Spain,Female,26,2,0.0,2,0,1,160693.78,0,0,5,SILVER,900,3
15160741,84628,sdv-pii-qn1h9,563,Germany,Male,52,3,110015.0,1,1,0,84183.08,0,0,5,DIAMOND,814,1
16311086,8662938,sdv-pii-517b6,653,France,Male,29,5,125793.39,1,1,0,45761.97,0,0,3,SILVER,566,2
9655776,4762834,sdv-pii-6wfso,675,France,Male,43,10,124958.69,2,0,0,47146.92,0,0,3,DIAMOND,288,2
5914225,13270803,sdv-pii-6ojc0,739,Germany,Female,44,1,105583.01,2,1,0,104774.93,0,0,2,PLATINUM,686,1
9920179,13633487,sdv-pii-rvjtw,568,Spain,Male,26,8,106495.73,2,1,0,104945.05,0,0,3,SILVER,894,0
11028137,750917,sdv-pii-knndv,821,Spain,Male,28,9,0.0,2,1,1,84522.99,0,0,3,GOLD,279,0
11681464,13074841,sdv-pii-d7axg,692,Spain,Female,48,2,0.0,1,1,0,68050.7,1,1,5,PLATINUM,600,4
7273179,16365926,sdv-pii-pcuc5,566,Spain,Female,36,1,0.0,2,1,0,94887.25,0,0,3,DIAMOND,307,3
1132108,7289878,sdv-pii-b0f4p,702,France,Male,30,8,0.0,2,0,0,107044.11,0,0,3,DIAMOND,410,2
8917149,16508412,sdv-pii-raret,615,France,Female,26,7,0.0,2,0,0,106959.4,0,0,4,DIAMOND,644,3
5400387,4551031,sdv-pii-xwdps,660,Germany,Male,75,5,129949.54,1,0,1,120365.89,1,1,3,PLATINUM,281,4
6454672,13446747,sdv-pii-p4aig,549,France,Female,46,9,95171.55,1,0,0,123464.62,1,1,3,GOLD,536,4
8043289,7067003,sdv-pii-0eze4,591,Spain,Male,27,2,1950.35,2,1,1,71352.63,0,0,3,DIAMOND,263,0
16192215,9730897,sdv-pii-ol2un,587,Spain,Male,46,10,81218.18,2,1,0,111009.93,0,0,2,GOLD,847,0
10018973,8861388,sdv-pii-fudin,518,Spain,Male,29,3,389.6,2,0,0,59433.13,0,0,3,DIAMOND,316,0
14824718,3835065,sdv-pii-rg3i5,543,France,Female,38,8,1118.94,2,0,0,53019.62,0,0,1,PLATINUM,769,3
15814495,6656728,sdv-pii-dr2j2,747,France,Female,32,4,0.0,2,1,1,91680.76,0,0,2,SILVER,878,3
11138322,13050904,sdv-pii-ak0ya,733,Spain,Female,27,5,0.0,2,1,1,40304.25,0,0,5,PLATINUM,291,3
11902733,10859627,sdv-pii-d1iqa,708,Spain,Female,33,6,0.0,2,1,0,171080.11,0,0,3,SILVER,322,3
12307833,3161854,sdv-pii-is5w2,584,Spain,Male,28,2,125417.35,2,1,1,71221.97,0,0,2,DIAMOND,720,0
5173115,12892273,sdv-pii-e49jm,841,France,Female,23,7,0.0,1,0,1,31276.79,1,1,2,GOLD,860,4
3334601,2898845,sdv-pii-0t5pr,547,Spain,Female,37,8,0.0,2,1,0,79521.33,0,0,5,DIAMOND,897,3
5852074,1461649,sdv-pii-muwe3,674,Germany,Female,26,6,127488.05,1,0,0,124524.27,0,0,5,DIAMOND,511,1
9954718,11831145,sdv-pii-2m1gj,554,France,Male,45,8,150371.99,4,1,0,168983.44,1,1,5,GOLD,708,2
9943989,8152760,sdv-pii-kd7u9,552,France,Female,55,8,116747.12,1,0,0,131934.11,0,0,2,PLATINUM,347,3
10947065,3495905,sdv-pii-i83ac,838,Spain,Male,28,9,131.72,2,1,0,119834.63,0,0,3,DIAMOND,681,0
3454079,3767484,sdv-pii-lqmsc,583,France,Female,46,6,124614.1,2,1,1,196235.05,1,1,2,SILVER,400,4
8888643,3673738,sdv-pii-abvdu,789,France,Male,33,8,102078.65,1,1,1,56947.3,0,0,2,SILVER,488,2
7934883,6331979,sdv-pii-jfr33,529,France,Female,55,5,77864.29,1,0,0,182037.51,0,0,3,PLATINUM,453,3
88099,4260838,sdv-pii-u1y25,548,Spain,Female,45,6,691.77,2,1,1,76436.08,0,0,1,GOLD,272,3
14410106,15855383,sdv-pii-a36ae,748,Spain,Female,22,3,0.0,2,0,1,183927.28,0,0,2,GOLD,469,3
14090768,3152550,sdv-pii-toyyu,796,France,Male,68,8,142654.11,2,0,0,1572.59,0,0,2,SILVER,683,2
1329681,4457320,sdv-pii-0rcfy,549,France,Female,63,2,129048.96,4,1,1,41016.42,1,1,4,SILVER,793,4
11451390,2061439,sdv-pii-0anvt,530,Spain,Female,29,3,556.47,2,0,1,96532.48,0,0,2,SILVER,292,3
11476781,15558080,sdv-pii-adsv4,516,Germany,Male,31,5,135183.2,1,1,0,160277.97,0,0,3,DIAMOND,585,1
8479179,5813476,sdv-pii-nl2zy,670,France,Female,28,3,0.0,1,1,0,107458.44,0,0,2,PLATINUM,899,3
7684934,13600193,sdv-pii-zqvrj,720,Germany,Male,44,2,109471.34,1,1,1,61244.4,0,0,3,PLATINUM,622,1
1026511,3753301,sdv-pii-qdqru,672,France,Female,36,1,0.0,2,0,0,91443.87,0,0,1,PLATINUM,469,3
12732227,10520316,sdv-pii-55dz3,817,Germany,Female,24,3,136815.36,2,1,1,46121.15,0,0,4,PLATINUM,765,1
1798447,13062488,sdv-pii-unj9z,704,Germany,Female,40,6,135691.81,3,1,0,71358.27,1,1,4,DIAMOND,593,4
3108389,3127602,sdv-pii-f8ctw,810,Germany,Female,44,5,112171.82,3,0,0,162947.36,1,1,5,PLATINUM,325,4
15422174,14019915,sdv-pii-b5jxj,564,Germany,Female,40,5,118049.12,2,1,1,52912.14,0,0,1,DIAMOND,350,1
14338895,10979501,sdv-pii-wbw2l,806,Spain,Male,39,3,1366.59,1,1,1,68420.5,0,0,2,PLATINUM,448,0
14294061,13736410,sdv-pii-hk4up,582,Spain,Female,38,6,0.0,2,0,0,11.58,1,1,4,PLATINUM,981,4
7315240,16191881,sdv-pii-fry0m,654,France,Male,24,3,204.52,2,1,1,136469.79,0,0,5,PLATINUM,776,2
7653986,5077131,sdv-pii-94htx,603,Germany,Female,32,3,0.0,2,0,1,139147.49,0,0,4,GOLD,819,1
109130,1021761,sdv-pii-euw2s,658,Germany,Female,22,8,126358.84,2,0,0,154233.24,0,0,3,DIAMOND,451,1
5454965,145585,sdv-pii-p2188,615,Spain,Male,31,5,806.57,2,1,0,124330.92,0,0,5,GOLD,544,0
10256091,4162539,sdv-pii-3dm2j,498,France,Male,46,8,0.0,2,0,0,19345.48,1,1,4,DIAMOND,418,2
9759484,10516559,sdv-pii-os7z4,600,Germany,Female,53,5,159587.69,3,0,1,180550.79,1,1,1,PLATINUM,464,4
5722057,2410920,sdv-pii-7y97y,593,Spain,Female,20,5,0.0,2,1,1,98979.06,0,0,4,DIAMOND,779,3
10001496,14615888,sdv-pii-7dyzb,678,Spain,Male,36,6,0.0,2,1,1,140519.45,0,0,3,SILVER,596,0
4882244,13404703,sdv-pii-22you,572,Spain,Male,39,5,92847.85,2,0,0,59171.78,0,0,3,DIAMOND,695,0
8076767,1589649,sdv-pii-ookmf,706,France,Female,55,6,102227.24,1,0,0,36572.2,0,0,3,DIAMOND,890,3
11413861,5870688,sdv-pii-u2fcf,530,France,Male,43,5,130340.1,2,1,0,108219.81,0,0,3,PLATINUM,283,2
3595995,9680565,sdv-pii-uuopu,658,Germany,Male,37,2,84464.93,2,1,0,167755.68,0,0,4,PLATINUM,365,1
3662065,12516673,sdv-pii-i5wz6,621,France,Female,32,5,141697.83,2,0,0,121832.88,0,0,3,PLATINUM,528,3
10448573,543091,sdv-pii-ujtdo,664,Germany,Female,44,8,129766.12,1,0,1,92452.62,0,0,4,PLATINUM,690,1
2143953,14494552,sdv-pii-rg24n,635,France,Male,43,9,820.02,2,0,1,45318.12,1,1,2,GOLD,610,2
13921008,5121548,sdv-pii-6kb8l,704,Spain,Female,42,6,115185.1,1,1,0,100995.11,1,1,5,PLATINUM,857,4
5053726,5603521,sdv-pii-sl20d,806,Spain,Male,57,9,130143.18,2,1,0,191931.42,0,0,3,SILVER,603,0
8718893,6540674,sdv-pii-bpxvx,485,France,Male,62,5,122797.99,1,0,1,164985.65,1,1,4,PLATINUM,855,2
9329438,8576882,sdv-pii-sou0o,734,Spain,Female,35,3,117170.75,1,0,1,107791.62,0,0,3,DIAMOND,952,3
191419,3048416,sdv-pii-3fx78,497,Spain,Female,34,9,1417.62,1,1,0,123887.37,0,0,2,DIAMOND,918,3
4806976,5488510,sdv-pii-pfchu,521,Spain,Male,24,4,531.06,2,1,0,150749.56,0,0,3,SILVER,742,0
10556634,1707374,sdv-pii-6tjc3,619,France,Female,28,1,722.56,1,1,0,55714.29,0,0,5,GOLD,281,3
5033865,6188810,sdv-pii-za0ac,607,Spain,Male,26,8,77354.29,2,1,0,150154.64,0,0,5,DIAMOND,270,0
1492519,7242126,sdv-pii-nalxj,758,France,Female,36,5,93483.63,3,0,1,56211.46,1,1,2,PLATINUM,604,4
8473309,10514536,sdv-pii-vgqg8,549,Germany,Female,47,1,109119.9,1,1,0,108068.85,0,0,1,DIAMOND,871,1
16099731,10417944,sdv-pii-ehgs0,551,Germany,Female,64,9,104632.22,2,0,1,52029.13,1,1,1,PLATINUM,320,4
232056,1352265,sdv-pii-twh3u,599,Spain,Male,33,5,16.13,2,1,0,25613.31,0,0,5,DIAMOND,797,0
7703257,14138139,sdv-pii-yl90e,570,Germany,Female,37,9,138626.57,1,1,0,99735.59,1,1,3,DIAMOND,539,4
15104910,12708549,sdv-pii-1qde9,474,France,Female,29,4,120248.58,2,0,1,37402.36,0,0,3,DIAMOND,665,3
7270866,13503295,sdv-pii-33lyx,769,Spain,Female,24,9,116235.3,2,1,1,95878.3,0,0,5,GOLD,372,3
9114909,209847,sdv-pii-qcuv9,580,Germany,Female,65,5,132054.05,1,1,0,82571.91,1,1,4,DIAMOND,568,4
7059285,10316330,sdv-pii-h1j2e,844,Spain,Female,29,4,408.36,1,0,1,140504.12,0,0,3,SILVER,738,3
10031832,12406991,sdv-pii-tsbwk,532,Spain,Female,25,9,102989.86,1,1,1,123095.32,0,0,3,DIAMOND,851,3
7813170,8150512,sdv-pii-7b2ak,730,Spain,Male,28,5,0.0,2,1,1,9051.81,0,0,3,PLATINUM,313,0
14724928,2660996,sdv-pii-6dre6,712,Spain,Female,45,2,108768.8,2,1,0,44270.47,0,0,4,SILVER,302,3
8208025,16533473,sdv-pii-mg65n,653,France,Female,65,8,0.0,2,1,0,138252.22,0,0,4,DIAMOND,446,3
11577850,8971072,sdv-pii-l0j9d,591,France,Female,49,8,731.47,2,0,0,104965.84,1,0,3,PLATINUM,893,4
9059965,5743850,sdv-pii-y6byn,536,Spain,Female,48,8,649.44,2,1,0,53097.21,1,1,2,PLATINUM,854,4
13137298,15412640,sdv-pii-vr6ii,707,France,Male,57,6,161552.73,3,0,0,76881.05,1,1,4,DIAMOND,381,2
8554824,7748479,sdv-pii-j2a6n,672,France,Male,42,8,121738.38,3,0,0,8249.62,1,1,4,GOLD,465,2
14268678,16458559,sdv-pii-n2483,810,Spain,Female,34,8,126007.34,2,0,0,152465.31,0,0,5,PLATINUM,442,3
16539047,7739678,sdv-pii-9jmuw,639,Spain,Male,24,0,0.0,2,1,1,125577.64,0,0,3,DIAMOND,553,0
16648597,1680608,sdv-pii-88z94,631,France,Male,33,6,310.93,2,0,0,33584.15,0,0,3,DIAMOND,868,2
2603800,11110773,sdv-pii-wfher,676,Germany,Male,35,6,114162.47,2,1,0,18328.47,0,0,2,DIAMOND,816,1
16324992,13355518,sdv-pii-xcmlz,658,Germany,Male,33,1,119375.02,1,0,0,189148.72,1,1,3,DIAMOND,561,4
2832349,2354280,sdv-pii-118cg,521,Germany,Female,62,5,131881.43,1,1,0,77882.66,0,1,2,PLATINUM,907,1
2147988,4301761,sdv-pii-gxbz5,665,France,Male,40,2,0.0,2,0,1,66221.35,0,0,3,PLATINUM,613,2
11822194,16259788,sdv-pii-dlbht,495,Spain,Female,61,10,0.0,2,1,0,121572.11,0,0,5,SILVER,473,3
15502848,2809303,sdv-pii-r17c1,706,France,Female,36,9,105498.11,1,1,0,141938.34,0,0,1,SILVER,622,3
12232543,9779101,sdv-pii-q4i3j,555,France,Male,45,3,0.0,2,0,0,93004.0,1,1,3,SILVER,895,2
8553258,6947818,sdv-pii-ok9xr,690,Spain,Female,25,6,0.0,2,0,0,91055.81,0,0,2,PLATINUM,873,3
8049383,84471,sdv-pii-61tpv,795,Spain,Male,33,8,126775.14,1,1,1,124483.71,0,0,2,DIAMOND,284,0
8986987,11240438,sdv-pii-m7vjm,752,Germany,Male,32,3,108912.87,2,1,0,62228.88,0,0,2,PLATINUM,590,1
11590197,8943454,sdv-pii-o8r7k,570,France,Female,30,9,0.0,2,0,0,176341.65,0,0,1,PLATINUM,637,3
8951421,958979,sdv-pii-fqxcs,753,France,Male,67,10,128834.05,2,1,1,33104.92,1,1,3,SILVER,327,2
5163173,14270597,sdv-pii-bilx7,589,Spain,Male,22,4,0.0,2,0,0,198889.7,0,0,3,DIAMOND,263,0
2407210,15484004,sdv-pii-puewo,721,France,Female,41,3,79102.53,1,1,0,91336.78,1,0,5,PLATINUM,815,3
6008472,215698,sdv-pii-2gppv,802,Germany,Female,47,5,84923.07,2,1,0,30545.79,0,0,2,DIAMOND,501,1
15051131,12899689,sdv-pii-ae1hr,762,France,Female,52,3,121664.93,2,1,0,75955.41,0,0,1,PLATINUM,915,3
10914637,736175,sdv-pii-z1nkn,646,Spain,Male,59,8,100144.72,1,0,0,63600.04,0,0,2,SILVER,249,0
10154212,5735315,sdv-pii-5wsby,722,Spain,Female,47,6,123332.56,1,0,1,15151.9,1,1,4,PLATINUM,945,4
16462161,6669578,sdv-pii-g41ay,576,Germany,Female,37,8,120481.93,3,0,0,51900.66,1,1,2,DIAMOND,470,4
3822946,6562251,sdv-pii-qotw6,655,Spain,Male,55,2,618.04,2,0,0,67938.2,0,0,5,PLATINUM,914,0
15864954,13324898,sdv-pii-nue4c,661,Germany,Female,30,5,0.0,2,1,0,159173.79,0,0,3,PLATINUM,473,1
6887675,11192780,sdv-pii-pujts,705,Germany,Male,31,10,105899.94,2,0,1,46352.64,0,0,3,GOLD,725,1
1124904,1377691,sdv-pii-yipbf,649,Germany,Female,39,3,104894.01,1,0,1,42834.56,1,1,5,DIAMOND,428,4
13613675,7874003,sdv-pii-s21aa,562,France,Female,49,5,133315.97,3,0,1,170301.67,1,1,4,PLATINUM,856,4
6572326,13889899,sdv-pii-izu8f,695,Spain,Female,33,9,0.0,2,1,0,10039.36,0,0,1,PLATINUM,626,3
8510493,15904491,sdv-pii-rg1y1,684,Spain,Female,62,1,0.0,2,0,1,194651.36,0,0,5,PLATINUM,943,3
15371119,1322032,sdv-pii-5hmq9,591,France,Male,45,1,130471.25,2,1,0,80720.99,0,0,4,SILVER,255,2
16689461,12921171,sdv-pii-r1fv1,681,France,Male,30,5,116481.13,1,1,0,64156.51,0,0,3,SILVER,654,2
14117138,13269277,sdv-pii-34f7t,683,Spain,Female,56,3,131330.5,1,1,0,100129.72,0,0,4,PLATINUM,533,3
3931720,12408785,sdv-pii-fnw6n,776,France,Female,34,9,0.0,2,1,1,182264.15,0,0,3,PLATINUM,309,3
8154969,13210174,sdv-pii-q031f,639,France,Male,48,10,0.0,4,0,0,19889.25,1,1,3,GOLD,269,2
5172940,14906102,sdv-pii-n5arn,588,France,Male,43,8,1074.28,1,0,0,35847.63,0,0,5,DIAMOND,596,2
5222238,9041587,sdv-pii-qox8l,624,France,Female,43,10,139220.89,1,0,0,19081.23,1,1,5,PLATINUM,411,4
2300771,10221217,sdv-pii-oqwop,625,Spain,Male,34,8,0.0,1,0,0,41613.74,0,0,3,PLATINUM,469,0
10193001,525244,sdv-pii-jlxor,576,Germany,Male,46,6,114507.42,1,0,1,136780.01,0,0,2,DIAMOND,615,1
4157093,11018157,sdv-pii-6crpx,799,Spain,Male,28,8,0.0,2,1,0,90878.53,0,0,1,GOLD,955,0
16549102,9497572,sdv-pii-q1a1f,513,France,Male,69,5,114111.51,1,0,0,18167.78,1,1,5,GOLD,680,2
13846573,6998714,sdv-pii-tmvo6,684,Germany,Male,30,5,106537.23,2,1,0,45113.43,0,0,3,PLATINUM,466,1
2528355,7300089,sdv-pii-tuf5q,731,Spain,Female,45,7,1597.96,2,1,0,53117.49,1,1,5,DIAMOND,477,4
1242169,4521389,sdv-pii-pfa61,657,Spain,Female,38,10,0.0,2,1,0,53372.89,0,0,4,SILVER,992,3
3810586,14353647,sdv-pii-y8791,671,Spain,Female,61,7,195.68,2,0,0,24827.56,0,1,3,PLATINUM,346,3
13237068,1167116,sdv-pii-qnrv5,633,Germany,Male,32,6,97428.82,1,0,1,116999.69,0,0,1,SILVER,359,1
8185356,10898548,sdv-pii-zvlqo,539,Germany,Male,41,8,131625.31,2,1,0,138070.81,0,0,3,DIAMOND,291,1
6660260,6089620,sdv-pii-d28ay,710,Germany,Male,40,8,80787.39,2,1,0,53571.57,0,0,3,PLATINUM,295,1
2471431,5659486,sdv-pii-i2xd7,633,France,Male,39,9,0.0,2,0,0,111327.29,0,0,3,GOLD,893,2
1322806,8740091,sdv-pii-t0za8,665,Spain,Male,39,8,111724.96,2,1,1,162632.77,0,0,2,SILVER,862,0
12436000,14732124,sdv-pii-7nksh,671,Spain,Male,36,1,139562.57,2,0,0,146096.92,0,0,1,DIAMOND,533,0
5331700,4042385,sdv-pii-vfziq,600,Spain,Male,20,8,0.0,2,1,0,101366.05,0,0,3,DIAMOND,322,0
8200376,1659856,sdv-pii-s9c1v,813,France,Female,39,5,0.0,2,0,0,57062.06,0,0,5,DIAMOND,842,3
15528034,7567340,sdv-pii-7xhea,723,France,Female,33,4,0.0,2,0,0,55666.3,0,0,2,DIAMOND,637,3
13431847,4075579,sdv-pii-5zlmc,635,Spain,Male,28,4,106557.23,1,0,0,27163.57,0,0,3,DIAMOND,773,0
959330,5465468,sdv-pii-42gqj,795,Germany,Female,27,10,105952.14,2,0,1,34122.5,0,0,3,SILVER,571,1
2850920,8841466,sdv-pii-er1py,740,Germany,Female,32,9,102957.92,1,0,1,72778.13,1,1,2,SILVER,507,4
2696427,6813646,sdv-pii-fce1k,505,Spain,Male,46,5,131927.53,3,1,0,192914.96,1,1,4,PLATINUM,660,0
10028653,16228731,sdv-pii-akzze,850,France,Female,38,1,0.0,2,0,1,57413.85,0,0,3,PLATINUM,391,3
1259802,15838277,sdv-pii-m0ey9,495,Spain,Male,34,1,88869.52,1,0,0,123243.71,0,0,2,SILVER,516,0
519965,6627028,sdv-pii-m3c6l,769,Germany,Female,53,8,122802.39,1,1,0,70768.82,0,0,2,GOLD,352,1
16428793,1675344,sdv-pii-159cv,595,Spain,Male,24,8,595.65,2,0,1,121214.77,0,0,5,PLATINUM,841,0
6180349,2375969,sdv-pii-b5lsf,700,France,Male,47,9,125984.19,1,1,0,98136.66,1,1,5,PLATINUM,957,2
5439185,11948706,sdv-pii-mrq08,577,Spain,Female,30,8,134877.04,1,0,0,130629.88,0,0,3,GOLD,980,3
14980474,880664,sdv-pii-lcazg,733,Spain,Female,29,6,0.0,2,0,1,149416.54,0,0,2,GOLD,828,3
300293,8529763,sdv-pii-buzjb,678,Spain,Female,25,10,0.0,2,1,1,123579.77,0,0,5,DIAMOND,597,3
9455722,12636464,sdv-pii-3cqkk,801,Spain,Female,24,8,150.43,2,1,1,93969.77,0,0,2,PLATINUM,820,3
11711040,13722890,sdv-pii-xnopw,700,Spain,Female,34,2,419.15,2,0,1,140069.28,0,0,5,PLATINUM,767,3
15356996,6895724,sdv-pii-c90ah,603,Spain,Male,42,9,112064.22,2,1,0,65179.18,0,0,5,PLATINUM,558,0
14328041,3514073,sdv-pii-fffka,525,Germany,Female,37,3,112693.92,1,0,1,191072.91,0,0,5,GOLD,853,1
9677865,743849,sdv-pii-lauho,753,Spain,Female,24,1,0.0,2,0,1,117793.98,0,0,1,SILVER,384,3
216576,4686513,sdv-pii-glt8n,705,Germany,Female,48,8,135275.02,2,1,0,125544.44,0,0,3,DIAMOND,474,1
8303877,1238539,sdv-pii-xki7b,766,France,Female,23,5,123674.14,1,1,1,121180.06,0,0,3,PLATINUM,882,3
6267743,12358389,sdv-pii-27qcu,609,France,Female,32,9,130635.01,1,1,0,139526.1,0,1,3,PLATINUM,477,3
4787519,7488597,sdv-pii-c3wre,555,France,Female,33,7,1601.1,2,0,1,97576.89,0,0,3,PLATINUM,484,3
15095179,11372807,sdv-pii-glupx,517,Germany,Female,43,9,96201.77,2,0,0,105768.21,1,1,3,DIAMOND,451,4
5484302,11013395,sdv-pii-7mm1g,681,Spain,Male,61,3,0.0,2,1,0,47858.4,0,0,3,DIAMOND,885,0
8700686,16672133,sdv-pii-3rn2i,514,Germany,Female,51,8,123161.46,1,0,0,21411.05,1,1,5,DIAMOND,673,4
469773,16031707,sdv-pii-rk61q,557,Spain,Female,29,5,0.0,2,0,1,77627.08,0,0,3,SILVER,732,3
15898749,389188,sdv-pii-jdqjc,682,Spain,Female,34,3,0.0,2,0,1,40434.45,0,0,3,PLATINUM,317,3
6972858,667790,sdv-pii-4oxef,850,Spain,Female,29,5,0.0,2,1,0,56670.13,0,0,4,GOLD,372,3
8567971,1119257,sdv-pii-thnbw,633,France,Female,29,2,143425.68,2,1,1,82358.25,0,0,3,PLATINUM,294,3
3066752,8494639,sdv-pii-1a2bv,610,France,Male,33,1,0.0,2,1,1,59956.38,1,1,2,PLATINUM,396,2
10841649,10069299,sdv-pii-qjngh,706,Spain,Female,42,5,129751.63,1,1,1,188412.65,1,1,3,DIAMOND,937,4
12620969,1168097,sdv-pii-z6xr3,541,Spain,Male,27,5,123022.61,1,0,0,20972.61,0,0,4,SILVER,839,0
6503535,2138150,sdv-pii-1s0my,592,Spain,Male,32,6,856.11,2,1,1,83087.1,0,0,5,PLATINUM,284,0
7627753,16399492,sdv-pii-rk7ay,605,Spain,Female,31,4,0.0,2,1,1,42802.17,0,0,2,DIAMOND,308,3
8808485,7064145,sdv-pii-mg07l,592,Spain,Male,35,8,0.0,2,0,1,97676.58,0,0,3,GOLD,825,0
8045011,4205178,sdv-pii-bhy23,841,Germany,Male,39,1,99997.13,2,0,1,57736.7,0,0,3,DIAMOND,814,1
13332033,1846481,sdv-pii-4t77v,620,France,Female,41,3,115764.05,1,0,0,28905.47,1,1,2,DIAMOND,834,4
9667904,8420476,sdv-pii-xdkrm,850,Spain,Male,35,5,0.0,2,1,0,109553.57,0,0,3,SILVER,266,0
6760772,13203345,sdv-pii-uvoep,574,Spain,Female,31,8,0.0,2,0,1,144756.01,0,0,2,SILVER,277,3
14663980,15150784,sdv-pii-x3ak0,585,Spain,Male,39,8,147423.77,2,1,1,88898.4,0,0,2,PLATINUM,389,0
5771712,4989478,sdv-pii-1bmgw,643,Spain,Male,51,7,0.0,2,1,1,67614.11,0,0,2,SILVER,694,0
8902998,7831713,sdv-pii-vtvq1,649,Spain,Male,26,7,0.0,2,0,1,23493.93,0,0,5,PLATINUM,835,0
16534113,12697550,sdv-pii-0ixkq,581,Germany,Male,42,2,115256.81,1,0,0,122637.88,1,1,5,SILVER,307,4
3917417,10960066,sdv-pii-1zvqm,732,Spain,Male,44,8,111293.19,2,0,0,48552.99,0,0,3,DIAMOND,295,0
2864290,10882696,sdv-pii-vwudq,634,France,Female,34,5,117449.55,2,1,0,141987.99,0,0,3,GOLD,744,3
11371942,8793136,sdv-pii-9bmxi,618,France,Female,46,6,113524.99,4,0,0,18944.78,1,1,4,DIAMOND,284,4
15496903,4991521,sdv-pii-ewe4u,546,France,Male,49,2,43.42,2,1,1,116936.99,0,0,3,PLATINUM,317,2
1060814,6578188,sdv-pii-rltms,609,Spain,Female,24,8,4.43,2,1,0,147349.76,0,0,3,PLATINUM,422,3
12629166,8512835,sdv-pii-do4f0,539,Spain,Male,38,9,114444.18,2,0,0,121044.24,0,0,3,GOLD,549,0
4933595,3221268,sdv-pii-1ft3f,765,Germany,Female,39,2,0.0,2,1,1,194141.36,0,0,2,DIAMOND,323,1
622644,11403779,sdv-pii-3wnv7,619,France,Female,37,2,175.87,3,1,1,149961.05,1,1,2,DIAMOND,730,4
3782281,7953929,sdv-pii-vv4y6,491,Germany,Female,38,0,109622.63,1,1,0,155798.89,0,0,3,DIAMOND,704,1
5255933,3989202,sdv-pii-0prvg,590,Germany,Female,56,8,134617.59,1,1,0,104354.21,0,0,4,DIAMOND,1000,1
12878907,4547899,sdv-pii-heoaq,740,Germany,Male,58,3,139952.66,1,0,1,76555.86,1,0,1,PLATINUM,895,1
5942047,12491842,sdv-pii-67x7j,606,France,Female,24,6,0.0,2,0,1,91650.14,0,0,3,DIAMOND,793,3
1314810,1180604,sdv-pii-p0ct3,719,France,Female,22,3,100833.1,1,1,0,184358.27,0,1,3,DIAMOND,897,4
15248181,9913128,sdv-pii-mbjz7,571,France,Male,32,6,1283.68,4,1,0,416.95,1,1,4,DIAMOND,281,2
41697,2575074,sdv-pii-63puc,798,Spain,Female,39,5,449.61,2,1,1,150774.2,0,0,4,PLATINUM,941,3
7649303,10181120,sdv-pii-4ix8p,682,Germany,Female,51,8,101269.92,2,0,0,64307.08,1,1,4,SILVER,790,4
16089110,15793288,sdv-pii-orhhg,606,France,Male,26,7,0.0,1,1,0,76802.6,0,0,3,GOLD,403,2
15599407,1339530,sdv-pii-8hqna,624,France,Female,38,5,140500.78,2,0,0,181220.22,0,0,1,PLATINUM,663,3
8417326,13446286,sdv-pii-9m1h6,739,France,Male,28,9,773.72,2,1,1,63071.53,0,0,3,DIAMOND,447,2
11153020,1038269,sdv-pii-al7h5,691,Spain,Female,31,8,134829.26,1,1,1,158599.87,0,0,3,DIAMOND,513,3
13315903,15557352,sdv-pii-38y57,712,Spain,Female,32,6,114098.51,2,1,1,38908.78,0,0,5,GOLD,840,3
7165390,7458828,sdv-pii-t9cku,670,France,Female,39,8,95787.12,1,1,0,108663.8,1,1,3,PLATINUM,423,4
5654054,6270824,sdv-pii-93je4,531,Spain,Female,49,9,121057.21,2,0,0,43591.87,0,0,3,DIAMOND,898,3
3188630,316334,sdv-pii-mxbfz,478,Germany,Female,63,5,145438.22,1,0,0,110215.17,1,1,1,DIAMOND,448,4
1506310,6003616,sdv-pii-svrzu,761,Spain,Male,56,3,112299.97,1,0,0,114929.41,0,0,3,DIAMOND,860,0
16188716,14945197,sdv-pii-ev7oc,601,Spain,Female,61,5,81630.44,2,0,0,105825.38,0,0,2,GOLD,417,3
7231707,14875853,sdv-pii-iy0kx,700,Germany,Female,27,5,104993.11,2,1,1,127250.31,0,0,3,DIAMOND,292,1
14657233,13424484,sdv-pii-hfdfg,604,France,Male,47,5,115671.36,1,1,1,82888.65,0,0,3,GOLD,598,2
13888267,7903199,sdv-pii-3o4cy,453,Germany,Male,46,5,106282.65,2,1,0,22158.31,1,1,3,PLATINUM,1000,4
1758105,16088940,sdv-pii-xhxtk,681,France,Female,39,8,1666.21,1,1,0,112454.73,1,1,3,DIAMOND,699,4
15493092,14053065,sdv-pii-5ol8w,571,Germany,Female,45,8,114556.87,2,1,1,68982.87,1,1,3,PLATINUM,831,4
12459381,1585292,sdv-pii-836pj,818,France,Female,26,3,119991.3,3,1,0,37007.02,1,1,1,PLATINUM,558,4
1252592,6959440,sdv-pii-dea63,561,France,Female,55,2,113615.92,2,0,0,84882.31,1,1,3,DIAMOND,331,4
4133857,5345111,sdv-pii-9qh43,598,Spain,Female,40,4,113557.17,2,1,0,119654.33,0,0,4,DIAMOND,286,3
11442823,1594305,sdv-pii-9jedk,620,Spain,Male,31,3,0.0,2,0,1,44396.56,0,0,3,GOLD,777,0
9509145,9698054,sdv-pii-ccnze,573,Spain,Male,33,2,0.0,2,1,1,46049.56,0,0,3,PLATINUM,396,0
16006578,10317595,sdv-pii-q8kw3,740,France,Female,48,1,115247.5,2,1,0,137597.44,0,1,3,DIAMOND,620,4
10853230,13242552,sdv-pii-c37fa,761,Germany,Male,32,8,136646.74,1,1,0,199992.48,1,0,3,DIAMOND,839,1
5081122,2510420,sdv-pii-hg4ou,508,Germany,Female,49,3,590.29,2,1,0,45032.27,0,0,4,DIAMOND,517,1
8760648,11788341,sdv-pii-egrxi,473,Spain,Female,55,9,112802.73,1,1,1,129343.35,0,0,5,PLATINUM,674,3
4370006,4787049,sdv-pii-wgakv,797,Spain,Male,33,5,0.0,2,0,0,111333.02,0,0,2,DIAMOND,740,0
2145801,4390262,sdv-pii-e5cpu,642,France,Male,44,5,0.0,1,1,1,59936.32,0,0,2,DIAMOND,555,2
2725184,1611678,sdv-pii-sh124,789,France,Female,47,1,0.0,2,0,1,169869.96,0,0,4,PLATINUM,957,3
11769837,15490105,sdv-pii-k2egs,540,Germany,Female,33,8,106535.62,4,0,1,62237.49,1,1,1,DIAMOND,745,4
1895034,12164733,sdv-pii-u13yx,759,Germany,Female,35,8,0.0,2,1,0,143818.04,0,0,4,GOLD,260,1
5965672,8693330,sdv-pii-o6ar0,779,France,Female,42,5,95425.09,1,0,0,162276.91,1,1,3,DIAMOND,754,4
4460808,16736342,sdv-pii-zxctg,625,Spain,Female,34,8,139591.06,2,1,0,74916.1,0,0,4,PLATINUM,881,3
6547538,11946017,sdv-pii-o68vk,589,Spain,Male,48,6,121824.33,1,0,0,186386.84,0,0,1,DIAMOND,705,0
8319858,9423281,sdv-pii-pxrc0,691,Spain,Male,53,0,118663.26,1,0,0,57947.18,0,0,1,DIAMOND,381,0
1146432,8792976,sdv-pii-be7r7,487,Germany,Female,40,8,101113.85,1,0,0,25110.61,0,1,4,PLATINUM,642,4
11075,13770998,sdv-pii-921t0,534,France,Female,54,8,0.0,2,1,1,59426.74,0,0,4,SILVER,781,3
4301110,15450417,sdv-pii-9hdbd,571,France,Female,42,1,191.88,2,1,1,176133.54,0,0,3,PLATINUM,374,3
8433370,11535558,sdv-pii-sgllg,701,Spain,Female,35,8,100687.39,1,0,1,199992.48,0,0,2,PLATINUM,641,3
13392026,6283259,sdv-pii-cuubk,669,France,Female,60,5,0.0,1,0,0,162322.48,1,1,5,PLATINUM,390,4
4104041,10477153,sdv-pii-fzmjb,788,Spain,Female,57,8,117366.32,1,1,0,58589.57,0,0,3,PLATINUM,499,3
15102719,4653509,sdv-pii-cacgs,739,France,Female,65,8,133883.52,1,0,1,85569.85,0,0,4,GOLD,496,3
8712215,16097569,sdv-pii-w76u5,777,France,Male,35,5,130070.86,1,1,0,167189.89,0,0,3,DIAMOND,770,2
6166497,5126381,sdv-pii-1xlh5,824,France,Female,24,8,0.0,2,1,1,48263.64,0,0,3,DIAMOND,433,3
6812077,6922648,sdv-pii-k1ru3,525,France,Female,27,7,0.0,2,1,0,49253.54,0,0,3,PLATINUM,370,3
6429039,6968078,sdv-pii-uzddy,741,France,Female,41,3,0.0,2,1,1,147473.27,0,0,5,GOLD,332,3
11455670,12791377,sdv-pii-zumwo,786,Spain,Female,24,5,0.0,2,0,1,34870.78,0,0,3,GOLD,229,3
167462,14342978,sdv-pii-e2um4,549,France,Female,45,4,0.0,3,0,0,143921.01,1,1,1,PLATINUM,849,4
13231,9342056,sdv-pii-pbp30,590,France,Male,28,3,116425.66,1,1,1,83004.31,0,0,3,DIAMOND,593,2
15501441,15978275,sdv-pii-biaz7,521,Germany,Male,36,6,119980.24,1,0,0,145334.33,0,0,1,PLATINUM,917,1
5141817,13473070,sdv-pii-oljxt,759,Germany,Female,39,8,148689.31,1,1,1,157278.32,0,1,1,SILVER,926,1
16764585,2057009,sdv-pii-y2ais,790,Spain,Male,45,8,93176.9,1,1,1,142913.12,0,0,2,SILVER,716,0
12380171,4521808,sdv-pii-8221h,529,Germany,Female,42,7,118110.06,2,0,0,109814.78,1,1,3,GOLD,566,4
1360030,11659728,sdv-pii-fod8c,739,Germany,Female,65,8,97335.9,1,1,0,61526.56,1,1,4,PLATINUM,445,4
1398339,1707328,sdv-pii-1b1ai,572,France,Female,36,8,0.0,2,1,1,116935.2,0,0,3,DIAMOND,284,3
10593065,10160714,sdv-pii-gayw3,655,France,Male,38,2,0.0,2,0,1,54431.06,0,0,3,GOLD,557,2
10881957,13698098,sdv-pii-89019,677,France,Female,35,9,0.0,2,1,0,11686.7,0,0,5,PLATINUM,360,3
722113,10758627,sdv-pii-zicls,669,Germany,Male,57,6,138164.46,2,1,0,105467.7,0,0,1,SILVER,859,1
13421393,3300849,sdv-pii-hunry,568,Spain,Female,54,2,142843.46,3,1,1,69691.86,1,1,1,DIAMOND,271,4
6741835,535103,sdv-pii-vrfns,608,France,Male,32,3,0.0,2,1,0,95926.6,0,0,1,GOLD,307,2
4745386,1797517,sdv-pii-iq9mb,689,France,Female,60,6,98.14,1,0,0,184914.48,1,1,5,SILVER,510,4
10415064,3973477,sdv-pii-rj0q9,713,Spain,Female,34,4,0.0,2,1,1,71093.45,0,0,3,PLATINUM,841,3
9392999,14829228,sdv-pii-p34yo,572,France,Male,48,6,132366.17,3,0,0,42532.31,1,1,3,PLATINUM,299,2
15847646,10401001,sdv-pii-05k0m,802,France,Female,53,3,0.0,1,1,0,58472.78,1,1,3,PLATINUM,274,4
15121074,6418323,sdv-pii-l5yve,705,France,Female,57,8,147.99,1,0,1,102687.67,0,0,4,SILVER,954,3
8003047,8997975,sdv-pii-fageh,654,France,Female,26,4,164003.87,1,1,0,133321.24,0,0,3,DIAMOND,956,3
14705555,6582283,sdv-pii-9gu34,651,Spain,Female,27,8,621.17,2,1,1,49237.9,0,0,3,PLATINUM,292,3
7189886,6113865,sdv-pii-91u0v,560,Germany,Female,41,7,134562.34,1,1,1,100461.69,1,1,3,DIAMOND,483,4
13796053,7817375,sdv-pii-4gfbb,702,France,Female,26,2,0.0,1,0,1,44691.97,0,0,1,GOLD,451,3
14933916,7624716,sdv-pii-lxoxw,783,France,Male,37,5,50598.88,1,0,1,155406.27,0,0,1,PLATINUM,673,2
12751059,8178378,sdv-pii-yqph3,796,France,Male,30,5,124421.25,2,0,1,127971.8,0,0,2,SILVER,769,2
15356121,9346929,sdv-pii-ki42s,511,France,Male,44,10,122847.85,1,0,0,73861.26,1,1,4,DIAMOND,282,2
1524143,8376948,sdv-pii-2fmgf,531,Spain,Female,29,9,130153.42,1,1,0,125657.26,0,0,3,DIAMOND,934,3
11950005,14542905,sdv-pii-zd8ds,471,Spain,Male,45,0,148695.19,2,0,0,142461.7,0,0,4,PLATINUM,290,0
15633375,4706386,sdv-pii-8eioe,582,Germany,Female,43,8,123480.0,1,1,0,89545.48,0,0,1,DIAMOND,608,1
10606877,6846778,sdv-pii-6w5ps,590,France,Male,56,8,110006.28,1,1,0,50124.38,0,0,5,DIAMOND,799,2
8940862,1969029,sdv-pii-b4vs9,510,France,Female,58,6,133512.63,1,1,1,55428.97,1,1,2,PLATINUM,795,4
14020905,8841778,sdv-pii-mviko,645,France,Female,47,3,97994.95,2,0,0,126712.95,1,0,5,GOLD,301,4
7323656,1369093,sdv-pii-h2qwb,636,Spain,Female,30,1,166299.26,1,0,0,28351.27,0,0,3,PLATINUM,933,3
12270232,12947923,sdv-pii-cuv47,846,Germany,Female,38,6,118199.81,3,1,0,47849.95,1,1,1,PLATINUM,800,4
9580234,10888122,sdv-pii-1fm0w,813,Germany,Male,46,5,115807.89,2,1,0,69888.87,0,0,4,DIAMOND,563,1
10695613,13019283,sdv-pii-n89ig,622,Spain,Male,58,4,108686.98,1,0,1,102779.64,1,0,2,PLATINUM,334,0
11582475,1922770,sdv-pii-cs82m,508,Spain,Male,54,5,113856.37,2,1,0,102476.68,0,0,2,GOLD,888,0
7838615,5847160,sdv-pii-xtsri,541,Germany,Female,35,5,102179.01,2,0,1,91672.31,0,0,3,GOLD,742,1
4378497,14465420,sdv-pii-pl6a5,693,Germany,Female,61,8,124370.19,1,1,1,44194.89,1,1,5,SILVER,327,4
8562605,3521619,sdv-pii-v46nh,760,France,Female,34,10,133499.36,1,1,0,134375.16,0,0,5,PLATINUM,697,3
3549645,8704907,sdv-pii-5or0l,678,France,Female,59,2,109569.92,1,1,0,84346.43,1,1,5,GOLD,406,4
6938403,13959335,sdv-pii-mnn21,701,Spain,Male,31,1,171720.13,2,1,0,187849.6,0,0,3,SILVER,423,0
5767945,8854310,sdv-pii-zunud,575,France,Female,66,8,129870.28,1,1,0,112087.29,0,0,1,GOLD,604,3
13829424,9062900,sdv-pii-93foj,665,Germany,Female,67,1,114423.02,1,0,1,81183.03,0,0,2,SILVER,976,1
13831017,10899339,sdv-pii-rhiau,574,Spain,Female,26,8,99310.31,2,0,0,129788.29,0,0,3,DIAMOND,938,3
6467519,4787049,sdv-pii-s7bpo,719,Spain,Male,34,1,0.0,2,1,1,156553.85,0,0,5,SILVER,402,0
5243732,16404509,sdv-pii-lrxwj,850,Germany,Female,25,10,107171.67,2,0,0,171963.71,0,0,5,PLATINUM,858,1
15613965,8752704,sdv-pii-bffht,580,France,Female,46,8,83453.1,1,0,1,59897.06,1,1,1,PLATINUM,873,4
7946503,12142845,sdv-pii-zt3y3,810,France,Male,19,1,131115.32,2,1,1,6036.45,0,0,4,DIAMOND,855,2
3111140,4209002,sdv-pii-x8gxe,598,Spain,Female,33,7,496.05,1,0,0,78639.81,0,0,2,DIAMOND,625,3
3734277,15087637,sdv-pii-pc8u3,785,France,Female,27,2,138591.05,2,1,0,97923.29,0,0,4,DIAMOND,820,3
6990952,474273,sdv-pii-0yn49,583,France,Female,39,9,118300.18,2,1,0,56122.88,0,0,2,DIAMOND,551,3
1982388,4714598,sdv-pii-7ytl6,670,Spain,Female,41,5,924.82,1,1,0,122712.15,1,0,4,DIAMOND,292,3
3772623,6716977,sdv-pii-lajhv,608,Spain,Female,24,7,0.0,2,1,0,156319.75,0,0,2,GOLD,534,3
2548142,13950992,sdv-pii-4mua4,630,France,Male,56,5,105636.74,2,0,1,3762.29,0,0,4,GOLD,700,2
12430704,10980163,sdv-pii-pcae8,787,Spain,Female,25,3,140125.46,1,0,0,190890.71,0,0,3,PLATINUM,698,3
14562778,16755300,sdv-pii-0oxej,850,France,Female,31,3,0.0,1,1,0,151073.4,1,1,2,SILVER,424,4
9324650,12129355,sdv-pii-f0wuc,737,Germany,Female,41,5,0.0,2,1,1,87154.77,0,0,3,SILVER,288,1
1711232,13284485,sdv-pii-04qlz,811,France,Female,34,0,105646.97,1,1,1,127752.67,1,1,4,PLATINUM,528,4
10095785,11303479,sdv-pii-icbpg,580,France,Male,60,2,0.0,2,1,0,70364.46,1,0,5,PLATINUM,306,2
6943926,10644592,sdv-pii-qc3h1,511,France,Male,42,7,0.0,2,0,1,21954.95,0,0,3,SILVER,858,2
5855114,2926053,sdv-pii-st70c,535,Germany,Male,62,9,108382.94,2,0,0,18494.7,0,0,3,PLATINUM,228,1
15483383,7116727,sdv-pii-m6y2v,689,France,Male,35,6,0.0,2,0,0,53496.56,0,0,2,SILVER,596,2
3691116,15054567,sdv-pii-hnp4h,479,Spain,Male,24,7,1184.06,1,0,0,177444.1,0,0,1,PLATINUM,623,0
11938992,7716305,sdv-pii-dj2iq,571,Spain,Male,49,5,506.54,2,1,1,126485.62,0,0,2,PLATINUM,889,0
5833037,4932863,sdv-pii-v9i4q,658,Spain,Male,24,5,103238.97,1,0,0,26472.27,1,1,5,PLATINUM,961,0
2530553,12571660,sdv-pii-nsl66,622,Spain,Female,58,5,479.65,2,1,1,109310.78,0,0,2,PLATINUM,820,3
6285386,12138575,sdv-pii-6290x,777,Spain,Female,33,3,5.01,2,0,1,165029.2,0,0,3,DIAMOND,836,3
7819914,15260731,sdv-pii-z8bez,810,France,Female,41,8,48.31,3,1,0,50300.54,1,1,2,GOLD,844,4
15019155,11498503,sdv-pii-2r9v2,690,Spain,Male,40,3,0.0,2,1,1,45494.71,0,0,2,GOLD,437,0
15062428,12564947,sdv-pii-8icfg,572,Spain,Female,35,1,102312.45,2,1,0,41491.7,0,0,2,GOLD,319,3
13211650,15985575,sdv-pii-yjxeh,838,France,Male,43,5,151007.26,2,1,0,142426.4,0,0,4,DIAMOND,773,2
13200643,7775844,sdv-pii-1qhie,758,Spain,Female,23,8,109651.74,1,0,0,40251.28,0,0,3,PLATINUM,408,3
9747220,744495,sdv-pii-37393,715,Germany,Female,70,1,133609.04,1,0,0,153802.9,1,1,5,PLATINUM,576,4
6551138,6207801,sdv-pii-mw9pt,576,France,Female,76,5,356.15,2,0,1,98873.29,0,0,3,GOLD,962,3
9437598,15446318,sdv-pii-t8qji,601,France,Male,59,9,114299.04,1,0,1,11.58,1,1,1,DIAMOND,344,2
9926647,15440476,sdv-pii-gngrv,638,Spain,Male,35,4,103111.8,2,1,0,82657.74,0,0,3,GOLD,245,0
12212134,872197,sdv-pii-divrv,540,France,Female,52,9,116195.44,2,0,1,195147.96,0,0,3,DIAMOND,306,3
2923678,3940311,sdv-pii-3gtd5,599,Spain,Female,46,1,2539.92,2,1,0,59322.74,0,0,3,PLATINUM,569,3
6767649,12719277,sdv-pii-reqgu,647,Spain,Female,25,10,138989.21,1,0,0,68034.64,1,1,5,SILVER,636,4
5694267,15603185,sdv-pii-trp9s,808,Germany,Female,43,2,136099.88,1,1,0,32694.36,1,1,4,DIAMOND,334,4
10019214,6072105,sdv-pii-pwzlf,537,Germany,Male,56,2,143592.46,1,1,0,156291.63,1,1,4,SILVER,549,4
10452190,6057401,sdv-pii-d7jsc,797,Spain,Female,37,8,154278.94,1,1,0,148250.69,0,0,2,DIAMOND,583,3
678160,6229520,sdv-pii-i1xld,586,Spain,Male,38,2,0.0,1,0,0,126105.08,0,0,1,PLATINUM,341,0
11823776,5330557,sdv-pii-z21vy,766,Spain,Female,35,6,116871.61,1,0,0,63287.08,1,1,1,PLATINUM,423,4
4192763,16301485,sdv-pii-awcg8,573,Spain,Female,32,8,138859.9,1,0,1,14747.06,0,0,4,PLATINUM,830,3
7673530,103862,sdv-pii-iurm1,680,France,Male,42,7,112327.74,1,1,0,59909.06,1,1,3,DIAMOND,512,2
13307143,14093936,sdv-pii-mgcad,822,France,Male,44,2,133940.84,3,0,0,108866.56,1,1,3,GOLD,506,2
9662103,14475272,sdv-pii-6mbks,545,Spain,Female,41,8,117550.14,2,1,1,146975.08,1,1,5,GOLD,315,4
1744051,1524499,sdv-pii-5g0fe,593,Spain,Male,29,6,0.0,1,1,0,31414.76,0,0,2,PLATINUM,588,0
8309528,3167353,sdv-pii-jbi4z,783,Spain,Female,45,10,107620.45,1,1,1,99986.2,0,0,5,DIAMOND,794,3
11243146,9827898,sdv-pii-yv6un,622,Spain,Female,28,9,0.0,2,1,1,198731.97,0,0,2,SILVER,809,3
9326866,6054429,sdv-pii-ufrj2,488,France,Female,21,4,299.62,1,1,0,78120.08,0,0,3,DIAMOND,381,3
1365349,11747383,sdv-pii-2k3us,727,Spain,Male,30,6,0.0,2,1,0,74001.91,0,0,1,PLATINUM,345,0
7078081,1848925,sdv-pii-azw3v,817,Germany,Male,43,9,126476.14,1,1,0,96087.68,1,1,3,GOLD,588,4
7976830,6834545,sdv-pii-087k1,498,Germany,Female,40,6,125426.28,1,1,0,14255.67,0,0,1,PLATINUM,531,1
7246850,13232291,sdv-pii-5ckz8,614,France,Female,31,9,92959.16,2,1,1,7938.55,0,0,5,SILVER,258,3
240292,8062362,sdv-pii-2quwi,461,Spain,Male,55,5,87761.83,2,1,1,77974.27,1,1,4,PLATINUM,366,0
9727133,16179829,sdv-pii-ra8bl,682,Spain,Male,39,9,106767.24,1,0,0,135739.02,0,0,5,GOLD,715,0
6998226,13226125,sdv-pii-ndomy,697,France,Male,55,5,0.0,2,0,0,172881.21,0,0,2,DIAMOND,636,2
15126697,7577151,sdv-pii-h68lh,570,France,Female,55,2,122986.19,3,1,0,12893.56,1,1,5,GOLD,386,4
10041836,14790077,sdv-pii-mh5l4,589,France,Female,52,4,0.0,2,0,1,195080.42,0,0,3,GOLD,403,3
11114316,318969,sdv-pii-bu7j1,761,Germany,Female,21,7,1074.13,2,1,1,84183.63,0,0,3,PLATINUM,383,1
8762385,9548879,sdv-pii-u6dnq,535,Spain,Male,54,5,0.0,2,0,1,66608.44,0,0,3,DIAMOND,528,0
13833524,16194995,sdv-pii-dhaxw,663,Spain,Male,33,3,131444.67,1,0,0,160792.3,0,0,4,DIAMOND,848,0
3379751,7021896,sdv-pii-7pfmq,750,Germany,Female,60,8,150886.5,3,0,0,59581.16,1,1,4,GOLD,877,4
16538287,16557578,sdv-pii-xxsum,573,France,Male,49,8,120821.09,3,0,0,160532.65,1,1,4,PLATINUM,622,2
8424463,282451,sdv-pii-n1oak,797,France,Male,50,9,0.0,2,1,1,182066.17,0,0,3,SILVER,528,2
2143134,13483020,sdv-pii-2nku4,541,Germany,Female,42,4,102178.57,3,0,0,158841.32,1,1,3,SILVER,710,4
12751460,3433835,sdv-pii-a636d,849,France,Male,40,5,972.71,2,1,0,180759.43,0,0,5,GOLD,752,2
5092757,6152461,sdv-pii-seh4l,583,Spain,Male,34,1,85539.52,2,0,1,66716.65,0,0,4,PLATINUM,368,0
13141737,9627117,sdv-pii-byky9,560,Germany,Female,24,9,150.6,2,1,0,68265.2,0,0,2,PLATINUM,488,1
12002753,5021300,sdv-pii-ghg2m,850,France,Male,48,6,129860.8,4,1,0,52451.39,1,1,3,PLATINUM,507,2
5784526,13683071,sdv-pii-ky9jz,657,Germany,Female,49,8,119445.06,3,0,0,67049.13,1,1,4,SILVER,392,4
15482361,3271944,sdv-pii-1pbpu,587,Germany,Female,33,8,136760.58,2,1,0,146671.6,0,0,2,PLATINUM,782,1
4930297,16071210,sdv-pii-xkv3h,824,France,Male,39,9,139174.8,2,1,0,63010.55,1,1,2,DIAMOND,276,2
2796794,9714620,sdv-pii-cjv73,633,Spain,Female,24,9,196.63,2,1,1,184539.63,0,0,3,PLATINUM,746,3
5375535,16374580,sdv-pii-rdqb8,613,Spain,Female,29,9,0.0,1,0,0,142373.94,0,0,3,SILVER,857,3
7487933,12214121,sdv-pii-giv7v,580,France,Male,50,1,127909.71,2,1,1,64135.56,0,0,3,DIAMOND,708,2
7725478,2236946,sdv-pii-u36pg,519,France,Female,55,5,138999.26,1,1,1,75891.14,1,1,2,GOLD,410,4
2359062,6635868,sdv-pii-dmvq6,589,Spain,Female,27,9,0.0,2,1,1,60377.77,0,0,3,PLATINUM,261,3
2810322,11846913,sdv-pii-8v2ur,763,Spain,Female,23,7,238.36,1,1,0,82449.1,0,0,4,DIAMOND,488,3
13060584,8834422,sdv-pii-xg3bg,662,Germany,Female,26,8,122985.78,1,1,1,63267.09,0,0,3,PLATINUM,633,1
16481300,2696023,sdv-pii-7i2l1,446,Spain,Female,46,2,112344.19,1,0,0,78532.67,1,1,4,DIAMOND,336,4
14340233,464525,sdv-pii-p0ggk,544,France,Female,44,6,139260.37,4,0,0,103819.89,1,1,2,GOLD,297,4
1429290,11206001,sdv-pii-fzx2s,489,Germany,Female,34,5,128593.36,2,1,1,59691.0,1,0,3,DIAMOND,725,1
10938737,14700678,sdv-pii-iy5s1,710,Germany,Female,42,3,155810.5,1,1,0,52791.32,0,0,1,DIAMOND,704,1
14807731,5031653,sdv-pii-wf1ab,607,Spain,Male,31,8,0.0,2,0,1,100302.33,0,0,1,GOLD,309,0
5371103,11830248,sdv-pii-2s0e1,666,Spain,Female,67,9,196.44,2,1,1,53972.93,0,0,1,SILVER,289,3
8514935,2749056,sdv-pii-ij8bn,487,Germany,Female,56,10,113331.66,2,0,0,89325.27,1,1,5,PLATINUM,852,4
9966650,6826129,sdv-pii-ncil4,776,Spain,Female,29,8,99278.51,2,1,1,91292.37,0,0,4,GOLD,600,3
12262803,15849423,sdv-pii-n5tha,724,Germany,Female,31,4,98095.27,1,0,0,149288.87,0,0,4,GOLD,727,1
11281363,14139423,sdv-pii-infir,671,Germany,Female,47,3,94937.48,1,0,1,180724.63,0,0,4,SILVER,403,1
1198893,5856894,sdv-pii-gg2mb,632,Spain,Female,50,5,130409.82,1,0,1,196510.53,0,0,2,PLATINUM,298,3
1167806,10252107,sdv-pii-0qzkp,850,France,Female,61,8,114530.18,2,0,0,122394.18,0,0,3,DIAMOND,682,3
14802642,3329129,sdv-pii-5e7wo,660,Germany,Male,26,1,0.0,2,1,1,50391.22,0,0,5,SILVER,403,1
16209126,3622193,sdv-pii-5dgnk,616,Germany,Male,42,3,118844.92,1,1,0,163245.75,1,0,4,PLATINUM,502,1
13062721,10354676,sdv-pii-20hld,686,Germany,Female,70,3,103666.32,3,0,0,60801.34,1,1,2,SILVER,785,4
1798120,12822226,sdv-pii-8yepq,605,France,Female,50,5,1231.7,2,1,0,195842.89,0,0,1,GOLD,667,3
7774931,12907487,sdv-pii-31iyf,541,Spain,Male,28,9,899.05,2,1,0,56798.14,0,0,5,DIAMOND,608,0
14801044,1208813,sdv-pii-q8yoc,500,Spain,Male,28,7,0.0,2,0,1,13995.97,0,0,5,GOLD,818,0
9000625,16489673,sdv-pii-rmt93,597,Germany,Female,28,1,109153.44,2,0,1,31993.13,0,0,4,SILVER,614,1
12656609,11516828,sdv-pii-aki7x,517,France,Female,34,10,137228.18,1,0,0,125711.77,1,1,4,PLATINUM,609,4
10686733,868079,sdv-pii-1i8vp,527,France,Female,36,7,1014.26,1,0,1,49210.12,1,1,2,PLATINUM,309,4
15970264,3675493,sdv-pii-0slq7,645,France,Female,63,3,93976.84,1,1,0,89350.56,1,1,5,PLATINUM,935,4
11309995,6660378,sdv-pii-58ber,636,Spain,Female,33,6,0.0,2,0,0,107327.33,0,0,5,GOLD,624,3
10368172,14937204,sdv-pii-wf2m9,693,Spain,Female,27,8,920.58,2,0,1,110947.19,0,0,5,GOLD,286,3
5125761,12768650,sdv-pii-5g5wr,792,France,Female,25,9,149425.19,2,1,1,54519.03,0,0,3,DIAMOND,766,3
3297350,13540542,sdv-pii-g97kt,446,Spain,Female,25,6,777.64,2,0,1,147809.61,0,0,2,DIAMOND,815,3
14542078,10212527,sdv-pii-xnsd1,711,Spain,Female,33,2,70100.14,1,1,0,81061.48,0,0,2,PLATINUM,548,3
4137586,16364230,sdv-pii-zt8cx,779,Spain,Female,27,9,111415.13,1,1,0,146750.82,0,0,3,DIAMOND,363,3
8482244,292547,sdv-pii-dxcq6,669,Germany,Female,54,8,148010.63,3,1,1,114923.22,1,1,3,DIAMOND,620,4
14771992,11890426,sdv-pii-6duxx,545,Spain,Female,36,8,126338.46,1,1,1,89798.34,0,0,4,SILVER,903,3
5470095,6494768,sdv-pii-etdqg,692,Spain,Female,38,1,0.0,1,0,1,32315.7,0,0,4,GOLD,506,3
3008439,12404486,sdv-pii-u0vqr,775,France,Male,42,6,143712.08,1,1,0,25041.4,1,1,5,PLATINUM,981,2
6854013,8918202,sdv-pii-dtkii,661,Germany,Male,49,8,100859.35,1,0,0,64619.84,1,1,4,PLATINUM,297,4
14305221,11736946,sdv-pii-nl7er,796,France,Female,62,6,0.0,1,0,0,105502.15,0,0,3,PLATINUM,571,3
9157381,4413429,sdv-pii-iixo3,566,Spain,Male,35,8,95193.55,1,0,0,82051.08,0,0,3,DIAMOND,595,0
5929393,14345933,sdv-pii-kppsl,639,Spain,Male,59,10,103251.74,1,1,0,138827.71,0,1,3,DIAMOND,393,0
4015002,5411925,sdv-pii-la8qx,573,Spain,Female,41,1,121001.61,1,0,1,77608.84,1,0,3,PLATINUM,665,3
3263912,5433167,sdv-pii-kw699,747,Germany,Female,52,1,149333.37,1,1,1,141161.35,0,0,2,DIAMOND,431,1
7846179,15433081,sdv-pii-q4sqq,583,Spain,Male,59,9,0.0,1,0,1,44860.04,0,0,2,SILVER,421,0
3792170,13997515,sdv-pii-oomms,571,Spain,Male,49,5,148943.75,1,0,0,62175.28,0,0,1,PLATINUM,529,0
798211,6135815,sdv-pii-rorek,766,France,Female,46,6,129667.37,2,0,0,29457.47,1,1,5,GOLD,815,4
13269742,9478119,sdv-pii-1gg8i,659,France,Male,35,5,144782.66,1,0,1,64472.99,0,0,2,DIAMOND,451,2
12199769,6589399,sdv-pii-qwh6j,489,Spain,Female,73,2,117537.75,1,1,0,121474.82,1,1,5,DIAMOND,547,4
12099801,5515857,sdv-pii-2j5jk,670,France,Female,27,6,117475.44,1,1,0,31237.98,0,0,4,PLATINUM,266,3
5998171,8180836,sdv-pii-i7ly0,627,Spain,Male,26,5,0.0,1,0,0,8954.61,0,0,5,DIAMOND,302,0
2513659,409832,sdv-pii-km4u7,730,France,Female,34,10,141332.23,2,0,1,188007.75,0,0,3,PLATINUM,796,3
2945680,297130,sdv-pii-loq4c,622,Germany,Male,42,8,132529.78,1,1,0,49339.25,0,0,1,DIAMOND,596,1
2967653,14895968,sdv-pii-svx6c,531,Spain,Female,40,9,119591.83,1,0,0,81987.47,0,0,2,PLATINUM,527,3
5331194,7109631,sdv-pii-6ku06,738,France,Male,29,9,159729.9,2,0,0,11957.45,0,0,3,PLATINUM,930,2
9933300,8927156,sdv-pii-k437h,594,France,Female,37,8,104680.13,1,0,0,107250.49,0,0,4,DIAMOND,501,3
1961686,11771280,sdv-pii-ncwv9,601,Germany,Male,38,5,0.0,1,1,0,115666.36,0,0,4,PLATINUM,375,1
13652114,11927947,sdv-pii-6p68d,623,Spain,Male,21,8,205.64,2,1,1,54984.94,0,0,2,SILVER,409,0
4708248,10085715,sdv-pii-egi8b,729,France,Male,42,9,0.0,2,1,0,99216.23,0,0,2,SILVER,440,2
10596166,10058223,sdv-pii-0dpa4,523,Germany,Female,54,8,598.78,3,1,0,131281.55,1,1,4,DIAMOND,389,4
6116537,1679772,sdv-pii-apn6n,563,Spain,Male,32,8,0.0,2,1,0,140788.41,0,0,3,SILVER,291,0
3693139,12323380,sdv-pii-zk0io,725,Spain,Female,30,7,289.53,2,1,0,61582.46,0,0,2,DIAMOND,605,3
2244287,12176515,sdv-pii-2v8wg,769,Germany,Female,45,5,101418.41,1,1,0,133581.99,0,0,2,GOLD,593,1
11970986,3200417,sdv-pii-dayq1,549,Spain,Female,56,5,111001.48,1,0,0,105530.41,1,1,5,PLATINUM,476,4
335085,11051272,sdv-pii-62lgx,716,Spain,Female,30,1,118997.03,2,0,0,34150.46,0,0,4,DIAMOND,514,3
5973161,8589763,sdv-pii-qc5sq,774,France,Male,40,5,128893.97,1,1,0,143894.55,0,0,2,DIAMOND,269,2
15963301,8839975,sdv-pii-bq4y4,574,Germany,Female,51,3,116195.05,1,1,0,130171.97,0,0,2,SILVER,801,1
15256331,12381885,sdv-pii-39fe8,796,France,Female,29,2,0.0,2,1,1,111726.11,0,0,3,GOLD,316,3
3570761,8883323,sdv-pii-hxi7b,731,France,Female,41,7,789.03,2,1,0,17471.02,0,0,2,SILVER,357,3
2701107,1776992,sdv-pii-f52u6,572,Germany,Male,35,5,65.92,2,0,0,94237.32,0,0,4,DIAMOND,400,1
10507672,13419129,sdv-pii-gjpaj,677,France,Male,23,8,0.0,2,0,0,149330.45,0,0,3,PLATINUM,831,2
1297215,9890427,sdv-pii-aw8r5,753,Spain,Female,26,8,0.0,2,0,1,150719.55,0,0,5,PLATINUM,974,3
8197134,7557072,sdv-pii-0gx9l,461,Germany,Male,49,8,125100.34,1,0,0,130869.31,1,1,3,SILVER,560,4
14001931,11068133,sdv-pii-zn07e,634,Germany,Female,50,10,122871.69,2,1,1,184144.4,0,0,5,DIAMOND,825,1
14829830,12820054,sdv-pii-lxo30,515,Germany,Female,36,8,122863.1,2,1,1,104322.28,0,0,1,PLATINUM,274,1
10333777,12646499,sdv-pii-ci66a,718,France,Male,38,9,117292.48,1,1,0,114033.72,1,1,1,DIAMOND,543,2
3844532,11620706,sdv-pii-hvl53,752,Germany,Male,52,1,140129.52,1,1,0,63258.99,1,1,5,PLATINUM,413,4
12918851,1362825,sdv-pii-dkrw9,677,Germany,Male,42,8,92662.52,1,1,0,84863.62,0,0,4,GOLD,418,1
7459901,9781425,sdv-pii-2zz3s,684,Germany,Male,25,2,0.0,2,0,0,35719.03,0,0,3,DIAMOND,532,1
1540801,8815256,sdv-pii-m49l8,577,Spain,Female,49,8,127668.49,2,1,0,110232.06,0,0,3,GOLD,294,3
2965439,14117561,sdv-pii-j88m2,556,France,Female,59,8,111610.4,3,0,0,140022.68,1,1,1,PLATINUM,423,4
4936769,14921345,sdv-pii-v2oda,706,Spain,Male,35,5,0.0,2,1,0,95270.51,0,0,2,PLATINUM,773,0
3786578,15310544,sdv-pii-dsp6t,548,Spain,Female,31,9,163.88,2,1,0,136446.84,0,0,2,PLATINUM,863,3
6153898,12076710,sdv-pii-mg1jl,497,Germany,Female,61,9,120456.38,1,0,1,186294.34,0,0,4,PLATINUM,451,1
11932970,12491052,sdv-pii-f7084,790,Spain,Female,53,8,118289.11,2,1,1,41668.36,0,0,4,DIAMOND,467,3
6945285,8681449,sdv-pii-i2gkj,621,Germany,Male,32,10,100969.95,2,0,0,91398.76,0,0,1,DIAMOND,999,1
4996112,11064080,sdv-pii-8gsze,611,France,Female,29,8,211.34,2,1,0,72731.93,0,0,4,PLATINUM,377,3
608930,3447221,sdv-pii-fu5zy,551,France,Male,32,4,0.0,2,1,0,96042.97,0,0,2,PLATINUM,351,2
11007872,15898479,sdv-pii-p030e,611,Spain,Male,37,6,146266.1,1,0,1,46594.24,0,0,4,GOLD,776,0
10609382,16656967,sdv-pii-k72qy,546,Spain,Female,25,3,0.0,2,1,1,128024.84,0,0,2,PLATINUM,642,3
3354429,14567146,sdv-pii-yvgmr,644,Spain,Female,65,9,1126.45,2,1,1,97607.33,0,0,4,DIAMOND,785,3
15466116,7009098,sdv-pii-hm7ke,492,Germany,Female,50,6,150393.58,4,0,0,193221.94,1,1,1,DIAMOND,403,4
9388303,12131635,sdv-pii-hkpy7,556,Germany,Female,48,7,120764.15,1,0,0,118157.49,1,1,2,SILVER,756,4
6919786,12583906,sdv-pii-haydu,837,France,Male,47,8,112087.81,1,1,0,26200.26,1,1,3,SILVER,839,2
7188704,16560364,sdv-pii-cygft,670,Spain,Male,31,5,120204.37,1,0,0,89503.27,0,0,3,PLATINUM,839,0
5003776,8154400,sdv-pii-vpu77,533,Germany,Female,47,9,146602.15,1,1,0,80028.44,1,1,4,PLATINUM,705,4
11957256,11574783,sdv-pii-nweuy,534,France,Female,38,1,121591.53,1,0,0,184708.05,0,0,1,DIAMOND,479,3
11144233,9060292,sdv-pii-yj838,539,France,Female,38,8,151932.79,3,0,0,178657.59,1,1,5,PLATINUM,671,4
9653486,10719658,sdv-pii-izww0,665,France,Female,36,8,0.0,3,1,1,22502.02,1,1,5,SILVER,411,4
6413552,4508142,sdv-pii-sx5ez,668,Germany,Female,41,8,119316.86,1,1,1,97942.38,0,0,1,GOLD,448,1
9678706,7753643,sdv-pii-8s5pe,690,Germany,Male,38,5,92555.6,1,1,0,16563.98,1,1,5,GOLD,493,4
12973025,4482913,sdv-pii-s6cek,768,Germany,Male,26,8,120651.05,1,0,0,77796.46,0,0,4,DIAMOND,623,1
5930875,14946455,sdv-pii-7nxbb,690,Germany,Female,38,5,168085.5,1,0,1,177801.51,0,0,3,PLATINUM,427,1
9601766,3679516,sdv-pii-4cw0x,850,Spain,Female,36,5,0.0,2,1,1,42420.33,0,0,3,GOLD,540,3
11486832,5872663,sdv-pii-g167x,645,France,Female,62,1,811.5,1,0,1,55567.22,0,1,3,DIAMOND,868,3
11267819,329538,sdv-pii-ue7hu,790,Germany,Female,47,9,0.0,1,0,1,110788.45,1,1,3,PLATINUM,303,4
3746891,759424,sdv-pii-ewwh0,667,Germany,Female,40,8,109930.03,1,0,0,44131.53,1,1,5,PLATINUM,933,4
6412912,8020220,sdv-pii-nv5ne,777,Spain,Female,31,2,0.0,2,1,0,23914.99,0,0,3,SILVER,758,3
7562125,12379244,sdv-pii-349pr,555,Spain,Female,31,5,0.0,1,1,0,173140.5,0,0,2,DIAMOND,454,3
2317024,10190613,sdv-pii-99p10,605,France,Male,26,9,91519.96,2,1,0,8280.68,1,1,5,GOLD,421,2
4631965,1058654,sdv-pii-oznm2,639,France,Male,42,5,0.0,2,1,0,32378.85,0,0,2,PLATINUM,834,2
9780993,12321397,sdv-pii-piu9h,518,Spain,Male,28,3,8.03,2,1,0,65160.81,0,0,3,PLATINUM,920,0
12002586,1370765,sdv-pii-vbt2t,749,Spain,Male,46,9,109295.74,2,1,0,63795.31,0,0,3,GOLD,575,0
1595357,4626929,sdv-pii-ajo04,698,Spain,Male,30,9,122722.39,1,1,0,188004.1,0,1,5,DIAMOND,745,0
11583293,9708284,sdv-pii-3wnjm,650,Spain,Female,69,8,0.0,2,1,0,81808.49,0,0,4,PLATINUM,597,3
9626445,2174897,sdv-pii-35vni,666,Germany,Female,57,8,146631.54,3,0,0,18091.86,1,1,1,SILVER,346,4
512530,15641921,sdv-pii-p1yna,645,France,Female,63,6,90564.19,1,0,0,116156.35,1,1,1,DIAMOND,382,4
4486154,15858878,sdv-pii-wgbug,830,France,Male,32,9,0.0,2,1,0,57434.75,0,0,5,PLATINUM,542,2
11514604,12740002,sdv-pii-tizbm,689,Germany,Female,45,1,129284.09,2,0,1,179580.55,1,1,3,SILVER,796,4
2313652,11581781,sdv-pii-mntyi,771,Germany,Female,40,5,112317.55,2,1,0,173690.42,0,0,2,DIAMOND,649,1
10057652,2904731,sdv-pii-zfsgi,724,Spain,Male,28,3,94646.82,2,0,1,145994.6,0,0,3,SILVER,611,0
4001197,5661691,sdv-pii-9vv9b,654,Spain,Male,32,6,109909.63,1,1,0,78596.21,0,0,5,DIAMOND,363,0
4121793,2960561,sdv-pii-wpo3y,590,Germany,Male,38,5,150871.69,2,1,0,109639.34,0,0,3,DIAMOND,559,1
9769430,4701916,sdv-pii-s2ybh,750,France,Male,36,1,141714.74,1,1,0,9426.21,0,0,5,GOLD,614,2
11129956,829801,sdv-pii-7mw30,554,Germany,Female,34,6,132095.55,1,0,0,116199.88,1,0,5,PLATINUM,946,4
14561097,2226792,sdv-pii-vxcfj,713,Spain,Male,31,6,809.17,2,1,1,40075.68,0,0,2,GOLD,943,0
413560,1104818,sdv-pii-kyscl,572,France,Female,71,1,128668.96,4,0,1,66697.64,1,1,5,PLATINUM,467,4
9250371,140987,sdv-pii-stxd6,774,Spain,Male,34,4,91953.76,2,1,0,130235.43,0,0,3,DIAMOND,709,0
13096744,11733885,sdv-pii-o04zl,787,France,Male,26,5,0.0,2,0,1,81844.37,0,0,2,PLATINUM,404,2
15302892,4436936,sdv-pii-89wx6,599,Germany,Female,40,9,130709.95,1,0,0,7447.93,1,1,1,GOLD,961,4
15547169,2431922,sdv-pii-05i11,483,Germany,Female,57,6,122439.31,1,0,0,148542.87,1,1,3,DIAMOND,544,4
9415143,3837254,sdv-pii-p4vw4,696,Germany,Female,55,3,117324.26,1,1,0,115312.94,0,0,3,DIAMOND,898,1
5370211,3432950,sdv-pii-prt00,649,Germany,Female,37,1,36.4,2,0,0,132963.58,0,0,5,PLATINUM,558,1
3075419,9361314,sdv-pii-p7wbn,731,Spain,Male,27,5,91245.29,2,1,1,37643.61,0,0,2,DIAMOND,891,0
1562593,3875778,sdv-pii-qdeda,591,Germany,Male,43,9,110963.73,2,1,0,41021.95,0,0,3,DIAMOND,353,1
11511762,7158227,sdv-pii-ai0wi,789,Spain,Male,46,8,128778.48,2,1,1,134075.44,0,0,5,GOLD,814,0
3057585,4406766,sdv-pii-wqmtc,691,Germany,Female,53,8,94878.08,3,0,0,65458.74,1,1,2,DIAMOND,391,4
7475414,2810879,sdv-pii-rccwf,766,Spain,Male,28,1,97767.05,1,1,0,76013.15,0,0,2,PLATINUM,739,0
5298981,15860119,sdv-pii-0jua3,536,France,Female,24,9,340.96,2,1,1,55303.72,0,0,3,PLATINUM,281,3
1813740,4267540,sdv-pii-kckzu,683,France,Female,68,8,106397.59,1,0,1,24591.92,1,1,2,GOLD,702,4
9101754,10935804,sdv-pii-8zlq6,524,Spain,Male,66,0,103579.17,1,1,0,109266.96,0,0,5,PLATINUM,773,0
12605756,10411063,sdv-pii-nzh2g,785,Germany,Male,26,9,155859.94,2,1,0,135973.6,0,0,2,DIAMOND,357,1
6215482,1716312,sdv-pii-gzvtw,600,France,Female,40,2,1110.78,2,1,0,70118.91,0,0,3,DIAMOND,690,3
6060209,12907201,sdv-pii-jcct3,613,Spain,Male,36,7,0.0,2,0,1,59959.83,0,0,2,GOLD,685,0
10467050,4423413,sdv-pii-247tf,591,Germany,Male,55,9,91734.92,2,1,0,113634.51,0,0,2,DIAMOND,929,1
1464549,5770967,sdv-pii-mkdcl,655,France,Female,69,8,1757.51,2,1,0,58034.62,0,0,4,PLATINUM,567,3
10101017,10445314,sdv-pii-pxwqb,504,Spain,Female,34,6,139464.32,1,0,1,68582.45,0,0,1,DIAMOND,928,3
10921786,3446256,sdv-pii-40drq,556,Spain,Female,50,5,688.4,2,1,0,68505.55,0,0,4,PLATINUM,863,3
10053268,8420634,sdv-pii-zkjn4,493,France,Female,58,8,102511.51,3,0,0,153462.05,1,1,4,PLATINUM,235,4
10387626,10615061,sdv-pii-54g91,671,France,Female,45,6,258.15,1,0,0,106045.19,1,1,1,PLATINUM,417,4
11489130,2542486,sdv-pii-9hu5u,621,France,Female,51,8,113083.7,1,0,0,72598.62,1,1,5,DIAMOND,813,4
4931656,9108854,sdv-pii-zpk3j,572,Spain,Female,62,2,1546.07,3,0,1,74903.31,1,1,2,SILVER,699,4
3050431,11217632,sdv-pii-c8hku,597,Spain,Male,56,1,0.0,2,1,0,134272.04,0,0,3,SILVER,440,0
13146307,13621296,sdv-pii-x74pg,783,France,Female,55,8,121852.46,1,0,0,47804.78,1,1,4,PLATINUM,854,4
16526415,4371680,sdv-pii-8uvt3,676,France,Female,24,3,0.0,1,0,1,178667.64,0,0,3,PLATINUM,806,3
6470217,6073750,sdv-pii-nh1py,716,Spain,Female,50,8,412.72,1,1,1,124431.06,1,1,3,DIAMOND,396,4
9800558,6742872,sdv-pii-ummz7,656,Spain,Female,41,9,102890.15,1,1,1,126656.46,1,1,4,DIAMOND,364,4
4430691,4422894,sdv-pii-ejcz7,834,Germany,Female,57,8,0.0,1,0,0,105378.11,0,1,3,DIAMOND,303,1
100394,3525717,sdv-pii-11xo7,743,Spain,Female,29,8,0.0,2,0,1,64207.07,0,0,4,DIAMOND,496,3
2345004,4042561,sdv-pii-vkyc8,564,Germany,Female,34,5,130615.87,1,0,1,45540.65,0,0,3,DIAMOND,625,1
2160900,13201270,sdv-pii-nu4o0,630,Germany,Male,50,5,107723.22,1,1,1,78473.15,0,0,1,PLATINUM,413,1
14792740,10743846,sdv-pii-089pb,706,Spain,Female,35,3,116584.04,1,1,1,63150.35,0,0,1,PLATINUM,457,3
5366867,2474999,sdv-pii-rtasi,596,France,Female,44,8,705.65,2,1,1,186665.89,0,0,5,SILVER,940,3
12786615,3343455,sdv-pii-ab74o,688,France,Female,65,6,0.0,2,1,1,23247.76,0,0,4,GOLD,435,3
7946832,6045429,sdv-pii-p3f8u,687,Spain,Male,34,1,68891.65,2,1,0,148911.33,0,0,5,PLATINUM,618,0
2373596,627992,sdv-pii-zalyj,726,France,Female,44,6,117076.39,1,1,0,67111.63,1,1,4,SILVER,406,4
703748,1874504,sdv-pii-il2jl,683,Spain,Male,69,4,117142.7,1,1,1,24899.21,0,0,1,PLATINUM,382,0
14318897,4955966,sdv-pii-1mq7a,620,Spain,Male,31,6,0.0,2,1,1,39572.17,0,0,4,GOLD,375,0
13853644,14203444,sdv-pii-3354g,689,Spain,Female,56,3,0.0,1,0,0,31297.06,1,1,2,SILVER,280,4
10156159,14986909,sdv-pii-rl6y4,730,Spain,Female,27,5,512.84,2,1,1,87493.55,0,0,5,GOLD,747,3
13632170,13757809,sdv-pii-c9w83,567,Germany,Male,33,10,122573.21,1,0,1,102702.0,1,1,3,GOLD,960,4
10529603,7278012,sdv-pii-dpy6e,691,Germany,Female,44,3,119297.77,2,0,0,90926.33,1,1,3,DIAMOND,601,4
11804393,14254693,sdv-pii-81m7e,593,Spain,Female,39,5,120614.71,1,0,1,156971.78,0,0,3,DIAMOND,868,3
809802,4367003,sdv-pii-hh472,687,Spain,Female,50,10,0.0,2,0,0,45967.38,1,1,1,DIAMOND,825,4
10972528,7995432,sdv-pii-bo100,510,France,Male,47,4,104696.7,2,1,0,142588.81,0,0,4,GOLD,448,2
3233620,2504738,sdv-pii-1b7xj,809,France,Female,32,1,106186.9,2,0,1,118314.94,0,0,3,PLATINUM,845,3
12823658,459097,sdv-pii-spm8l,771,France,Male,42,3,130319.31,1,0,0,8742.89,1,1,5,GOLD,847,2
16094338,10570523,sdv-pii-7u84j,765,Germany,Female,40,9,136104.02,1,1,0,56713.19,0,1,5,DIAMOND,327,1
13942808,2818853,sdv-pii-6cm0z,656,Spain,Male,42,4,0.0,3,0,0,15042.47,1,1,2,GOLD,479,0
798728,2447370,sdv-pii-ac1zr,785,France,Female,56,10,109607.72,3,0,0,168699.54,1,1,2,DIAMOND,891,4
14804347,6574222,sdv-pii-s4ow4,539,France,Female,39,8,122713.27,2,0,0,67014.46,1,1,4,GOLD,392,4
9819325,9701042,sdv-pii-te2km,676,Spain,Male,30,3,518.36,2,0,0,113414.12,0,0,3,PLATINUM,578,0
5982736,10562850,sdv-pii-egcyj,828,Germany,Female,49,5,115983.02,2,1,1,80972.98,0,0,2,SILVER,707,1
11515936,1770974,sdv-pii-5j5k8,638,Germany,Female,60,2,96556.56,1,1,1,131941.46,1,1,4,DIAMOND,941,4
13315267,11542523,sdv-pii-cpg4q,535,France,Female,72,8,102178.72,4,0,0,39398.13,1,1,3,PLATINUM,838,4
1284864,372763,sdv-pii-imh6g,519,Spain,Male,42,8,378.46,2,0,1,54254.45,0,0,3,DIAMOND,376,0
11693346,14204865,sdv-pii-xmuam,534,Spain,Female,27,10,131556.27,2,0,1,87389.5,0,0,4,PLATINUM,689,3
10707113,8721596,sdv-pii-o1ral,580,Germany,Male,49,4,108835.88,1,1,1,157218.7,1,1,1,DIAMOND,510,4
14908311,9556558,sdv-pii-gb2oj,631,Spain,Female,69,8,119779.11,1,0,0,130945.1,0,0,1,SILVER,684,3
895500,11616452,sdv-pii-fklo2,757,Spain,Female,52,4,153842.56,1,1,0,150307.09,0,1,4,DIAMOND,857,3
10304958,6510855,sdv-pii-pz43v,553,Germany,Female,52,6,143267.1,1,1,0,179231.86,0,0,5,PLATINUM,734,1
3445460,11388253,sdv-pii-q9exb,720,Spain,Male,34,8,0.0,2,1,1,78078.19,0,0,1,PLATINUM,525,0
251275,5952026,sdv-pii-5atam,605,Germany,Male,61,4,170.03,2,1,1,116970.92,0,0,3,PLATINUM,762,1
12074058,3903365,sdv-pii-fna6z,467,France,Female,37,5,94200.94,3,0,1,42053.83,1,1,3,PLATINUM,718,4
12441896,16574267,sdv-pii-rkwr5,581,France,Female,42,8,0.0,2,1,0,175822.8,0,0,5,SILVER,370,3
9806810,1084690,sdv-pii-3zllv,660,Spain,Female,56,4,123.17,2,1,1,161296.98,0,0,2,PLATINUM,810,3
15902160,14717315,sdv-pii-w869r,748,Germany,Male,43,8,103410.12,1,0,0,138485.38,1,1,5,PLATINUM,324,4
9158154,3701478,sdv-pii-fv16g,717,Spain,Female,40,5,0.0,2,1,0,88488.08,0,0,5,GOLD,934,3
12616956,8868872,sdv-pii-4drdt,532,Spain,Female,45,1,137691.49,1,1,1,179446.12,0,0,5,SILVER,409,3
752768,10473051,sdv-pii-jer2r,585,Spain,Male,48,5,0.0,1,0,0,80877.33,1,1,5,GOLD,560,0
11931855,1182621,sdv-pii-cal0g,563,Germany,Male,50,8,103008.98,3,0,1,144513.89,1,1,1,PLATINUM,294,4
12242437,1599889,sdv-pii-g72h9,590,Germany,Female,25,9,118614.17,2,0,0,189035.3,0,0,2,DIAMOND,666,1
10381418,16302465,sdv-pii-gl4ym,705,Spain,Female,51,5,151120.29,2,1,0,187206.44,0,0,5,DIAMOND,969,3
2215213,8828342,sdv-pii-aah3f,548,Spain,Male,28,10,116406.31,1,1,0,50329.04,0,0,4,DIAMOND,772,0
13161655,258525,sdv-pii-o7g7y,558,France,Female,45,5,131419.14,3,1,0,173177.21,1,1,4,DIAMOND,770,4
2254368,1779786,sdv-pii-y8wiw,642,France,Male,33,6,0.0,2,0,0,127379.69,0,0,4,DIAMOND,802,2
15268664,12612621,sdv-pii-bh7ae,658,France,Female,30,6,815.15,2,0,0,103683.1,1,0,4,PLATINUM,784,3
5077129,14039039,sdv-pii-l048y,839,Spain,Male,36,8,0.0,2,0,1,48778.51,0,0,2,PLATINUM,935,0
11657010,16122737,sdv-pii-rr47x,561,Germany,Female,51,8,118587.89,1,1,0,89037.21,0,0,2,GOLD,476,1
4721346,13298833,sdv-pii-u86lq,533,Germany,Female,45,5,123889.09,1,0,1,67423.35,0,0,2,SILVER,769,1
8852144,13618841,sdv-pii-5i723,850,France,Female,29,7,127635.42,1,0,0,2329.62,0,0,1,PLATINUM,351,3
16386989,3925275,sdv-pii-w63it,618,Spain,Male,35,2,855.3,2,1,0,55819.38,1,0,4,PLATINUM,298,0
8819417,9816564,sdv-pii-i4woe,579,France,Female,45,9,100.3,2,1,1,148044.06,0,0,1,GOLD,842,3
3282017,10801938,sdv-pii-x778m,481,France,Male,38,9,128589.68,2,0,1,173943.4,1,1,4,PLATINUM,603,2
11682117,12823614,sdv-pii-q8n7i,505,France,Male,45,5,248.95,1,1,0,189522.95,1,0,4,PLATINUM,825,2
10906431,15187073,sdv-pii-kr7uj,665,France,Female,41,3,0.0,2,0,1,133284.74,0,0,4,DIAMOND,546,3
9346731,10457862,sdv-pii-oi3u5,604,Germany,Female,48,3,123459.72,1,1,0,91795.5,1,1,4,PLATINUM,918,4
13147784,12922462,sdv-pii-okgvj,690,France,Male,45,6,0.0,2,0,1,74231.32,1,1,5,PLATINUM,716,2
10386462,5177353,sdv-pii-vtfvc,625,Germany,Female,52,6,94375.54,2,0,0,34602.12,1,1,4,PLATINUM,915,4
9091199,5099098,sdv-pii-sjc8r,690,Germany,Female,26,5,109724.19,2,0,0,139785.88,0,0,3,DIAMOND,528,1
6946562,8900950,sdv-pii-yeifr,516,France,Female,47,10,449.13,2,1,1,108050.52,0,0,5,PLATINUM,395,3
8744819,3561089,sdv-pii-h9u0g,580,France,Male,67,6,0.0,2,0,1,25037.65,0,0,2,GOLD,904,2
14599257,2410611,sdv-pii-73oi8,625,Germany,Female,53,9,104191.23,1,0,1,155947.8,1,1,5,DIAMOND,609,4
4633044,16036113,sdv-pii-fhgza,616,Germany,Female,72,5,117138.89,1,0,1,154567.07,0,1,1,SILVER,447,1
9504662,2680668,sdv-pii-dh96k,700,Spain,Male,26,9,138644.72,2,1,0,47433.61,0,0,3,PLATINUM,721,0
16176269,1152107,sdv-pii-cho0q,534,France,Male,52,5,128122.15,1,0,0,124074.48,1,1,3,DIAMOND,851,2
5719532,13485174,sdv-pii-82r6f,645,France,Male,37,6,0.0,2,1,0,12743.57,0,0,4,PLATINUM,476,2
7610764,7342956,sdv-pii-6racl,695,Spain,Female,30,8,84268.95,1,0,1,13369.2,0,0,3,GOLD,476,3
89600,16365311,sdv-pii-9ij9g,731,Spain,Female,41,3,159023.08,2,0,1,36457.25,0,0,4,DIAMOND,454,3
4311519,14499779,sdv-pii-0kzkt,694,Spain,Female,29,6,1228.13,2,0,0,85391.27,0,0,5,PLATINUM,311,3
4914653,16300495,sdv-pii-tu6bl,536,Spain,Male,28,10,86733.34,1,1,0,61803.68,0,0,2,DIAMOND,804,0
11629641,2874089,sdv-pii-iz26z,492,Germany,Female,65,10,105981.72,1,0,0,41632.5,1,1,1,PLATINUM,599,4
10384708,6316731,sdv-pii-z0x98,569,Germany,Male,31,7,114769.17,2,1,1,96379.3,0,0,3,DIAMOND,760,1
11665974,3870676,sdv-pii-y0wsb,582,France,Female,55,2,0.0,1,0,1,29654.11,0,0,2,PLATINUM,733,3
9952643,8441520,sdv-pii-iksn2,596,Spain,Male,41,2,132236.19,1,1,1,50711.0,0,0,3,SILVER,711,0
540129,1282409,sdv-pii-67zze,664,Germany,Female,50,4,120400.84,1,0,0,39986.33,1,1,1,DIAMOND,933,4
8272751,11895416,sdv-pii-7b0wl,728,France,Male,38,5,104484.76,2,0,0,108940.78,0,0,5,GOLD,864,2
1867351,7986315,sdv-pii-3408g,592,France,Female,36,1,99116.45,1,1,0,116532.91,1,1,5,DIAMOND,423,4
9706493,6263932,sdv-pii-urhmn,545,Germany,Female,26,3,129861.54,2,1,0,148250.22,0,0,5,DIAMOND,589,1
12378776,782185,sdv-pii-sl5xb,681,France,Female,73,5,126458.26,1,1,1,105033.2,1,1,2,DIAMOND,407,4
759360,7445733,sdv-pii-lu98s,530,Spain,Male,50,7,129175.99,2,0,1,22295.91,0,0,1,PLATINUM,276,0
3124793,2953614,sdv-pii-lcjqg,692,Germany,Female,62,6,95888.71,4,1,0,153309.55,1,1,3,SILVER,231,4
852920,7236654,sdv-pii-kcox8,637,Germany,Male,39,7,148899.36,1,1,0,5341.24,1,1,4,DIAMOND,300,4
1026726,9444218,sdv-pii-i5ved,540,France,Female,54,6,125030.95,1,1,0,146987.96,1,1,2,DIAMOND,276,4
6875336,1631575,sdv-pii-bi7i0,484,France,Female,38,1,142598.22,1,0,0,10031.29,0,1,3,DIAMOND,308,4
1233030,15906222,sdv-pii-varh0,805,Spain,Female,35,9,0.0,2,0,0,141241.94,0,0,1,SILVER,705,3
4872294,8902548,sdv-pii-l812c,587,Spain,Male,34,9,0.0,2,1,1,78323.94,0,0,3,PLATINUM,322,0
11309736,802917,sdv-pii-qfaf4,532,Germany,Female,47,5,201.0,2,0,0,119115.54,0,0,2,DIAMOND,263,1
1476833,10874640,sdv-pii-qf1a9,548,Germany,Female,39,9,116072.94,1,1,0,168719.24,1,1,4,DIAMOND,308,4
8971118,12016261,sdv-pii-s6gr8,572,Spain,Male,32,1,0.0,2,0,0,3684.68,0,0,3,SILVER,417,0
4533762,9297827,sdv-pii-2b7zk,667,Germany,Male,29,8,92001.88,2,1,1,169558.95,0,0,3,SILVER,714,1
5143207,6788951,sdv-pii-59xaw,698,Germany,Female,34,8,0.0,2,1,1,90391.28,0,0,3,PLATINUM,299,1
3188399,8895417,sdv-pii-9sg2v,600,France,Female,29,8,1272.33,2,1,0,80404.7,0,0,2,PLATINUM,473,3
8508713,11773265,sdv-pii-rslqq,591,Spain,Female,33,8,88150.4,2,1,1,60703.94,0,0,2,GOLD,242,3
14488367,1232768,sdv-pii-ev6cg,538,Spain,Female,33,4,114029.73,1,0,1,38284.89,0,0,2,PLATINUM,788,3
7043087,4226130,sdv-pii-ujsjs,708,France,Female,40,9,2099.67,3,1,1,36493.66,0,0,4,PLATINUM,834,3
9361017,9949019,sdv-pii-n1j8v,760,Germany,Female,48,10,147357.16,1,1,1,53179.52,0,0,3,DIAMOND,784,1
9764001,6136985,sdv-pii-attwe,479,France,Male,43,3,538.82,3,0,0,8674.8,1,1,4,DIAMOND,743,2
12512766,10375558,sdv-pii-eteyp,666,France,Male,43,5,66.15,2,0,0,50109.8,0,1,4,GOLD,818,2
6584810,14151221,sdv-pii-yzchj,687,France,Female,54,8,0.0,2,1,0,118792.16,0,0,5,PLATINUM,412,3
7278927,7279310,sdv-pii-vbl4w,541,Spain,Male,62,6,1833.68,2,1,1,68580.68,1,1,1,DIAMOND,892,0
7085716,10745535,sdv-pii-3x3ka,605,Spain,Female,53,8,135617.53,2,0,0,132758.17,0,0,2,PLATINUM,714,3
4089921,1416098,sdv-pii-f4cxj,638,Spain,Male,48,8,0.0,2,1,0,46658.6,0,0,4,PLATINUM,843,0
5634690,7312032,sdv-pii-kvqxc,635,France,Female,38,3,115435.85,1,1,1,95557.66,0,0,3,PLATINUM,862,3
14407558,4630628,sdv-pii-jnivw,638,Germany,Female,45,8,177028.5,3,0,0,23893.63,1,1,2,DIAMOND,792,4
63848,2935275,sdv-pii-v97qw,688,Spain,Male,39,4,0.0,1,1,0,51825.46,0,0,1,PLATINUM,873,0
7925660,8172882,sdv-pii-6uvpd,459,France,Female,52,4,104474.02,1,1,0,156855.82,1,1,5,PLATINUM,345,4
8241824,8827283,sdv-pii-ubi10,798,Germany,Female,34,5,116140.29,1,0,1,75728.03,0,0,4,GOLD,414,1
6719947,11766331,sdv-pii-eqy5r,633,Spain,Male,29,10,0.0,2,1,1,154560.59,0,0,3,DIAMOND,402,0
7481716,11393327,sdv-pii-z8y5w,611,Spain,Male,41,6,0.0,2,1,1,181394.47,0,0,2,DIAMOND,353,0
13583070,1087931,sdv-pii-wbaxa,535,Germany,Female,52,8,127394.59,2,0,0,19313.41,0,0,1,GOLD,239,1
14460002,9717808,sdv-pii-6arm6,693,Germany,Male,80,8,99771.79,1,0,1,56998.34,1,0,4,DIAMOND,324,1
1173586,2930003,sdv-pii-1x71d,649,France,Female,25,8,0.0,2,1,1,84229.42,0,0,3,DIAMOND,846,3
15444208,10510296,sdv-pii-oyhiw,667,Spain,Female,39,6,605.89,2,0,0,114527.03,0,0,3,PLATINUM,298,3
9646600,9556839,sdv-pii-nuqef,751,France,Female,22,0,353.9,2,1,1,138590.29,0,0,3,PLATINUM,839,3
16489299,9392229,sdv-pii-qckzc,765,Germany,Female,37,6,145532.48,1,1,0,4354.55,0,0,2,PLATINUM,417,1
6031824,11224460,sdv-pii-3t67y,557,France,Female,29,3,130646.74,1,0,0,36411.14,1,1,3,GOLD,985,4
618429,9867510,sdv-pii-ks7vr,784,Germany,Female,61,10,153475.84,1,0,1,71888.11,0,0,1,PLATINUM,783,1
3392923,8221568,sdv-pii-83n33,679,Spain,Female,28,8,0.0,2,1,1,53538.41,0,0,2,SILVER,321,3
6086682,6135468,sdv-pii-cudr5,629,Spain,Female,37,6,114064.98,1,0,1,110308.22,0,0,2,DIAMOND,737,3
6362444,9708480,sdv-pii-92nm9,676,Spain,Female,66,9,127457.99,1,1,0,81843.94,0,0,5,DIAMOND,798,3
11662119,9066449,sdv-pii-8ovlg,766,Germany,Female,50,4,123027.25,2,1,1,144964.99,0,0,3,PLATINUM,337,1
12806294,1650333,sdv-pii-93ye1,615,France,Female,39,5,0.0,1,0,0,53352.17,0,0,4,SILVER,963,3
12852416,13819604,sdv-pii-pndwx,491,France,Male,27,5,186.93,2,0,1,169228.78,0,0,2,SILVER,313,2
13668839,15184767,sdv-pii-m6ayy,682,Germany,Male,55,4,124392.71,1,1,0,70431.75,1,1,3,SILVER,878,4
13486519,5025049,sdv-pii-q7lv1,626,Spain,Female,31,9,139.13,2,1,0,74077.68,0,0,3,SILVER,606,3
4518737,8716359,sdv-pii-15i5i,572,Spain,Male,31,5,618.78,2,1,1,12559.1,0,0,1,DIAMOND,241,0
12352746,619878,sdv-pii-oddpy,607,Germany,Female,57,10,115820.98,1,1,0,38171.32,1,0,3,SILVER,843,1
9826492,1075351,sdv-pii-9gxty,804,Germany,Female,26,7,131956.98,2,0,0,156878.04,0,0,1,GOLD,631,1
12749911,1389447,sdv-pii-8a5f1,781,France,Male,28,6,0.0,2,1,0,107179.37,0,0,3,PLATINUM,655,2
9430433,792151,sdv-pii-a9dgw,698,France,Male,37,2,118818.06,2,1,0,51641.34,0,0,3,GOLD,751,2
7607772,8923606,sdv-pii-ipjb7,556,Spain,Male,48,9,0.0,2,1,1,65938.15,0,0,1,PLATINUM,810,0
14041621,9426080,sdv-pii-5xnb2,618,France,Male,30,3,130058.39,1,0,0,184508.62,0,0,3,SILVER,597,2
7097945,9028081,sdv-pii-gk0nb,749,France,Male,68,8,113062.1,1,1,1,91560.02,1,1,3,SILVER,854,2
5923377,15193420,sdv-pii-51zcd,747,Spain,Male,44,4,86187.96,1,1,0,62421.12,0,0,2,DIAMOND,507,0
839728,16616930,sdv-pii-1oct4,780,Spain,Female,45,3,0.0,1,0,1,176050.19,0,0,1,DIAMOND,368,3
9053704,3509900,sdv-pii-nwf74,551,Germany,Male,61,5,113636.26,1,1,1,61648.82,0,1,1,PLATINUM,563,1
9279184,6571029,sdv-pii-azuih,572,France,Male,56,8,102249.83,1,1,0,154202.04,1,1,3,GOLD,300,2
12898687,12560636,sdv-pii-1xud6,581,Germany,Female,47,3,108404.71,1,1,1,3679.25,0,0,3,DIAMOND,287,1
4571132,13581205,sdv-pii-a9vn3,542,Germany,Female,41,4,117834.98,3,0,0,76958.47,1,1,4,PLATINUM,614,4
14085042,6794527,sdv-pii-xww7b,688,Spain,Female,24,5,2024.47,2,0,0,71906.05,0,0,3,DIAMOND,928,3
13885811,8459020,sdv-pii-i2kn3,750,Germany,Female,24,9,126201.74,1,0,1,83996.66,1,1,4,PLATINUM,733,4
10567939,16153085,sdv-pii-0erq1,605,Germany,Female,30,5,87504.16,2,1,0,88349.54,0,0,3,GOLD,801,1
10780712,16339292,sdv-pii-8gsnt,663,Spain,Female,23,0,147086.43,2,1,1,152664.95,0,0,1,DIAMOND,591,3
14003090,10966485,sdv-pii-k94gn,644,Germany,Male,41,5,80230.98,2,1,1,110575.14,1,1,3,DIAMOND,306,4
9934994,11762184,sdv-pii-20lub,774,Germany,Female,51,8,107744.23,1,1,0,194360.45,1,1,1,DIAMOND,282,4
3254873,10114619,sdv-pii-2gz5e,820,Spain,Male,38,6,414.34,2,1,0,72757.96,0,0,5,GOLD,873,0
7868634,5393629,sdv-pii-8ifo6,464,Spain,Male,33,5,140121.44,2,1,0,1383.87,0,0,4,DIAMOND,473,0
11328560,7880168,sdv-pii-3n2mb,710,France,Female,46,10,108371.76,2,0,0,65987.03,0,0,3,DIAMOND,931,3
3015912,16149151,sdv-pii-vzg0r,699,France,Female,42,6,134927.24,1,0,0,119004.73,1,1,2,SILVER,421,4
12242546,14411357,sdv-pii-jggyu,612,France,Male,28,8,98752.92,2,0,0,60535.22,0,0,4,GOLD,400,2
2698281,2546257,sdv-pii-x8h5y,638,France,Male,67,5,0.0,4,0,1,113016.2,1,1,2,SILVER,879,2
4202907,11149541,sdv-pii-oci4f,489,Germany,Female,64,8,141799.27,4,0,0,57807.46,1,1,4,PLATINUM,663,4
15257132,10767616,sdv-pii-23sgu,590,Germany,Female,29,8,104018.74,1,1,0,190606.46,0,0,2,GOLD,245,1
7863160,6826103,sdv-pii-yudgc,598,France,Female,53,4,145503.61,1,1,0,118972.89,0,0,5,GOLD,986,3
4067400,13799502,sdv-pii-hqspl,704,France,Female,66,2,107384.17,3,1,1,28786.85,1,1,4,PLATINUM,878,4
10589629,819306,sdv-pii-gu29c,635,Germany,Female,31,1,108521.61,1,0,1,84975.0,0,0,5,GOLD,413,1
3199728,9993985,sdv-pii-uhzx9,551,Spain,Male,41,2,119695.85,1,1,1,120341.48,0,0,3,GOLD,399,0
4638898,12907105,sdv-pii-923uh,557,France,Female,45,10,104343.94,3,0,0,53289.23,1,1,3,SILVER,606,4
6126061,3763783,sdv-pii-mkujx,509,France,Male,58,4,92786.63,4,0,1,30093.02,0,1,1,PLATINUM,871,2
9125289,10804603,sdv-pii-lzycn,592,Spain,Female,36,5,139163.38,1,1,1,64273.48,0,0,4,DIAMOND,983,3
15913031,9405413,sdv-pii-78fwc,850,Spain,Male,37,0,92927.44,2,0,0,76019.33,0,0,3,DIAMOND,481,0
588498,13205647,sdv-pii-j2p2s,763,Spain,Female,28,8,0.0,2,1,0,133954.65,0,0,2,PLATINUM,244,3
2020693,11102437,sdv-pii-sdqrx,587,Spain,Male,52,1,117064.27,1,0,0,72604.93,0,0,4,PLATINUM,824,0
9310140,9735232,sdv-pii-kxw8t,562,Spain,Female,40,1,0.0,2,1,0,131618.44,0,0,2,PLATINUM,959,3
14515142,11925727,sdv-pii-ro8jm,625,France,Female,28,8,0.0,2,0,1,35841.4,0,0,2,GOLD,810,3
8112867,15369056,sdv-pii-ho76w,771,Germany,Female,45,8,0.0,2,0,0,63465.75,0,0,4,DIAMOND,307,1
15863337,4464278,sdv-pii-0p0n5,655,France,Female,35,5,120493.53,1,0,1,26477.67,0,0,4,PLATINUM,269,3
1880251,3335851,sdv-pii-t414s,618,France,Female,27,3,0.0,2,0,1,45244.8,0,0,3,DIAMOND,741,3
9149484,3486383,sdv-pii-qmob4,598,Spain,Female,32,8,0.0,2,1,0,21908.44,0,0,2,PLATINUM,307,3
11849425,1553813,sdv-pii-26aca,555,Spain,Male,38,7,86954.29,1,1,1,67610.18,0,0,2,SILVER,472,0
7810820,13673892,sdv-pii-xqa0f,731,France,Female,40,5,126273.04,1,1,0,169065.59,0,0,4,DIAMOND,329,3
7093022,13037386,sdv-pii-mgo24,614,Spain,Female,31,9,0.0,2,1,1,144762.74,0,0,3,SILVER,529,3
16255167,14044176,sdv-pii-t6wmk,694,Spain,Female,67,8,0.0,2,1,0,38207.97,0,0,1,PLATINUM,307,3
4564245,1726036,sdv-pii-4ydwj,649,Germany,Female,25,3,157584.96,1,1,1,30017.2,0,0,3,GOLD,827,1
1768821,5918968,sdv-pii-fa9b5,722,France,Male,28,3,120421.68,1,0,0,47517.73,0,0,2,GOLD,922,2
3474906,13100740,sdv-pii-uiuyz,767,Spain,Male,32,1,168487.83,2,1,1,93146.27,0,0,4,DIAMOND,512,0
14097798,9136733,sdv-pii-0jrhv,676,France,Female,38,3,104139.18,3,0,0,35484.81,1,1,4,PLATINUM,291,4
11972434,6130612,sdv-pii-g8498,762,Spain,Female,44,9,0.0,2,1,1,34719.68,0,0,3,PLATINUM,328,3
7321299,11916752,sdv-pii-idp10,703,France,Female,27,8,134.37,2,1,0,17449.18,0,0,3,SILVER,955,3
10808139,2904610,sdv-pii-92iba,753,Spain,Male,26,1,91126.39,1,1,1,103386.94,0,0,3,DIAMOND,964,0
1427229,10354630,sdv-pii-n4j5u,697,France,Male,43,5,112155.79,1,1,0,111838.38,1,1,3,PLATINUM,809,2
12556252,5920428,sdv-pii-5f5tz,778,France,Female,46,4,106335.58,1,1,1,31615.48,1,1,3,PLATINUM,531,4
2430324,7766602,sdv-pii-f18ea,768,France,Male,24,7,1622.23,2,1,0,78474.64,0,0,3,DIAMOND,422,2
895632,9927267,sdv-pii-m66a5,631,Germany,Male,37,5,163769.02,1,0,1,15060.76,0,0,4,DIAMOND,849,1
15648038,4378009,sdv-pii-xcbii,626,Spain,Female,45,6,0.0,2,1,1,84913.67,1,1,4,PLATINUM,909,4
6000358,306274,sdv-pii-vek93,616,Spain,Male,28,3,0.0,2,0,0,106524.84,0,0,2,DIAMOND,271,0
3300478,7088019,sdv-pii-zkcms,783,Spain,Female,35,8,130053.54,2,0,1,183241.9,0,0,1,GOLD,301,3
10121396,10131678,sdv-pii-mgi5e,575,Spain,Male,26,9,0.0,2,0,1,75721.98,0,0,3,PLATINUM,894,0
752830,14525851,sdv-pii-3vq6k,749,Spain,Male,53,9,123578.11,2,1,0,80779.13,0,0,4,PLATINUM,425,0
1707315,6321544,sdv-pii-ixgah,747,France,Female,34,7,0.0,1,1,0,185063.83,0,1,2,GOLD,426,3
5327242,3716819,sdv-pii-2yv4w,620,France,Male,35,5,0.0,2,0,0,107295.47,0,0,3,SILVER,546,2
16667741,949056,sdv-pii-mrn4s,562,Spain,Male,30,10,72839.4,1,0,0,81972.68,0,0,3,DIAMOND,624,0
13606742,16417278,sdv-pii-6n0q7,556,Spain,Female,29,8,116345.63,1,1,1,104594.01,0,0,4,DIAMOND,431,3
11169903,1254768,sdv-pii-orhbb,692,Germany,Female,26,5,767.63,2,1,0,103152.99,0,0,4,DIAMOND,455,1
1910274,10852228,sdv-pii-1zx5c,807,Spain,Female,27,3,0.0,2,1,0,10716.72,0,0,2,SILVER,951,3
1324522,15569635,sdv-pii-7sjtz,700,Spain,Male,39,9,105997.61,2,0,1,149982.17,0,0,5,PLATINUM,539,0
4863085,8451060,sdv-pii-znff9,506,France,Female,51,2,122295.98,1,0,1,177898.25,0,0,5,PLATINUM,424,3
7129,8699755,sdv-pii-zo738,819,France,Female,27,1,1236.42,2,1,1,48207.77,0,0,5,PLATINUM,443,3
3157727,16187722,sdv-pii-gosxj,634,Spain,Female,50,9,0.0,1,0,0,26479.42,1,1,4,DIAMOND,736,4
11999623,10853481,sdv-pii-4nkgw,700,Germany,Female,50,5,113023.05,1,1,0,104112.17,1,1,4,DIAMOND,484,4
15023042,8118803,sdv-pii-0x5y4,701,Germany,Female,56,8,121041.17,1,1,0,43222.87,1,1,4,DIAMOND,398,4
13563973,1006715,sdv-pii-mbxqe,678,Germany,Female,27,6,145665.7,1,1,0,140578.75,0,1,3,PLATINUM,546,1
718409,6158205,sdv-pii-tehd8,533,Spain,Female,23,5,145736.63,2,1,1,63286.15,0,0,5,DIAMOND,718,3
15979906,14108097,sdv-pii-lw8yd,780,Spain,Female,32,3,159380.36,1,1,1,14364.64,0,0,3,DIAMOND,661,3
1265265,16767362,sdv-pii-tzcww,529,France,Female,31,10,128572.84,1,1,0,131382.29,0,1,3,DIAMOND,748,4
9694767,15847365,sdv-pii-4hv0q,733,Germany,Female,60,6,123234.37,1,1,0,39470.17,1,1,3,DIAMOND,486,4
8194429,15647719,sdv-pii-y7ddi,840,France,Female,31,7,1140.93,2,0,0,120882.05,0,0,1,PLATINUM,534,3
9398440,15752592,sdv-pii-bymrc,559,France,Male,37,3,663.07,2,1,0,147035.57,0,0,4,PLATINUM,817,2
1402969,14285965,sdv-pii-lfjdl,619,Germany,Female,24,1,132626.75,2,0,0,171872.99,0,0,3,PLATINUM,583,1
2396018,13187990,sdv-pii-ptjmr,531,Germany,Female,50,8,116982.42,1,0,0,96067.2,1,1,1,DIAMOND,711,4
734729,5340671,sdv-pii-tzsim,789,France,Female,47,1,123187.63,3,1,1,131909.98,1,1,1,SILVER,955,4
8611998,7704474,sdv-pii-dafcx,597,Germany,Male,51,8,102683.79,1,0,0,87872.95,0,0,1,DIAMOND,242,1
6434774,9408525,sdv-pii-u7s8d,570,Germany,Female,44,5,107991.27,1,1,0,42638.24,0,0,2,DIAMOND,549,1
15014323,10694945,sdv-pii-p30kb,570,Spain,Male,33,3,0.0,2,0,1,12254.78,0,0,3,DIAMOND,576,0
12399655,12340246,sdv-pii-njxro,572,Germany,Female,38,6,0.0,2,1,1,104665.9,0,0,1,PLATINUM,308,1
3400964,13270193,sdv-pii-ap6r5,764,Spain,Female,27,2,0.0,2,0,0,147047.61,0,0,3,SILVER,432,3
10252531,8030994,sdv-pii-3zugr,714,Germany,Female,55,8,115027.87,1,0,0,69826.87,0,1,3,SILVER,941,4
12389028,14648771,sdv-pii-4nhvp,771,France,Male,49,5,120400.94,1,0,0,82881.69,1,1,2,DIAMOND,778,2
8882973,9022353,sdv-pii-izz9a,513,France,Male,77,7,103511.33,2,1,0,80406.55,1,1,1,SILVER,723,2
3764741,7447327,sdv-pii-v965h,560,Spain,Male,31,8,0.0,2,0,1,14342.3,0,0,1,DIAMOND,308,0
122050,6641155,sdv-pii-nusfe,699,Germany,Female,49,7,106655.28,1,0,0,87606.86,0,0,3,GOLD,472,1
8306876,16417776,sdv-pii-5qmqd,734,Germany,Male,36,8,100641.97,2,1,0,132466.98,0,1,2,PLATINUM,943,1
3397289,13657671,sdv-pii-tixlw,716,France,Male,68,3,106853.82,3,0,0,30179.4,1,1,4,PLATINUM,348,2
10410718,2864647,sdv-pii-8c3yd,481,France,Female,46,8,134908.42,1,1,0,166991.83,1,1,2,SILVER,526,4
487061,1136696,sdv-pii-m8v8m,767,Germany,Female,56,4,96065.2,1,0,0,117442.99,0,0,4,DIAMOND,647,1
3103264,14437917,sdv-pii-xe9vh,532,France,Female,39,8,118111.98,1,1,0,103710.76,1,1,3,GOLD,371,4
16034851,3237830,sdv-pii-h5774,849,Germany,Male,56,7,100314.55,2,1,0,87962.38,0,0,5,DIAMOND,285,1
7193335,11054532,sdv-pii-j6fck,751,France,Female,25,5,0.0,2,1,0,46512.75,0,0,2,GOLD,829,3
15986683,14296187,sdv-pii-xkhe0,686,Spain,Female,27,5,128506.03,1,0,1,135446.25,0,0,1,PLATINUM,887,3
4461058,11784746,sdv-pii-hpif6,556,France,Female,45,5,108927.82,1,0,1,193992.82,1,1,4,PLATINUM,399,4
3193892,15473301,sdv-pii-ev2me,563,Germany,Female,31,8,162657.82,2,1,0,58312.33,0,0,3,PLATINUM,791,1
2043708,10688452,sdv-pii-qsmm3,641,France,Male,31,9,393.96,2,1,1,93375.55,0,0,3,PLATINUM,243,2
9004229,3309515,sdv-pii-wm3og,576,Spain,Female,42,6,112100.5,2,0,0,83788.47,0,0,5,PLATINUM,874,3
15675725,4757719,sdv-pii-hndqb,558,Spain,Male,42,5,235.5,2,1,0,147125.43,0,0,3,DIAMOND,467,0
6827587,14352259,sdv-pii-zv2le,843,France,Male,64,8,108049.22,1,0,0,60330.12,1,1,4,PLATINUM,429,2
4061224,5810474,sdv-pii-360ve,568,Spain,Male,39,5,0.0,2,1,0,172740.79,0,0,3,DIAMOND,994,0
12052886,122430,sdv-pii-n26a8,606,Germany,Female,54,3,109756.3,2,0,0,109629.69,0,0,3,PLATINUM,647,1
1631747,6695067,sdv-pii-wahcn,682,France,Female,64,1,121583.22,2,1,0,131181.68,1,1,1,DIAMOND,307,4
3091320,4566178,sdv-pii-mh3cp,571,Spain,Male,47,6,0.0,2,0,0,819.99,0,0,5,PLATINUM,813,0
12973377,1479976,sdv-pii-p5gxi,522,Germany,Female,47,6,129594.39,1,0,1,92960.32,1,1,1,SILVER,266,4
12325536,6608805,sdv-pii-1uz5n,734,France,Male,42,5,1356.96,2,0,1,94902.88,1,1,3,PLATINUM,335,2
12090620,4043855,sdv-pii-e1zvz,738,Spain,Female,67,2,74276.11,2,1,0,113147.02,0,0,3,PLATINUM,331,3
7564376,11256385,sdv-pii-vq0rz,694,Spain,Female,30,10,109411.27,1,1,0,77242.44,0,0,2,SILVER,415,3
8307383,7719974,sdv-pii-zq132,559,France,Female,53,9,120202.54,1,0,1,90777.61,1,1,5,DIAMOND,772,4
3265591,8348687,sdv-pii-d0626,813,Spain,Male,33,0,115103.83,2,1,0,164917.32,0,0,1,SILVER,429,0
2341787,11604193,sdv-pii-irvps,711,Germany,Female,62,5,120752.74,3,0,0,39049.0,1,1,4,GOLD,850,4
7241733,2115484,sdv-pii-r8m4h,546,Spain,Female,28,7,133240.88,2,1,0,89942.61,0,0,3,DIAMOND,838,3
10244629,1407958,sdv-pii-d7pk2,552,France,Male,60,9,1336.89,1,0,1,51187.51,0,0,3,DIAMOND,758,2
7418920,13232163,sdv-pii-osozu,607,Spain,Female,52,6,101317.46,2,1,1,172924.81,0,0,2,DIAMOND,281,3
7990775,6314075,sdv-pii-gahrt,670,Spain,Male,48,2,0.0,2,1,0,78403.81,0,0,2,SILVER,811,0
242291,8108841,sdv-pii-552si,492,Germany,Male,52,4,134707.9,1,1,1,72134.69,0,0,3,DIAMOND,774,1
7868499,14019259,sdv-pii-m7av0,563,France,Male,47,2,629.67,2,1,0,182834.07,0,0,2,SILVER,322,2
5660588,1821089,sdv-pii-5urjh,710,France,Female,60,8,152857.09,3,0,0,133617.34,1,1,5,GOLD,492,4
7262659,16519154,sdv-pii-e5axq,850,Spain,Female,22,6,0.0,2,1,0,73660.45,0,0,3,GOLD,260,3
11697273,1726076,sdv-pii-4aqqd,550,France,Female,28,4,0.0,2,0,1,188343.52,0,0,3,GOLD,654,3
4795052,9601458,sdv-pii-wdpbl,767,Spain,Female,62,5,132956.28,1,1,0,132167.61,0,0,4,DIAMOND,448,3
5488798,14618901,sdv-pii-tpd84,840,Germany,Female,51,3,119892.41,1,1,1,41101.27,0,0,2,PLATINUM,879,1
12446307,2295344,sdv-pii-az4za,496,France,Male,50,3,156035.21,1,1,0,184037.09,1,1,3,PLATINUM,657,2
10974212,6318596,sdv-pii-v3nij,522,France,Male,48,3,143090.92,3,0,0,66268.22,1,1,4,DIAMOND,766,2
15180792,16036627,sdv-pii-2qsq3,591,Spain,Female,32,8,105778.46,1,0,0,111412.84,0,0,2,SILVER,530,3
4848269,1227748,sdv-pii-95qw3,752,Germany,Female,70,10,122698.3,1,1,1,67348.83,0,0,1,GOLD,386,1
5343443,15953885,sdv-pii-nwgfw,688,Spain,Male,31,9,0.0,2,0,1,33200.02,0,0,2,PLATINUM,240,0
8949194,11263995,sdv-pii-1ban4,699,Spain,Male,35,9,0.0,2,0,0,120177.46,0,0,2,GOLD,721,0
106573,5035616,sdv-pii-5svrt,772,Spain,Female,24,3,140073.82,1,0,0,11.58,0,0,3,DIAMOND,458,3
2212545,9838956,sdv-pii-tczc2,780,Spain,Male,41,6,104.25,2,0,0,13476.5,0,0,3,DIAMOND,709,0
4303275,10505401,sdv-pii-vplq5,464,Spain,Male,19,7,0.0,2,1,0,67546.96,0,0,5,PLATINUM,393,0
7033702,15006920,sdv-pii-ka13d,674,Spain,Female,24,7,0.0,2,1,1,29227.38,0,0,4,SILVER,308,3
15406836,13831330,sdv-pii-f6zh6,575,France,Female,33,9,0.0,2,1,0,84467.54,0,0,2,DIAMOND,431,3
9513123,15397568,sdv-pii-cyc15,663,Spain,Female,37,1,114061.35,1,1,1,186669.26,0,0,1,SILVER,481,3
14032976,10822600,sdv-pii-6s3aq,751,Spain,Male,25,5,0.0,2,1,0,124002.31,0,0,3,GOLD,540,0
3027089,16490634,sdv-pii-vhl5c,559,Spain,Male,55,1,127128.11,2,1,1,38759.09,0,0,5,SILVER,834,0
495282,867072,sdv-pii-pwm7n,701,Spain,Male,31,4,0.0,2,0,1,45686.9,0,0,2,PLATINUM,519,0
15073124,7634696,sdv-pii-8viys,741,Germany,Male,31,1,140248.65,1,1,0,174358.44,0,0,4,DIAMOND,537,1
14474297,4607204,sdv-pii-6puc1,803,France,Male,44,5,128385.74,1,0,0,175201.02,1,1,3,GOLD,425,2
11791921,4115366,sdv-pii-71jlj,596,Germany,Female,43,4,95744.65,1,0,0,123805.68,0,0,2,DIAMOND,938,1
900463,11658938,sdv-pii-ndk58,563,France,Female,34,5,0.0,2,1,0,86491.22,0,0,1,PLATINUM,551,3
16318609,11533758,sdv-pii-kxvkx,538,France,Female,47,2,381.68,3,0,1,88717.31,1,1,4,PLATINUM,989,4
13730006,2261004,sdv-pii-af2uo,641,France,Female,36,2,0.0,2,1,1,69273.94,0,0,3,SILVER,272,3
15040421,12423140,sdv-pii-84fcu,571,Germany,Female,27,8,135879.88,1,1,0,136532.33,0,0,4,PLATINUM,811,1
2900905,7694999,sdv-pii-du0kg,794,Germany,Male,30,9,107828.86,1,0,0,6987.03,0,0,2,GOLD,274,1
4836049,853386,sdv-pii-04bdu,503,Germany,Female,58,8,85518.39,2,1,1,48094.28,0,0,3,PLATINUM,690,1
4998955,11409411,sdv-pii-him99,539,Spain,Male,51,3,113264.76,2,0,1,77200.94,1,1,5,PLATINUM,954,0
9844284,1390623,sdv-pii-hwxsd,682,France,Female,39,4,115129.52,3,0,0,125688.58,1,1,5,DIAMOND,752,4
13035433,10837077,sdv-pii-k3xzf,621,Spain,Male,38,5,0.0,2,1,0,14870.96,0,0,4,DIAMOND,418,0
16440456,5767039,sdv-pii-d8e0c,542,Spain,Male,25,8,130553.53,2,1,0,167263.97,0,0,3,DIAMOND,271,0
11536789,7508622,sdv-pii-teqb2,648,France,Female,43,9,0.0,2,0,0,137617.91,0,0,4,DIAMOND,260,3
3199347,3886709,sdv-pii-5qwr6,613,France,Female,42,9,121726.59,1,0,1,24393.62,1,1,5,PLATINUM,303,4
15861890,6037409,sdv-pii-18epg,561,France,Female,22,5,133540.14,2,1,0,64560.45,0,0,4,PLATINUM,389,3
10278109,16307091,sdv-pii-9bqfg,697,France,Male,46,5,109743.88,4,0,0,168723.46,1,1,2,DIAMOND,465,2
11252607,4953572,sdv-pii-qp4ur,680,Germany,Female,56,8,111155.72,4,0,0,55559.84,1,1,3,PLATINUM,327,4
7502458,11353890,sdv-pii-66x4i,594,France,Female,40,7,130319.33,1,1,0,86723.54,0,1,2,SILVER,836,4
9647849,3795309,sdv-pii-6uban,846,France,Male,26,9,0.0,2,1,0,103010.6,0,0,3,SILVER,336,2
1582462,9143667,sdv-pii-ry2gj,567,Spain,Female,33,8,261.02,2,1,1,60350.28,0,0,3,PLATINUM,954,3
6389488,10655776,sdv-pii-zi8hf,582,Spain,Male,67,8,127632.43,1,1,0,88463.44,0,0,3,GOLD,947,0
13726980,11249352,sdv-pii-mw7x5,574,Spain,Male,39,8,0.0,4,0,1,71986.45,1,1,2,DIAMOND,496,0
3601258,7349582,sdv-pii-v5hj0,683,France,Male,34,5,145223.24,1,0,1,55582.64,0,0,3,GOLD,601,2
15409970,10661312,sdv-pii-pud6c,529,France,Female,50,8,147764.64,1,0,0,111344.4,1,1,4,PLATINUM,578,4
4141054,7751142,sdv-pii-a62lv,621,France,Female,39,8,98438.64,3,0,0,151316.58,1,1,5,PLATINUM,305,4
7223125,12962911,sdv-pii-2pr5f,768,Spain,Female,34,1,102640.38,2,1,0,153380.18,1,1,4,PLATINUM,802,4
8564642,9566753,sdv-pii-rmzdj,635,France,Male,35,8,0.0,2,1,0,174926.68,0,0,3,PLATINUM,796,2
16188572,3449169,sdv-pii-vul51,693,France,Female,31,2,107902.88,2,1,0,24834.17,0,0,3,PLATINUM,898,3
2264043,1654939,sdv-pii-t33eg,745,Spain,Female,33,9,0.0,2,1,1,5128.83,0,0,3,DIAMOND,339,3
2955324,5381586,sdv-pii-eydme,676,France,Female,44,3,122005.0,1,1,0,143548.16,0,0,1,PLATINUM,438,3
8126349,12918060,sdv-pii-dr0y1,522,France,Female,34,3,128503.88,1,0,0,98818.17,0,0,3,DIAMOND,849,3
6697717,2227146,sdv-pii-x6zhk,631,Spain,Male,30,9,0.0,2,0,0,56330.28,0,0,5,PLATINUM,559,0
13916601,4826357,sdv-pii-5kmdt,594,Spain,Female,33,8,0.0,2,0,0,63132.51,0,0,3,DIAMOND,837,3
12574487,13630320,sdv-pii-i41ru,635,Spain,Male,36,7,80624.27,2,1,0,57288.65,0,0,3,DIAMOND,543,0
10916474,1112454,sdv-pii-ecyqm,526,Germany,Female,24,8,0.0,1,0,0,138377.62,0,0,1,PLATINUM,901,1
681448,2904502,sdv-pii-4t2e7,850,France,Female,22,6,151276.52,1,1,0,3414.61,0,0,5,PLATINUM,594,3
3235682,11474238,sdv-pii-u055r,642,Spain,Female,51,6,115865.95,2,0,1,17890.1,0,0,2,DIAMOND,1000,3
3342768,4052793,sdv-pii-m8afe,697,Spain,Male,38,10,423.72,2,0,0,137913.75,0,0,1,PLATINUM,848,0
13746158,9057301,sdv-pii-aiq6y,515,Germany,Female,56,3,102383.6,1,0,0,42834.57,0,1,4,DIAMOND,384,4
9245679,15001326,sdv-pii-1ew1f,712,Spain,Male,36,5,223.12,2,1,0,118985.58,0,0,4,DIAMOND,426,0
5366396,9532142,sdv-pii-i5c4q,784,France,Female,34,2,0.0,1,0,1,70623.9,0,0,1,SILVER,793,3
9698564,8169761,sdv-pii-8pg34,536,Spain,Female,42,7,0.0,2,0,1,94529.13,0,0,5,DIAMOND,1000,3
803200,12949687,sdv-pii-1nzhs,698,France,Female,27,8,0.0,2,0,1,48066.63,0,0,1,PLATINUM,754,3
8551205,3816490,sdv-pii-obtin,756,Spain,Female,36,8,0.0,2,1,0,124915.12,0,0,3,SILVER,364,3
478054,16557209,sdv-pii-o7422,587,Spain,Female,53,9,130056.32,1,1,1,145020.98,0,0,3,GOLD,403,3
1554979,11973984,sdv-pii-no8q4,577,Spain,Female,44,6,1010.24,2,0,0,31425.37,0,0,4,PLATINUM,672,3
6237650,4649163,sdv-pii-fgw7f,555,Germany,Male,65,7,133460.0,2,0,0,147325.84,0,0,4,GOLD,631,1
6879989,9912172,sdv-pii-49e7c,524,Germany,Female,35,8,141639.07,3,1,0,17826.59,1,1,4,PLATINUM,727,4
14871746,7346785,sdv-pii-nw49r,661,France,Female,38,5,132939.3,2,0,1,29335.71,0,0,3,DIAMOND,811,3
13810466,10551984,sdv-pii-ri47g,762,Germany,Male,27,3,132596.23,2,1,0,26619.88,0,0,3,PLATINUM,248,1
2334291,3110381,sdv-pii-z02xi,547,France,Male,41,3,92217.15,2,1,0,83851.12,0,0,4,GOLD,470,2
962712,12832062,sdv-pii-wlznv,774,Germany,Female,26,7,102291.17,2,0,1,62077.89,0,0,3,DIAMOND,363,1
9994080,15463881,sdv-pii-tgl7u,782,Germany,Female,21,9,105145.44,2,1,1,87104.09,0,0,1,PLATINUM,497,1
3162617,2719751,sdv-pii-sogl9,474,Germany,Female,40,1,124896.34,1,0,0,27215.56,0,0,3,DIAMOND,285,1
10038561,12006685,sdv-pii-hbj8x,751,Germany,Female,56,3,0.0,1,0,1,66154.92,1,1,4,SILVER,491,4
8124992,13999437,sdv-pii-nuruw,573,France,Male,64,1,1767.9,2,0,0,175419.27,0,0,1,SILVER,655,2
1309999,2618298,sdv-pii-b005d,522,France,Female,56,8,451.24,1,1,0,10250.02,1,1,5,SILVER,850,4
16249532,4934159,sdv-pii-irgpa,805,Germany,Male,25,1,119448.27,2,1,0,118343.52,0,0,3,DIAMOND,590,1
9763869,14893590,sdv-pii-ahix6,573,France,Male,28,4,0.0,3,1,1,174128.79,1,1,2,PLATINUM,421,2
14876679,13650727,sdv-pii-r3vgx,688,Spain,Male,58,8,151583.41,1,1,0,28991.41,1,1,5,PLATINUM,886,0
8205104,6945219,sdv-pii-xsjcs,719,France,Female,55,2,127532.73,3,0,1,130389.01,1,1,1,DIAMOND,906,4
10283881,5936747,sdv-pii-h73xu,626,France,Female,65,8,0.0,2,0,0,20018.96,1,1,2,SILVER,366,4
12318444,10043248,sdv-pii-z0msj,568,Spain,Male,23,2,141092.38,2,1,0,98818.5,0,0,1,SILVER,978,0
2820900,10522380,sdv-pii-0jaj9,551,Spain,Female,45,10,0.0,1,1,0,6361.32,0,0,4,DIAMOND,884,3
10680340,8715166,sdv-pii-4iztt,583,France,Male,39,7,0.0,2,0,1,140371.05,0,0,3,PLATINUM,898,2
5093429,16623833,sdv-pii-8ta8x,672,Germany,Male,46,4,131274.55,1,0,0,44596.07,1,1,3,PLATINUM,446,4
12095131,4430723,sdv-pii-calp8,524,France,Female,50,5,129302.12,1,1,0,161759.61,0,0,1,SILVER,847,3
3620291,2445008,sdv-pii-skxox,703,Germany,Female,33,8,120367.7,1,1,0,198940.37,0,0,1,SILVER,263,1
4678868,371789,sdv-pii-hg3ym,559,France,Female,78,2,49.27,2,0,0,84945.18,1,1,5,PLATINUM,553,4
12587865,13104180,sdv-pii-he3y9,573,Spain,Male,40,2,144081.85,1,1,1,77173.16,0,0,4,DIAMOND,807,0
13324105,7482528,sdv-pii-330ly,670,Spain,Female,31,6,0.0,2,0,1,117893.22,0,0,5,PLATINUM,786,3
3069242,7384361,sdv-pii-cm5xa,733,Germany,Female,38,5,120388.89,1,0,1,54090.81,1,0,4,DIAMOND,677,1
14409036,10948185,sdv-pii-irv17,533,Germany,Female,58,5,131368.8,1,0,0,127640.78,1,1,4,PLATINUM,288,4
1725118,14364722,sdv-pii-sxjyp,750,Spain,Female,49,8,131317.3,1,0,1,15367.03,1,1,3,SILVER,863,4
7982259,5189113,sdv-pii-1f24w,769,Spain,Male,29,8,0.0,2,1,0,3667.68,0,0,4,PLATINUM,407,0
12529184,15496953,sdv-pii-nsdrw,687,Germany,Female,52,6,158356.98,2,1,0,65364.95,1,0,2,GOLD,936,1
12868544,16759144,sdv-pii-2r8du,580,Germany,Male,67,3,116455.14,1,0,1,161068.62,1,1,4,SILVER,310,4
5276788,4130010,sdv-pii-vfu5m,618,Spain,Female,55,5,128715.91,2,1,0,151499.55,0,0,4,PLATINUM,677,3
2835826,3441792,sdv-pii-fnt45,521,Spain,Female,28,3,142541.96,2,1,0,91096.21,0,0,5,DIAMOND,791,3
3145556,2938568,sdv-pii-1v4ws,621,Spain,Female,25,1,1191.92,2,1,1,74370.98,0,0,3,DIAMOND,710,3
10554050,6951805,sdv-pii-ec81h,622,Germany,Male,29,5,0.0,2,1,1,11.58,0,0,2,SILVER,765,1
13498024,4975334,sdv-pii-95dxh,588,Germany,Male,70,5,0.0,1,1,0,103130.52,0,1,3,DIAMOND,508,1
9066603,14091611,sdv-pii-kdx5j,690,Spain,Male,35,8,0.0,2,0,0,15534.6,1,1,4,PLATINUM,686,0
3041489,14019086,sdv-pii-1hyz9,698,France,Male,29,6,0.0,2,0,0,16100.25,0,0,3,PLATINUM,913,2
3481327,2200877,sdv-pii-fhxli,850,Germany,Female,53,8,111809.14,3,1,1,45119.5,1,1,4,PLATINUM,606,4
1010091,4942100,sdv-pii-sdkad,550,Spain,Female,29,7,0.0,2,0,1,186621.24,0,0,3,SILVER,777,3
1724380,9540276,sdv-pii-9z8p8,665,France,Female,32,2,180.34,1,0,0,166792.72,0,0,4,PLATINUM,771,3
2332365,2011864,sdv-pii-a1lfg,616,Spain,Male,28,4,0.0,2,1,0,44207.69,0,0,5,GOLD,488,0
11410837,6928786,sdv-pii-dti1o,575,Spain,Female,43,4,137380.0,3,1,1,50309.54,1,1,3,PLATINUM,798,4
4874743,11056872,sdv-pii-8lau0,702,Spain,Female,42,6,0.0,2,0,0,143649.92,0,0,5,PLATINUM,492,3
7131662,8236978,sdv-pii-rej2l,808,Spain,Male,37,6,86424.27,4,0,0,24208.19,1,1,5,DIAMOND,546,0
10892616,13718676,sdv-pii-13r6p,700,Spain,Male,53,8,108608.16,4,0,0,78371.71,1,1,1,DIAMOND,914,0
5959034,12424877,sdv-pii-46rzo,530,France,Female,48,1,152851.99,2,1,0,75757.17,1,1,2,DIAMOND,333,4
14638462,9260988,sdv-pii-13h3e,666,Spain,Female,45,5,0.0,1,0,0,62290.82,1,0,5,GOLD,599,3
4446046,12608095,sdv-pii-fovou,579,Spain,Female,50,5,0.0,2,0,0,70086.58,0,0,2,PLATINUM,823,3
2924066,6416542,sdv-pii-a630c,738,Germany,Female,69,4,135660.38,2,1,0,81190.16,0,0,2,PLATINUM,636,1
4993908,14343611,sdv-pii-0ahkf,764,France,Male,28,5,0.0,2,1,1,29631.14,0,0,2,PLATINUM,925,2
3924973,3319275,sdv-pii-vayf2,691,Germany,Female,33,8,133774.61,2,1,0,84131.3,0,0,5,SILVER,765,1
1400533,2897382,sdv-pii-a3z5c,626,France,Male,64,8,127887.9,2,0,1,43709.71,1,0,2,DIAMOND,420,2
4901737,11962055,sdv-pii-tmvxm,533,Germany,Male,50,6,72942.23,4,1,1,57382.74,1,1,2,SILVER,413,4
9190832,414618,sdv-pii-iyp2t,589,Spain,Male,29,2,0.0,2,1,0,137763.7,0,0,5,PLATINUM,505,0
16088286,12581296,sdv-pii-ew078,804,Spain,Male,22,8,75126.33,2,0,0,31892.03,0,0,2,GOLD,253,0
10051720,13494528,sdv-pii-j6juu,693,France,Male,51,1,0.0,2,0,1,154173.83,0,0,5,DIAMOND,647,2
8553090,11557922,sdv-pii-zlr7z,769,Spain,Female,31,1,0.0,2,1,0,193721.96,0,0,3,PLATINUM,752,3
12207982,13209727,sdv-pii-wiup7,710,Spain,Female,29,10,124739.72,2,1,1,172478.51,0,0,5,DIAMOND,277,3
1353117,6104001,sdv-pii-nadcp,573,Germany,Female,40,8,770.09,2,0,0,59655.24,0,0,2,PLATINUM,377,1
11550604,14799502,sdv-pii-nv4sq,681,Spain,Female,47,10,144436.98,3,0,1,149839.69,1,1,4,PLATINUM,837,4
7134885,3290650,sdv-pii-x3sc7,819,Germany,Female,43,8,132444.01,1,1,0,137361.55,0,0,2,DIAMOND,340,1
15837919,8143312,sdv-pii-odej5,663,Germany,Female,45,8,104564.03,2,1,0,10281.37,0,0,3,GOLD,533,1
6121911,15508076,sdv-pii-dc9ul,592,Germany,Female,51,6,130770.2,1,1,1,4466.94,1,1,2,DIAMOND,631,4
1616580,2190586,sdv-pii-q75ld,636,France,Male,61,1,1087.93,3,0,0,156583.83,1,1,3,PLATINUM,420,2
3059272,13023236,sdv-pii-v2fcw,747,Spain,Female,64,9,138273.04,3,1,0,176113.04,1,1,5,PLATINUM,418,4
4565973,1893018,sdv-pii-e1jhz,664,Spain,Female,60,5,115125.58,3,1,0,56262.77,1,1,5,GOLD,543,4
6083408,11672683,sdv-pii-smpej,628,France,Female,45,10,132435.46,3,0,0,40982.58,1,1,3,GOLD,404,4
5622130,10954099,sdv-pii-66pl3,771,Germany,Male,40,2,0.0,2,1,0,63098.01,0,0,3,PLATINUM,496,1
7117782,13877463,sdv-pii-w8qmw,648,France,Female,27,2,112674.29,2,1,1,28975.66,0,0,5,SILVER,956,3
3937701,1740152,sdv-pii-cns6a,600,Germany,Female,48,10,60727.48,1,1,1,59971.98,0,0,3,DIAMOND,743,1
14076212,12334225,sdv-pii-z23ll,672,Spain,Female,68,9,109805.86,1,0,0,145924.97,0,0,2,PLATINUM,942,3
9108463,1966208,sdv-pii-nk4i3,656,France,Female,27,4,0.0,2,0,0,51841.23,0,0,3,PLATINUM,296,3
8580177,16478283,sdv-pii-ke19y,776,France,Female,51,8,118685.53,1,1,0,101754.79,1,1,3,GOLD,396,4
4537738,8779356,sdv-pii-stlsq,640,Germany,Female,39,3,0.0,2,0,1,120433.51,0,1,5,SILVER,742,1
16678401,14152219,sdv-pii-7b5nv,806,Spain,Male,37,9,0.0,2,1,1,92807.58,0,0,3,DIAMOND,302,0
4140616,15999588,sdv-pii-q7mqa,508,France,Male,66,9,862.08,2,1,1,185263.5,0,0,3,PLATINUM,879,2
8560166,5482845,sdv-pii-9uwfo,714,Spain,Female,35,9,94735.24,1,0,1,169752.18,0,0,3,GOLD,440,3
9338884,10071755,sdv-pii-2meyu,652,Germany,Female,32,1,137514.23,1,1,0,185416.18,0,0,2,SILVER,266,1
9145287,5955964,sdv-pii-m9vuq,689,Spain,Female,35,9,120234.87,2,1,1,136058.22,0,0,3,DIAMOND,258,3
5557991,1893724,sdv-pii-iwojr,549,France,Male,38,1,0.0,2,0,1,26004.4,0,0,5,GOLD,395,2
2155666,6666577,sdv-pii-6stm7,708,Spain,Male,32,9,134642.03,1,1,0,56000.92,0,0,3,SILVER,811,0
5554854,14020900,sdv-pii-di8w5,514,Spain,Female,25,9,118809.02,2,1,1,17356.33,0,0,5,PLATINUM,735,3
15393219,12151167,sdv-pii-nvdvu,535,Germany,Male,36,3,94159.28,3,0,0,33006.03,1,1,1,SILVER,378,4
399726,5384233,sdv-pii-a4try,603,Spain,Male,47,6,675.91,1,0,1,130174.0,0,0,4,DIAMOND,326,0
11419248,12559201,sdv-pii-9luca,677,Germany,Female,48,8,158066.7,3,0,0,99798.67,1,1,3,DIAMOND,954,4
526126,6827273,sdv-pii-vgzou,681,Germany,Female,24,2,141996.2,1,1,0,95019.39,0,0,3,SILVER,654,1
6375437,648456,sdv-pii-15230,677,Germany,Female,32,9,0.0,1,0,0,93319.78,0,0,4,SILVER,677,1
3240095,2835057,sdv-pii-ky5mr,586,Spain,Male,31,8,124999.5,2,0,0,178961.37,0,0,3,DIAMOND,685,0
988343,7189542,sdv-pii-f5fzy,617,Spain,Female,34,9,972.35,2,0,1,131347.32,0,0,3,PLATINUM,726,3
1947938,4483425,sdv-pii-vpsqb,647,France,Female,43,8,107372.0,3,0,0,117636.9,1,1,5,DIAMOND,667,4
12970091,7609880,sdv-pii-uhoki,573,Germany,Male,44,8,135402.25,1,1,0,91020.08,1,1,5,DIAMOND,852,4
2548212,6309251,sdv-pii-kuwd0,540,Spain,Female,57,8,146536.22,1,0,0,65283.27,1,1,1,SILVER,896,4
15537227,15245508,sdv-pii-8niwy,587,Germany,Female,45,9,100858.89,1,0,0,150989.68,1,1,3,GOLD,659,4
9962211,2601325,sdv-pii-2r87y,793,France,Male,39,5,0.0,2,1,1,65826.45,0,0,5,PLATINUM,830,2
15203966,8632670,sdv-pii-jsxwu,481,Spain,Female,35,3,0.0,2,1,1,95579.36,0,0,3,PLATINUM,494,3
14556947,2309791,sdv-pii-07qh5,487,France,Male,39,0,135.58,2,1,0,97447.52,0,0,3,PLATINUM,611,2
16575157,16071657,sdv-pii-2nbky,602,Spain,Male,53,9,131433.02,2,1,0,88293.82,0,0,3,GOLD,847,0
10710809,13771654,sdv-pii-by8zp,779,France,Female,48,8,139581.88,2,1,1,120534.23,0,0,4,GOLD,909,3
9827457,14674307,sdv-pii-liqf0,785,Spain,Female,31,9,141107.11,2,1,0,85653.99,0,0,4,SILVER,957,3
10400122,8897921,sdv-pii-po3wu,642,Spain,Male,27,6,121423.57,2,1,1,95749.73,0,0,2,GOLD,298,0
12068152,821488,sdv-pii-z6h4b,789,France,Male,49,6,0.0,2,1,1,122929.38,0,0,3,PLATINUM,613,2
6807368,321937,sdv-pii-qbxe3,517,France,Male,44,5,0.0,2,0,0,173234.61,0,0,3,PLATINUM,801,2
4041758,431901,sdv-pii-1wt51,599,France,Female,43,3,123249.47,1,1,0,91771.66,1,1,5,SILVER,451,4
11497139,7400104,sdv-pii-ya2q6,541,Spain,Female,57,8,0.0,1,1,0,37656.81,1,1,5,SILVER,672,4
5164968,7522618,sdv-pii-u8d7r,804,Spain,Male,25,7,0.0,2,1,0,46263.55,0,0,5,GOLD,440,0
1677675,11620664,sdv-pii-86iht,664,Germany,Female,40,4,123523.65,1,1,0,166457.74,1,1,3,PLATINUM,575,4
6796561,10325158,sdv-pii-d95ej,738,Spain,Female,54,8,927.28,2,1,1,18399.53,0,0,4,DIAMOND,502,3
16481842,16358387,sdv-pii-7ncyl,607,Germany,Female,60,9,131277.71,1,0,1,144350.77,0,0,2,SILVER,638,1
9119425,15306543,sdv-pii-olfnk,759,France,Male,59,2,108995.58,3,0,0,88933.12,1,1,4,DIAMOND,365,2
5953369,3648721,sdv-pii-s87k2,688,France,Male,40,10,142621.83,1,1,0,132780.96,1,1,1,GOLD,832,2
3863327,6828193,sdv-pii-4hq8g,585,Spain,Female,57,3,116107.06,1,1,1,82201.3,1,1,3,GOLD,526,4
13976895,14057792,sdv-pii-sjbcr,687,Germany,Female,46,9,110443.31,1,0,0,186501.91,0,0,4,DIAMOND,933,1
12086227,2911321,sdv-pii-sbitl,652,France,Female,48,6,134852.46,2,0,0,79398.75,1,1,3,GOLD,504,4
5356138,13770485,sdv-pii-mciwg,505,France,Female,28,2,1096.53,2,0,1,79199.97,0,0,4,PLATINUM,568,3
11114866,1226582,sdv-pii-03otv,805,France,Female,42,3,112173.85,3,0,0,43260.87,1,1,2,DIAMOND,548,4
12403772,8558245,sdv-pii-aotag,551,Spain,Male,38,8,123268.53,3,0,0,56515.69,1,1,3,DIAMOND,783,0
5276389,12656533,sdv-pii-y0ndd,612,Spain,Male,30,9,888.3,2,1,1,107841.72,0,0,3,GOLD,722,0
3331990,1963745,sdv-pii-a2bjk,561,Germany,Female,39,8,120089.24,1,0,0,62603.55,1,1,2,SILVER,514,4
12033606,7668729,sdv-pii-ganzu,667,Germany,Female,68,9,135708.43,2,0,0,167032.37,0,0,3,GOLD,392,1
9216449,14985151,sdv-pii-8x4mh,518,Spain,Female,45,2,467.8,2,1,0,76016.31,0,0,2,PLATINUM,613,3
15799425,14148876,sdv-pii-ks3l1,723,Germany,Female,46,6,135446.9,1,0,1,72834.93,1,1,4,GOLD,609,4
9255322,5198692,sdv-pii-lo0zn,602,France,Female,29,8,1123.63,2,1,0,140160.39,0,0,3,GOLD,456,3
4464908,2589167,sdv-pii-sttw6,543,France,Female,54,4,130910.22,2,1,0,137295.55,1,1,2,PLATINUM,481,4
16691823,5864446,sdv-pii-q6soz,528,Germany,Male,46,9,124377.37,1,1,0,161210.0,0,0,4,DIAMOND,360,1
9238829,13262340,sdv-pii-b32vk,597,Spain,Female,20,1,130538.1,2,1,0,93322.06,0,0,5,DIAMOND,808,3
4747510,13945397,sdv-pii-2flzu,554,Germany,Female,35,6,138816.44,3,1,0,100385.61,1,1,3,DIAMOND,470,4
8736951,1340232,sdv-pii-hw9hi,532,France,Female,40,4,0.0,2,1,0,177856.68,0,0,3,PLATINUM,389,3
11153070,9324894,sdv-pii-s5nqk,650,France,Female,27,8,0.0,2,1,1,128470.46,0,0,3,SILVER,522,3
15146711,9274555,sdv-pii-91ve1,527,Spain,Female,33,0,87155.57,1,1,1,184916.19,0,0,3,PLATINUM,382,3
1842208,14446392,sdv-pii-e8g5k,565,France,Male,62,10,122232.11,1,1,0,24413.08,1,1,5,DIAMOND,270,2
3494231,2236526,sdv-pii-h82x8,839,France,Male,37,7,106538.42,2,1,0,11284.53,0,1,3,PLATINUM,277,2
10530351,14021749,sdv-pii-fg0pz,642,Spain,Female,32,7,0.0,2,1,1,17429.8,0,0,1,PLATINUM,408,3
1398190,2015550,sdv-pii-qzj5g,712,Germany,Male,29,8,120087.78,1,0,1,24540.08,0,0,3,SILVER,466,1
1297036,1847744,sdv-pii-txc2v,562,France,Female,66,4,119314.53,1,1,0,66942.62,0,0,4,PLATINUM,501,3
8668658,5576733,sdv-pii-gh3pi,598,Germany,Female,34,10,122236.84,2,0,1,4568.16,1,1,3,PLATINUM,690,4
5156261,10115637,sdv-pii-g5ute,655,France,Female,32,6,417.89,2,1,1,80976.27,0,0,5,SILVER,257,3
10543602,3874669,sdv-pii-4natj,640,France,Female,31,8,108438.18,2,0,1,93558.21,0,0,5,GOLD,850,3
6673068,7411747,sdv-pii-46huy,577,France,Male,32,1,114009.37,1,0,1,172202.1,1,0,4,GOLD,612,2
11878622,9707060,sdv-pii-6o420,577,Germany,Male,63,4,84278.22,1,1,0,63853.56,0,0,5,PLATINUM,528,1
7145751,7160791,sdv-pii-lpvox,584,France,Male,44,5,0.0,2,0,1,112594.86,0,0,3,SILVER,252,2
15305653,6199930,sdv-pii-mdrxl,693,France,Female,68,5,0.0,2,0,1,40515.29,0,0,4,SILVER,657,3
11581414,1929389,sdv-pii-wc2lh,612,France,Female,60,6,0.0,2,0,0,135860.83,0,0,4,PLATINUM,275,3
2809293,12484230,sdv-pii-7waqg,629,Spain,Female,24,9,249.01,2,1,1,48780.91,0,0,3,DIAMOND,448,3
14237908,7840420,sdv-pii-lhn0u,600,Spain,Female,47,8,92.44,2,1,1,113021.74,0,0,3,PLATINUM,482,3
4275444,1106733,sdv-pii-cyqmn,647,Spain,Male,39,8,314.92,2,1,0,41539.17,0,0,5,PLATINUM,388,0
383584,5676758,sdv-pii-mmv0p,550,Spain,Male,31,5,105614.09,2,1,1,62155.71,0,0,4,PLATINUM,934,0
4792715,16703976,sdv-pii-p2dwg,519,Germany,Female,35,8,1342.73,1,0,1,34017.06,0,0,2,PLATINUM,404,1
3003041,15343248,sdv-pii-0w0nl,505,France,Female,43,8,129579.89,1,1,0,166615.11,1,1,3,GOLD,843,4
16762944,1196005,sdv-pii-igvjb,598,Germany,Female,32,3,123566.98,1,1,0,114132.67,0,0,4,GOLD,876,1
8476294,7456095,sdv-pii-7ke2r,532,France,Female,51,1,166581.74,1,1,1,38935.8,0,0,2,PLATINUM,703,3
12747331,16721683,sdv-pii-drtx8,454,France,Female,36,0,141262.53,4,0,0,177341.05,1,1,4,PLATINUM,799,4
1454281,12724522,sdv-pii-0scmf,839,Spain,Female,34,5,113730.32,2,1,0,147982.04,0,0,1,PLATINUM,299,3
8023923,15577705,sdv-pii-8uxm7,657,Spain,Female,25,6,0.0,1,0,0,96173.56,0,0,2,SILVER,481,3
10080209,12509903,sdv-pii-7rzmv,529,Spain,Male,27,8,0.0,2,1,1,115725.33,0,0,2,SILVER,779,0
13092913,3253821,sdv-pii-2grng,747,Spain,Male,31,4,105606.93,1,0,1,5176.7,0,0,1,SILVER,942,0
10536227,13095631,sdv-pii-ueuxq,525,France,Female,31,8,0.0,2,0,1,184980.08,0,0,1,DIAMOND,832,3
14116942,5619983,sdv-pii-a1nqh,679,Spain,Female,41,6,129562.46,2,0,0,110044.53,0,0,3,DIAMOND,666,3
16243234,5277287,sdv-pii-0k4zc,793,Spain,Female,36,6,111559.07,1,1,1,49343.05,0,0,2,PLATINUM,850,3
3545224,11142077,sdv-pii-ukm41,507,Spain,Male,50,8,133847.74,2,0,1,43096.89,0,0,2,DIAMOND,281,0
4448013,8886689,sdv-pii-bgy9q,666,Spain,Female,57,1,0.0,1,0,1,57026.35,0,0,3,DIAMOND,667,3
14066245,2089849,sdv-pii-99c9j,552,Germany,Female,53,6,843.32,1,0,0,88491.73,0,1,2,PLATINUM,730,4
3927897,3592200,sdv-pii-wcdjo,622,Spain,Male,28,2,87.24,2,1,0,147120.16,0,0,3,SILVER,262,0
14324957,2909411,sdv-pii-5nkuu,592,France,Male,55,1,104801.19,2,1,1,147003.92,0,0,4,SILVER,872,2
13887630,15681057,sdv-pii-iobvg,593,Spain,Male,29,7,0.0,1,1,0,99334.12,0,0,5,DIAMOND,766,0
11127466,6369945,sdv-pii-at0sv,663,Spain,Female,48,8,1208.9,2,0,0,108611.24,0,0,5,PLATINUM,254,3
7246019,10235168,sdv-pii-zq24q,551,France,Male,35,5,0.0,2,1,0,46028.13,0,0,2,SILVER,409,2
2646120,12138434,sdv-pii-gxt6b,552,Spain,Female,28,6,122662.38,2,1,1,182642.66,0,0,3,PLATINUM,620,3
4066731,12714425,sdv-pii-j0ay8,692,France,Male,24,8,120443.15,1,1,0,35881.7,0,0,3,GOLD,963,2
9703337,15046182,sdv-pii-cdey8,786,Spain,Male,35,3,0.0,2,1,1,90567.08,0,0,2,SILVER,520,0
6183913,12758800,sdv-pii-2bsvr,757,France,Female,40,2,94838.1,1,0,0,131199.69,0,0,3,DIAMOND,761,3
5827617,4698484,sdv-pii-yzws8,678,France,Female,35,5,125571.96,1,0,1,153436.91,0,0,3,GOLD,455,3
1513143,12470249,sdv-pii-qdbg2,681,Spain,Female,36,5,135882.64,2,0,0,125954.1,0,0,5,DIAMOND,307,3
8726378,1667028,sdv-pii-1c66t,508,Germany,Male,71,8,121249.27,1,0,1,162287.43,1,1,5,DIAMOND,297,4
8587163,15261715,sdv-pii-w71ed,562,Germany,Male,40,3,117912.27,2,1,1,121787.05,0,0,4,PLATINUM,401,1
3319265,9358131,sdv-pii-b54fh,712,Germany,Female,48,9,165442.0,2,1,1,37119.41,0,0,3,PLATINUM,672,1
15922028,13491433,sdv-pii-ovp2j,614,Spain,Male,32,8,470.56,2,1,0,103757.08,0,0,3,DIAMOND,979,0
8894722,15177880,sdv-pii-xpzqx,789,Spain,Male,43,8,145458.31,2,1,0,25037.84,0,0,3,PLATINUM,457,0
14799557,8952975,sdv-pii-vps0h,703,Germany,Female,40,2,1716.85,2,1,0,101230.13,0,0,3,DIAMOND,858,1
12461963,2096399,sdv-pii-en8r5,582,Spain,Female,31,8,0.0,3,1,0,74747.72,1,0,3,SILVER,923,3
9308504,5693880,sdv-pii-om7ni,581,France,Male,50,4,0.0,1,0,0,62700.54,0,0,3,SILVER,614,2
13532987,13432845,sdv-pii-hy1xf,564,Germany,Male,50,6,97247.85,1,0,1,20477.46,1,1,2,GOLD,896,4
3869586,5075151,sdv-pii-clpm3,544,Germany,Female,58,5,0.0,3,0,0,100688.94,1,1,4,DIAMOND,277,4
6914601,2362257,sdv-pii-hrmr2,639,Germany,Female,31,3,0.0,1,1,0,97047.88,0,0,1,SILVER,252,1
415751,14620164,sdv-pii-sph43,575,Germany,Male,50,8,140578.22,1,1,0,80037.76,0,0,1,DIAMOND,951,1
2222491,5211092,sdv-pii-ui57b,553,Germany,Male,41,7,105189.19,1,1,0,146429.21,0,0,1,SILVER,775,1
6721272,10252872,sdv-pii-zwzer,638,Spain,Female,31,6,0.0,2,0,1,101512.3,0,0,3,SILVER,759,3
15154792,10794571,sdv-pii-l9q74,572,Germany,Female,39,6,84166.98,1,1,1,53154.5,0,1,1,GOLD,693,1
1984812,13434905,sdv-pii-jne2c,605,Germany,Female,44,10,121442.87,1,1,0,171618.05,0,0,3,PLATINUM,622,1
4966380,11641676,sdv-pii-12pjw,548,Germany,Female,66,2,148783.0,2,1,1,6383.54,0,0,3,PLATINUM,536,1
4560659,3161328,sdv-pii-z59jd,797,Germany,Male,46,10,124720.93,1,1,0,52488.07,0,0,3,SILVER,914,1
13001014,361080,sdv-pii-ql0fx,685,Spain,Male,46,1,98539.28,2,0,1,34071.33,0,0,1,DIAMOND,728,0
2009209,6323237,sdv-pii-xok4q,749,France,Female,36,2,0.0,2,1,1,126360.93,0,0,4,GOLD,343,3
9258777,7035981,sdv-pii-ienk0,767,Germany,Female,41,3,109329.84,2,1,0,180773.91,0,0,4,DIAMOND,398,1
15227055,6598771,sdv-pii-tn2qz,766,Germany,Female,36,8,107013.32,1,0,0,147354.85,0,0,4,PLATINUM,401,1
4590975,132551,sdv-pii-dg9r3,447,Germany,Female,61,8,121892.38,1,0,1,137764.83,1,1,3,PLATINUM,860,4
10742599,8659653,sdv-pii-q99sk,714,France,Female,38,3,95832.06,3,1,0,43204.92,1,1,4,DIAMOND,516,4
13371871,12163193,sdv-pii-owcm4,728,Spain,Female,34,5,0.0,2,1,1,60918.09,0,0,3,DIAMOND,288,3
7012954,5358559,sdv-pii-1gwrz,623,Germany,Male,26,10,181.85,2,1,0,41147.48,0,0,1,DIAMOND,345,1
11577098,5322767,sdv-pii-vgk93,557,Spain,Female,36,9,139992.17,2,0,0,11.58,1,1,3,DIAMOND,557,4
10884764,15958788,sdv-pii-6gtaf,707,France,Female,34,8,0.0,2,1,1,18069.99,0,0,2,SILVER,919,3
4060576,14229305,sdv-pii-iotbx,752,Germany,Male,49,8,116151.35,4,1,1,113944.85,1,0,5,DIAMOND,944,1
14730819,10007159,sdv-pii-vk4fn,565,France,Male,21,8,105.49,2,1,1,59323.83,0,0,4,DIAMOND,662,2
7116274,4809061,sdv-pii-m4bgb,528,Germany,Male,29,3,0.0,1,1,0,53658.48,0,0,2,DIAMOND,312,1
395269,6791154,sdv-pii-y9dli,527,France,Female,39,8,81352.19,1,0,0,84490.42,1,1,5,PLATINUM,586,4
4523705,5251688,sdv-pii-62yc5,497,France,Female,41,8,131221.89,1,0,1,178577.46,1,1,2,SILVER,435,4
16491231,9137778,sdv-pii-xbvu6,550,Germany,Male,26,6,112346.67,2,1,1,54347.8,0,0,5,PLATINUM,527,1
8336147,8432481,sdv-pii-gwgbg,646,Germany,Female,39,3,119253.72,1,1,0,82471.83,1,1,3,GOLD,791,4
8282739,9728390,sdv-pii-up8d9,599,France,Female,27,8,675.48,1,0,1,29747.16,0,0,5,DIAMOND,812,3
5675545,6596804,sdv-pii-7wfmg,572,France,Female,41,2,0.0,1,0,1,77556.67,0,0,1,PLATINUM,467,3
7750740,3580089,sdv-pii-5tx54,500,Spain,Female,50,8,116471.97,1,0,0,131739.9,1,1,3,DIAMOND,382,4
6344054,7645684,sdv-pii-na34k,693,Spain,Male,36,2,890.65,2,0,0,139442.03,0,0,3,PLATINUM,934,0
91470,13083902,sdv-pii-nf3o3,757,Germany,Male,32,8,459.11,2,1,1,182862.23,0,0,3,DIAMOND,583,1
1629998,1699046,sdv-pii-bu6o8,697,France,Female,40,5,140947.65,1,0,0,42871.91,0,0,4,DIAMOND,286,3
14508350,1031353,sdv-pii-vit29,600,Spain,Female,63,9,0.0,2,0,1,39470.14,0,0,2,PLATINUM,860,3
14977662,7165460,sdv-pii-yxxql,793,Germany,Female,36,8,2426.55,2,1,0,59147.73,0,0,2,GOLD,799,1
15563737,15408962,sdv-pii-pa1gi,789,Germany,Male,26,9,93663.22,2,1,1,72637.44,0,0,4,PLATINUM,616,1
4924806,9189690,sdv-pii-vrn6m,567,France,Male,56,6,103384.53,1,0,1,156347.13,0,0,4,DIAMOND,278,2
8795409,3760770,sdv-pii-dpj5i,696,France,Female,30,4,137181.54,2,0,0,192335.71,0,0,3,GOLD,605,3
15467195,11291359,sdv-pii-jlnc7,635,Spain,Female,27,5,291.98,2,0,1,66593.73,0,0,5,SILVER,878,3
971844,10789755,sdv-pii-7273w,661,Spain,Female,46,10,137772.84,2,0,1,80273.09,0,0,4,GOLD,564,3
10074262,4910361,sdv-pii-6le2x,584,Spain,Female,52,6,129304.73,2,0,0,173740.16,0,0,1,PLATINUM,477,3
4794316,3347620,sdv-pii-jdb8g,727,France,Female,38,8,684.58,1,1,0,41386.64,0,1,4,DIAMOND,442,3
10092568,13470154,sdv-pii-3rgf2,572,Germany,Female,40,9,106777.91,1,0,1,19510.27,0,0,2,PLATINUM,761,1
5719295,1252026,sdv-pii-9ysgj,747,Spain,Male,29,6,133960.51,2,1,0,144780.76,0,0,5,GOLD,863,0
14473572,16126456,sdv-pii-x3m0g,552,France,Male,31,8,99505.96,2,1,0,34352.29,0,0,3,DIAMOND,908,2
14315658,16420130,sdv-pii-39odu,569,France,Male,42,9,114472.37,1,1,0,27297.1,1,1,1,GOLD,434,2
9619094,8352544,sdv-pii-w8loq,756,Spain,Female,27,8,244.25,1,0,1,135231.02,0,0,3,SILVER,892,3
11662179,11032383,sdv-pii-m04bt,473,Spain,Male,32,0,92790.04,1,0,0,66747.52,1,1,2,PLATINUM,383,0
8249336,15366293,sdv-pii-j1rpk,776,Germany,Female,68,8,109363.69,1,0,1,107619.3,0,0,1,DIAMOND,381,1
13601359,4697275,sdv-pii-f6ce9,586,Germany,Female,58,6,120936.0,1,0,1,29115.19,1,1,3,PLATINUM,695,4
13347647,7707504,sdv-pii-rthko,798,France,Female,28,8,120277.92,2,0,0,87653.49,1,0,3,SILVER,823,4
15145012,16025444,sdv-pii-zpnia,593,France,Male,31,9,144255.32,2,1,0,175688.9,0,0,3,DIAMOND,594,2
9551237,15455599,sdv-pii-f0581,765,France,Female,49,0,121777.39,1,1,0,120487.18,1,1,2,GOLD,843,4
10449471,6298130,sdv-pii-77ykr,758,Spain,Male,38,4,93801.61,2,1,1,71101.9,0,0,3,SILVER,874,0
4624568,13039028,sdv-pii-6fbwt,754,Spain,Male,43,5,0.0,1,0,0,77308.81,1,1,2,PLATINUM,308,0
13606155,13163356,sdv-pii-b051t,538,Spain,Male,35,5,141226.11,2,0,0,55200.44,0,0,2,GOLD,325,0
9090014,3191841,sdv-pii-p7x5x,679,Germany,Female,49,2,130972.52,2,1,0,65416.67,0,0,4,SILVER,466,1
16588676,875152,sdv-pii-c37j3,549,Spain,Male,29,8,145504.45,2,0,0,162752.93,0,0,4,PLATINUM,600,0
9359190,15244330,sdv-pii-pxj4f,850,Spain,Female,30,9,0.0,2,0,1,114226.0,0,0,5,PLATINUM,274,3
3831628,12935445,sdv-pii-wee5b,613,Spain,Male,37,3,363.48,2,0,1,40750.28,0,0,3,GOLD,384,0
10750825,9886047,sdv-pii-tsy8u,774,Germany,Female,46,9,110369.26,1,1,0,8046.7,0,0,2,PLATINUM,635,1
2896054,4054132,sdv-pii-abowo,521,France,Female,32,6,1106.86,1,1,1,129993.37,0,0,5,SILVER,971,3
1686681,1060787,sdv-pii-d9xce,659,Spain,Male,23,5,459.79,2,0,1,52849.27,0,0,5,GOLD,390,0
8125969,732921,sdv-pii-to50e,627,Germany,Female,27,6,129688.26,2,1,0,132441.37,0,0,1,DIAMOND,348,1
15498022,1116498,sdv-pii-s8oay,692,Spain,Female,51,2,165545.69,2,1,0,97060.52,0,0,5,DIAMOND,577,3
9517205,16433676,sdv-pii-sqj4l,512,France,Female,54,8,138225.54,2,1,0,76090.28,0,0,2,DIAMOND,961,3
15919893,12933925,sdv-pii-mc67l,582,France,Male,57,2,123597.2,1,1,0,141870.33,1,1,3,DIAMOND,587,2
6824840,6975724,sdv-pii-3eycf,585,Spain,Male,25,5,0.0,2,0,0,167809.21,0,0,4,GOLD,863,0
10762668,2446904,sdv-pii-aokkg,537,France,Male,33,8,747.66,1,0,0,109214.58,0,0,3,DIAMOND,594,2
14243264,9124933,sdv-pii-cxppw,779,France,Male,38,5,145558.02,1,0,0,51478.19,0,1,4,SILVER,347,2
11882509,4194323,sdv-pii-h9akv,669,Spain,Female,40,5,1577.64,2,0,0,48217.26,0,0,3,DIAMOND,958,3
3339785,15211514,sdv-pii-1dvyz,604,Spain,Female,25,4,103220.7,4,0,0,149773.14,1,1,1,GOLD,602,4
11378070,14677525,sdv-pii-mp9pm,553,France,Male,31,8,89250.12,2,0,1,24553.33,0,0,2,PLATINUM,375,2
1152090,3395173,sdv-pii-5v37m,608,France,Male,42,9,494.95,2,1,0,117084.7,0,1,5,DIAMOND,664,2
6004394,16333601,sdv-pii-mgkve,715,France,Male,42,4,72385.75,1,0,0,125851.08,1,0,3,DIAMOND,603,2
13563044,12212959,sdv-pii-sdbop,712,Germany,Female,53,8,114114.15,1,0,0,57985.1,1,1,5,GOLD,632,4
9731475,14232227,sdv-pii-l7hlt,705,France,Female,31,6,0.0,2,0,1,123741.76,0,0,5,SILVER,949,3
1122114,16238901,sdv-pii-x5prx,548,France,Female,44,8,73287.77,1,0,0,137949.79,1,0,3,PLATINUM,904,4
6266053,13801006,sdv-pii-6ownt,668,Spain,Male,30,0,156028.67,1,0,0,18146.32,0,0,3,PLATINUM,843,0
3239139,13748547,sdv-pii-ih6f4,658,France,Female,72,8,98751.27,1,0,1,11.58,1,1,4,DIAMOND,886,4
5636588,16648349,sdv-pii-p3dzj,508,France,Female,31,2,1385.85,2,1,1,145253.48,0,0,2,PLATINUM,892,3
11109065,2791907,sdv-pii-hj3fc,758,Germany,Female,33,4,108380.35,2,1,0,184669.87,0,0,3,DIAMOND,393,1
8136997,9199797,sdv-pii-u4c0q,775,Spain,Female,43,3,137947.11,2,0,0,106214.66,1,0,3,GOLD,454,3
8734169,13134834,sdv-pii-0glti,783,Spain,Male,47,6,160.34,3,0,0,100427.13,1,1,2,DIAMOND,583,0
6483097,14451690,sdv-pii-a1pmi,695,Germany,Female,55,2,76005.69,1,1,0,149193.05,1,1,1,SILVER,949,4
9352726,3621456,sdv-pii-4oadz,601,Spain,Male,35,3,85902.72,1,1,0,156699.57,1,1,2,GOLD,607,0
15436641,15767695,sdv-pii-fvfl0,797,Germany,Male,62,3,113090.74,1,1,0,140755.56,1,1,4,DIAMOND,367,4
5029246,11427104,sdv-pii-qqbad,663,Spain,Male,30,3,19.81,1,1,1,92850.65,0,0,5,DIAMOND,657,0
5592863,4890828,sdv-pii-um3dy,417,France,Male,68,8,90000.8,3,0,1,92700.41,1,1,3,PLATINUM,294,2
9747824,15705054,sdv-pii-h2bbt,544,France,Female,51,8,143915.77,2,1,1,76305.14,0,0,5,SILVER,807,3
9102412,2600588,sdv-pii-ov7lv,683,Germany,Female,48,8,118470.96,4,0,0,52610.62,1,1,4,PLATINUM,717,4
8855030,13183016,sdv-pii-oqq0w,480,France,Female,44,9,155551.48,2,0,1,101497.88,0,0,3,GOLD,439,3
2933856,10421113,sdv-pii-bbw5o,594,Spain,Male,27,1,106539.03,2,0,1,116970.27,1,1,3,DIAMOND,311,0
2955704,8438541,sdv-pii-1aez8,495,France,Female,34,8,141751.39,1,1,1,170694.75,0,0,4,PLATINUM,762,3
8369731,4929357,sdv-pii-ebf31,572,Germany,Female,58,1,117818.79,3,1,1,169381.05,1,1,4,DIAMOND,585,4
9877800,16770095,sdv-pii-atsja,554,France,Male,46,10,114281.46,2,0,0,49888.28,1,1,4,SILVER,723,2
14503276,5829210,sdv-pii-15avi,580,Germany,Female,57,8,89977.06,3,0,0,44246.54,1,1,2,SILVER,703,4
5032768,13574280,sdv-pii-delth,649,Spain,Female,37,5,2041.54,2,0,1,95978.56,1,0,4,GOLD,338,3
11158267,13656395,sdv-pii-zko4r,529,Spain,Female,42,8,104193.66,1,1,1,65493.74,0,0,5,PLATINUM,899,3
15230125,15913687,sdv-pii-sojmy,795,France,Male,29,8,0.0,2,1,1,115087.33,0,0,5,GOLD,772,2
15558785,15448335,sdv-pii-onfj3,678,France,Male,45,9,125859.72,2,1,1,70050.07,0,0,5,DIAMOND,741,2
10596100,1484148,sdv-pii-1jj76,610,Germany,Female,61,8,139971.71,2,1,0,49807.06,0,0,4,PLATINUM,974,1
15507080,5381550,sdv-pii-99pq0,814,France,Male,24,5,0.0,2,1,1,5727.0,0,0,3,GOLD,454,2
294234,14339224,sdv-pii-i7f2k,513,France,Female,43,3,959.75,2,1,0,154333.57,1,1,3,PLATINUM,945,4
7688432,487071,sdv-pii-evtwv,542,France,Male,62,5,0.0,2,0,1,38933.41,0,0,2,PLATINUM,909,2
11246359,15830872,sdv-pii-2a8ni,681,Germany,Male,64,1,100216.75,1,1,0,120695.56,0,0,5,GOLD,470,1
10565926,13912553,sdv-pii-mdd1m,556,Germany,Female,67,2,106716.9,1,1,0,47208.61,1,1,1,DIAMOND,667,4
10301345,6501308,sdv-pii-1wbn5,650,Germany,Female,25,4,138310.18,1,0,0,8596.2,0,0,3,DIAMOND,493,1
9939606,14671456,sdv-pii-5a3fm,613,France,Male,30,5,0.0,2,1,0,27634.44,0,0,3,PLATINUM,833,2
403895,8420603,sdv-pii-kwyye,699,Spain,Male,32,6,0.0,2,0,1,123322.02,0,0,5,PLATINUM,653,0
8459292,10721393,sdv-pii-2yw2r,694,Germany,Female,65,5,136441.92,1,0,0,42501.72,1,1,3,DIAMOND,974,4
15039975,14896815,sdv-pii-21gg2,717,Spain,Male,28,8,26.16,2,1,1,68271.21,0,0,3,DIAMOND,284,0
15299818,12165551,sdv-pii-uevpq,675,France,Female,30,8,112983.02,1,1,0,90963.08,0,0,5,DIAMOND,412,3
13271629,5153771,sdv-pii-l9ope,516,Germany,Female,52,8,102875.68,1,1,1,193717.86,0,0,5,DIAMOND,608,1
3028163,9529985,sdv-pii-nbj0o,774,France,Female,34,8,113318.78,1,0,0,18629.17,0,0,3,GOLD,493,3
125520,12088247,sdv-pii-vzcjf,724,Spain,Male,42,10,131625.74,1,1,0,126834.97,1,1,4,PLATINUM,576,0
8668974,10830302,sdv-pii-icf7z,687,Germany,Female,55,6,90300.87,1,1,0,29836.69,1,1,5,PLATINUM,785,4
15185494,187306,sdv-pii-85yeh,572,Germany,Female,58,5,108137.85,3,0,0,144334.35,1,1,2,PLATINUM,716,4
8468477,15995513,sdv-pii-ld1dx,562,France,Female,52,3,123.49,2,0,0,116905.1,0,0,5,SILVER,304,3
10047262,3408398,sdv-pii-fa2gs,709,Spain,Male,36,7,115439.52,1,1,0,163910.21,0,0,3,PLATINUM,775,0
1738250,7084649,sdv-pii-7hi4y,684,France,Female,24,2,146036.97,1,0,1,781.94,0,0,4,DIAMOND,929,3
4718350,1576069,sdv-pii-jpp5r,706,Germany,Female,31,8,152260.25,2,0,1,105327.46,0,0,1,SILVER,828,1
8459705,2793799,sdv-pii-lw70h,708,Spain,Female,39,9,119063.37,1,0,1,182245.46,0,0,2,DIAMOND,478,3
498328,3317842,sdv-pii-qj1iu,778,Spain,Male,59,8,0.0,2,0,0,4328.84,0,0,3,SILVER,287,0
1862102,5683959,sdv-pii-046gn,611,Spain,Male,39,5,118265.45,2,1,0,157232.52,0,0,4,GOLD,609,0
7759531,15489813,sdv-pii-srywj,771,France,Male,29,6,169.43,1,1,0,131474.29,0,0,3,PLATINUM,899,2
4199698,9826570,sdv-pii-h4cpw,553,Germany,Female,61,3,148347.03,1,0,0,26789.08,1,1,2,PLATINUM,931,4
15961693,1737414,sdv-pii-1ouas,597,France,Female,20,7,0.0,2,1,0,74021.63,0,0,5,PLATINUM,352,3
11006824,1334526,sdv-pii-r96o7,756,Spain,Female,39,5,138504.04,2,1,0,139765.17,0,0,1,GOLD,660,3
4061217,4326132,sdv-pii-o9nke,743,France,Male,45,9,919.09,2,1,0,178753.61,0,0,5,GOLD,619,2
5964984,3065935,sdv-pii-10gmj,799,Spain,Female,39,2,107911.61,3,1,0,78338.92,1,1,5,SILVER,505,4
14107513,15245198,sdv-pii-yngg0,556,France,Female,40,2,0.0,2,1,1,58781.08,0,0,1,PLATINUM,346,3
1008797,6690409,sdv-pii-luil1,714,Germany,Female,31,5,124332.31,2,0,1,116297.56,0,0,1,GOLD,762,1
6778106,3194182,sdv-pii-2iywc,559,Spain,Female,31,8,1029.4,2,0,0,170031.78,0,0,2,PLATINUM,892,3
14392825,13446311,sdv-pii-r96rj,752,Spain,Female,33,5,129978.7,1,1,1,119605.49,0,0,3,SILVER,440,3
9271024,7443291,sdv-pii-r9pve,797,Spain,Female,31,8,153507.66,2,1,1,45133.9,0,0,2,GOLD,546,3
12083082,15405072,sdv-pii-lou7o,651,Germany,Male,46,5,116509.16,1,1,1,47330.76,1,0,2,DIAMOND,273,1
14514649,1526121,sdv-pii-7fc04,583,Spain,Female,41,9,0.0,2,0,0,50698.34,0,0,3,PLATINUM,411,3
1568615,10102212,sdv-pii-gpia9,815,Spain,Female,63,1,113229.72,1,1,0,162944.11,0,0,5,DIAMOND,875,3
12753714,1355301,sdv-pii-ft1jd,459,France,Female,28,10,0.0,2,1,1,137947.75,0,0,4,PLATINUM,805,3
2403290,5317078,sdv-pii-a7hje,543,Spain,Female,25,8,137552.66,2,0,0,91861.6,0,0,5,SILVER,751,3
10579240,4469086,sdv-pii-alkpj,548,Spain,Female,33,5,126986.24,1,1,0,56451.2,0,0,2,PLATINUM,948,3
12036215,15316406,sdv-pii-u0exu,559,France,Male,43,6,116572.0,1,0,0,12620.45,0,0,3,GOLD,910,2
3944505,184375,sdv-pii-f1gfc,637,France,Female,39,8,107655.34,3,1,0,78415.5,1,1,3,DIAMOND,399,4
13267943,1355922,sdv-pii-lglff,786,Germany,Female,34,2,114599.13,2,1,1,170199.64,0,0,1,GOLD,638,1
2029205,14227972,sdv-pii-l0p8f,590,Spain,Female,24,1,0.0,2,1,0,88047.54,0,0,2,DIAMOND,755,3
1108542,4267572,sdv-pii-iyfr5,650,Spain,Female,50,9,0.0,2,1,1,19617.58,0,0,2,GOLD,435,3
4839355,90854,sdv-pii-iaju7,505,Spain,Male,38,8,0.0,2,0,0,8333.93,0,0,3,DIAMOND,249,0
10175075,15353244,sdv-pii-87vpw,802,France,Female,33,8,0.0,2,0,1,80043.83,0,0,1,DIAMOND,251,3
15155650,7195684,sdv-pii-j7o9e,543,Germany,Male,44,6,85682.75,1,1,0,94067.0,1,1,5,DIAMOND,244,4
14753760,7095514,sdv-pii-xs5j4,729,Spain,Male,35,4,103872.29,1,1,0,165218.79,0,0,3,PLATINUM,470,0
932416,1440364,sdv-pii-w48o2,829,Spain,Male,29,8,127027.54,2,1,1,49750.86,0,0,3,DIAMOND,621,0
9692649,16623223,sdv-pii-7jrg0,504,Germany,Female,48,5,131055.89,3,0,0,178353.45,1,1,4,PLATINUM,707,4
2888799,4179574,sdv-pii-kehx9,711,Germany,Male,25,8,127748.66,1,1,0,52338.99,0,0,4,DIAMOND,323,1
1075323,10280320,sdv-pii-5jras,757,Germany,Female,26,5,1837.7,2,0,1,106836.33,0,0,5,SILVER,779,1
6012237,4739385,sdv-pii-tn0wo,632,France,Female,60,9,125213.9,1,1,0,36395.82,0,0,2,PLATINUM,440,3
6551234,15972898,sdv-pii-zbqng,422,Spain,Female,45,4,98932.74,2,0,0,44296.97,0,0,5,GOLD,874,3
10467594,13319131,sdv-pii-yt8yj,530,Germany,Female,51,9,156803.36,1,1,1,80825.1,0,0,4,DIAMOND,981,1
3414156,4435122,sdv-pii-ji7d0,647,France,Male,64,5,125999.3,1,0,0,23764.28,1,1,3,DIAMOND,283,2
9038813,11791770,sdv-pii-74lrw,514,Spain,Male,46,5,473.01,2,1,1,59040.23,0,0,2,PLATINUM,924,0
14429278,3121337,sdv-pii-ohdhe,565,France,Male,46,10,0.0,2,1,0,28329.01,0,0,3,PLATINUM,875,2
4894041,15151200,sdv-pii-rm3lz,839,France,Female,61,2,114886.36,1,1,0,37877.33,1,0,1,DIAMOND,268,4
1288035,10361824,sdv-pii-ozf8v,741,France,Female,41,8,112289.7,1,1,0,113452.69,1,1,2,GOLD,904,4
9739566,8099869,sdv-pii-2opaz,544,Spain,Male,35,7,95853.24,3,0,0,70128.14,1,1,1,PLATINUM,290,0
16311782,13540850,sdv-pii-qva5u,556,Spain,Female,22,2,0.0,2,0,1,171774.34,0,0,2,GOLD,729,3
16474124,12822294,sdv-pii-u2i02,542,Germany,Male,44,9,664.13,2,0,0,78810.63,1,1,3,PLATINUM,649,4
4549098,2565659,sdv-pii-y2b54,573,France,Female,46,9,131988.63,2,1,0,187856.81,1,1,2,DIAMOND,315,4
2764036,14754832,sdv-pii-7pf7x,634,Spain,Female,24,8,0.0,1,1,0,67163.06,0,0,4,GOLD,496,3
9923101,6814189,sdv-pii-1bzhh,605,France,Male,38,1,633.71,2,0,1,59139.16,0,0,4,PLATINUM,902,2
14633784,4639705,sdv-pii-migx0,681,Germany,Female,54,5,105783.12,1,1,0,81752.24,0,0,4,DIAMOND,505,1
7685170,11782005,sdv-pii-11txa,559,Spain,Male,54,8,120783.18,2,1,0,121633.03,0,0,4,DIAMOND,461,0
2293976,1410752,sdv-pii-r4o5d,518,France,Male,44,8,55.75,1,1,0,78192.34,1,1,4,PLATINUM,707,2
1743710,14895966,sdv-pii-rrdvq,796,Germany,Female,23,5,72422.31,2,0,1,25253.3,0,0,2,PLATINUM,490,1
2948874,6035990,sdv-pii-7q2lv,678,France,Male,34,6,0.0,2,1,0,56035.11,0,0,3,PLATINUM,816,2
2066839,1242416,sdv-pii-csrh0,594,Germany,Male,49,1,103939.41,1,1,0,32769.56,1,0,5,GOLD,556,1
116137,6513431,sdv-pii-s17ir,721,Germany,Female,46,8,91088.43,1,0,0,122746.34,0,0,3,GOLD,818,1
13976776,8453610,sdv-pii-15qj3,718,Spain,Male,42,8,0.0,2,1,0,41481.0,0,0,2,PLATINUM,873,0
9481680,1282428,sdv-pii-eu37t,573,Spain,Female,34,5,127851.8,2,1,1,110227.07,1,1,1,PLATINUM,279,4
3606085,11096839,sdv-pii-gzzmz,700,Spain,Female,37,8,0.0,2,1,1,45137.43,0,0,4,DIAMOND,845,3
11691214,5488265,sdv-pii-y0sm8,675,France,Female,68,10,133918.52,1,0,0,186886.83,1,1,4,GOLD,599,4
15051620,1830824,sdv-pii-wkloy,564,Germany,Male,51,10,0.0,2,1,0,123923.11,1,1,1,GOLD,553,4
8214506,13359308,sdv-pii-9qr6m,630,France,Female,32,8,0.0,2,0,0,87133.17,0,0,3,SILVER,642,3
10332667,213942,sdv-pii-d8z0b,616,Spain,Male,38,9,419.74,2,1,0,18690.86,0,0,1,SILVER,768,0
8625751,15559289,sdv-pii-dn7b8,626,Spain,Female,21,9,580.06,2,1,1,55526.84,0,0,4,PLATINUM,562,3
863431,8719922,sdv-pii-qw58s,660,Germany,Male,36,8,121926.7,1,0,0,42512.44,1,1,1,PLATINUM,391,4
6959303,338529,sdv-pii-5yqfr,785,France,Male,37,4,101737.21,2,1,0,186964.7,0,0,1,GOLD,561,2
7777811,1079856,sdv-pii-1qtsk,730,Germany,Female,28,1,90287.21,1,1,0,104148.63,0,0,1,PLATINUM,720,1
5795105,7137993,sdv-pii-uryzc,668,France,Female,57,6,99793.52,1,0,0,97559.5,0,0,3,DIAMOND,600,3
10072989,3733099,sdv-pii-brd3f,676,France,Female,46,8,943.07,3,0,1,123293.85,1,1,1,DIAMOND,386,4
8946854,11897398,sdv-pii-p8ccm,659,Germany,Female,41,10,540.36,1,1,0,93704.71,1,1,3,PLATINUM,342,4
13576590,7415595,sdv-pii-1gd15,575,Germany,Female,38,5,122674.23,1,1,0,66349.61,1,1,2,PLATINUM,734,4
6964526,8210684,sdv-pii-7ih59,714,Spain,Male,32,5,669.14,2,1,1,103840.72,0,0,1,SILVER,359,0
540432,5959093,sdv-pii-y7hqs,795,France,Female,45,7,127392.92,1,1,0,171449.31,0,0,2,PLATINUM,449,3
9549138,12943298,sdv-pii-7ya21,763,Spain,Male,35,8,892.43,2,0,1,24541.86,0,0,5,SILVER,969,0
10824258,13510962,sdv-pii-w3cq8,554,France,Female,45,3,0.0,2,0,1,15092.02,1,1,3,DIAMOND,851,4
3868458,8852651,sdv-pii-sg84l,582,Spain,Female,29,1,1307.05,1,0,1,150084.12,0,0,3,PLATINUM,418,3
13342617,10231031,sdv-pii-xhujv,747,France,Male,41,6,0.0,2,0,1,18812.58,1,1,3,DIAMOND,627,2
9307200,13971638,sdv-pii-lr88d,799,Spain,Female,35,3,101256.15,3,0,0,127742.43,0,0,4,SILVER,625,3
2268163,7762646,sdv-pii-bhljs,559,Spain,Female,43,3,2584.02,1,1,0,55026.04,1,1,1,DIAMOND,272,4
811934,14130980,sdv-pii-wtjxv,550,France,Male,42,8,0.0,4,1,0,170349.36,1,1,3,GOLD,603,2
3945499,10908766,sdv-pii-5nyyn,473,France,Female,38,5,438.55,2,1,1,114521.59,0,0,5,PLATINUM,820,3
9728321,13210623,sdv-pii-v5mac,788,Spain,Female,40,5,101247.87,1,0,1,74129.27,0,0,3,SILVER,614,3
3950639,15183460,sdv-pii-nqxxb,823,France,Male,30,9,105463.84,1,1,0,54198.01,0,0,5,GOLD,740,2
3893554,6402814,sdv-pii-dcnbx,710,France,Male,50,8,117295.17,2,1,1,81589.83,1,1,5,DIAMOND,753,2
12923211,13722184,sdv-pii-5xevi,822,Germany,Female,42,8,2469.51,2,0,1,88720.18,0,1,3,GOLD,804,1
14195789,13238785,sdv-pii-h91yp,644,France,Male,33,5,108280.26,2,1,0,123958.11,0,0,4,GOLD,808,2
3274196,14803233,sdv-pii-b3zkp,653,Spain,Female,41,6,112947.12,2,1,0,98898.35,0,0,5,PLATINUM,807,3
7872569,11024268,sdv-pii-7weme,584,Spain,Male,25,7,0.0,2,1,0,136010.82,0,0,5,PLATINUM,915,0
13043687,10722698,sdv-pii-3wrck,623,France,Male,31,8,205.76,2,1,0,144588.24,0,0,1,PLATINUM,935,2
12946360,2728029,sdv-pii-m5s0h,777,Germany,Female,44,4,96036.91,1,1,0,2551.64,0,0,4,DIAMOND,295,1
10929375,9222053,sdv-pii-0n751,493,France,Female,63,8,102482.26,2,1,0,111001.45,0,0,4,PLATINUM,310,3
6659051,11827452,sdv-pii-we8l3,742,France,Male,36,10,1860.06,2,0,0,117379.31,0,0,4,PLATINUM,614,2
6577681,10473166,sdv-pii-jx5uh,781,Spain,Male,46,7,646.96,2,0,0,95392.59,0,1,5,PLATINUM,457,0
7149897,12540197,sdv-pii-8rm2q,488,France,Male,45,9,0.0,2,1,0,149789.25,1,1,5,PLATINUM,831,2
13538548,10464083,sdv-pii-avjan,597,France,Female,30,3,0.0,2,1,0,76923.48,0,0,3,PLATINUM,277,3
947045,8205498,sdv-pii-hd3yp,659,Germany,Male,33,8,110243.44,1,1,0,5893.33,0,0,4,GOLD,275,1
12138988,9182952,sdv-pii-tsd6o,594,France,Female,23,6,0.0,2,1,0,67717.3,0,0,3,SILVER,898,3
5117768,14439376,sdv-pii-bw29g,788,France,Female,47,7,13.71,2,0,0,155210.29,0,0,1,DIAMOND,286,3
9005734,10404665,sdv-pii-drueu,551,France,Female,37,5,0.0,2,1,1,100033.51,0,0,1,SILVER,578,3
3097611,13269664,sdv-pii-zk095,543,Spain,Female,39,8,118376.68,2,1,0,96653.9,0,0,4,DIAMOND,421,3
9021250,11355944,sdv-pii-s60fi,710,France,Male,41,6,137053.13,1,1,0,89018.06,0,0,4,DIAMOND,315,2
888265,2363104,sdv-pii-pqob8,739,Germany,Female,49,8,102720.02,1,0,0,11.58,0,1,3,PLATINUM,291,4
4770328,1134964,sdv-pii-jz009,670,France,Female,39,5,0.0,2,1,1,172537.19,0,0,3,PLATINUM,284,3
8669347,1489348,sdv-pii-sw6ib,717,Germany,Female,52,1,90807.51,1,1,0,64906.21,0,0,4,DIAMOND,895,1
11018998,15442489,sdv-pii-1umrq,642,France,Female,62,1,118045.74,1,1,1,170337.23,0,0,3,PLATINUM,911,3
9672101,4583139,sdv-pii-kqnyu,646,Spain,Male,53,8,863.38,1,1,0,135436.38,0,0,3,SILVER,390,0
10791519,3919629,sdv-pii-2yn1l,697,Spain,Male,31,3,117875.03,2,1,0,165284.48,0,0,1,GOLD,449,0
8799118,12087767,sdv-pii-kly11,627,Germany,Male,23,8,117963.53,2,1,0,69209.63,0,0,3,SILVER,226,1
8042821,2142450,sdv-pii-jizre,628,France,Male,29,5,0.0,2,1,1,100353.48,0,0,3,PLATINUM,271,2
13129884,2796437,sdv-pii-oaw7a,597,France,Male,25,6,111492.34,1,1,0,24829.65,0,0,1,GOLD,837,2
12496678,2723314,sdv-pii-z86yw,554,Spain,Male,23,1,0.0,2,0,1,75566.7,0,0,1,SILVER,470,0
16232333,2603101,sdv-pii-lkppm,621,Spain,Female,30,2,0.0,2,0,1,191399.2,0,0,1,PLATINUM,920,3
615767,9176421,sdv-pii-il2st,690,Spain,Male,58,8,111259.7,1,1,1,91191.74,0,0,5,GOLD,401,0
3613275,5916620,sdv-pii-893ev,693,Spain,Female,37,1,113345.15,2,1,1,105616.95,0,0,1,GOLD,720,3
8221542,9644062,sdv-pii-fvl6n,588,Germany,Female,44,5,130529.27,2,1,1,92756.99,0,0,3,DIAMOND,781,1
9842190,12877381,sdv-pii-r7cqt,750,France,Male,53,7,106974.76,1,1,0,75672.87,0,0,1,DIAMOND,609,2
9988977,12371052,sdv-pii-rqlfj,643,Spain,Female,44,3,142628.33,1,1,1,113635.28,0,0,2,GOLD,714,3
8180903,16193198,sdv-pii-rpxjw,558,Spain,Female,49,3,101013.8,2,0,0,26059.92,0,1,5,PLATINUM,437,3
11175485,12425157,sdv-pii-07pi4,624,Spain,Female,46,5,141251.37,3,0,1,64374.03,1,1,3,SILVER,828,4
7740970,15270193,sdv-pii-74biu,553,France,Female,40,3,153912.22,1,1,1,115438.05,0,0,3,PLATINUM,923,3
2494825,11608426,sdv-pii-kyd9o,680,Spain,Female,26,6,0.0,1,0,0,56534.95,0,0,2,DIAMOND,849,3
45813,7211815,sdv-pii-iyj4o,667,France,Male,36,8,0.0,1,0,1,65497.55,0,1,3,SILVER,912,2
11264566,15324400,sdv-pii-d2m6m,558,Spain,Female,30,5,466.56,2,1,0,97740.55,0,0,1,SILVER,650,3
5193954,13358854,sdv-pii-qcpod,665,Spain,Female,57,8,0.0,2,1,1,175950.76,0,0,3,GOLD,987,3
5563276,4106703,sdv-pii-wi3n0,591,Germany,Female,23,9,139109.29,1,0,1,32193.32,0,0,2,PLATINUM,852,1
7317950,16158727,sdv-pii-rkkfh,735,France,Female,44,1,737.11,1,1,1,128534.81,0,0,4,SILVER,761,3
11671075,10075212,sdv-pii-sv9n5,580,Germany,Female,62,5,118665.44,1,0,1,66165.57,0,0,3,SILVER,912,1
8835372,14700060,sdv-pii-w4hzg,764,Spain,Female,60,2,0.0,2,1,1,134699.13,0,0,5,PLATINUM,337,3
16327449,13820349,sdv-pii-ueuiy,766,Spain,Female,46,6,80689.77,2,0,1,143146.85,1,1,5,PLATINUM,616,4
14270445,2363866,sdv-pii-a1y3w,779,France,Male,30,1,0.0,2,1,1,103242.84,0,0,4,PLATINUM,972,2
7539368,8027107,sdv-pii-1xi2m,654,Spain,Female,40,3,137450.51,1,0,0,117099.23,0,0,1,GOLD,643,3
5558781,8187819,sdv-pii-2wzlt,715,Spain,Male,35,1,316.75,2,1,1,109102.39,0,0,2,GOLD,316,0
1498717,7092409,sdv-pii-pk5sj,607,Germany,Male,59,3,134067.67,1,0,0,142717.63,0,0,2,PLATINUM,903,1
12244139,5005607,sdv-pii-qbk23,699,France,Male,47,7,101.05,1,1,0,67432.59,0,0,2,GOLD,721,2
15878489,11483548,sdv-pii-qyr0c,610,France,Female,26,8,134510.11,1,1,0,139534.11,1,0,4,PLATINUM,389,3
11006357,1344078,sdv-pii-ph4db,775,France,Female,33,8,0.0,1,0,0,72560.79,0,0,5,SILVER,845,3
9849479,14632746,sdv-pii-8he4n,587,Germany,Male,26,4,0.0,2,1,1,76476.82,0,0,5,SILVER,324,1
10934519,9880645,sdv-pii-jyys7,550,France,Male,48,8,147190.52,1,0,0,45814.11,1,1,4,DIAMOND,636,2
9826669,1862042,sdv-pii-7dla8,631,France,Male,44,1,126779.92,1,0,0,55583.25,1,1,4,DIAMOND,803,2
7713342,18663,sdv-pii-flsoy,588,France,Female,42,7,131202.01,2,1,1,7401.6,0,0,4,PLATINUM,510,3
9009589,2716294,sdv-pii-dkpm7,510,Germany,Male,19,10,129991.99,2,1,0,70220.91,0,0,4,DIAMOND,850,1
12183228,16129500,sdv-pii-rbz34,776,Germany,Female,27,8,148788.18,1,1,0,43350.49,1,0,4,PLATINUM,940,1
6741050,6373219,sdv-pii-318tw,666,Germany,Male,40,5,146193.47,1,0,0,163313.04,0,0,3,PLATINUM,354,1
4438259,15284065,sdv-pii-hxfxr,603,Germany,Female,52,8,94512.93,1,0,0,171613.7,0,0,4,DIAMOND,552,1
9860433,12735453,sdv-pii-yluk1,562,France,Female,29,5,0.0,2,1,0,185579.64,0,0,4,DIAMOND,651,3
9754535,13295010,sdv-pii-ji51g,516,Germany,Female,49,8,128540.36,2,1,0,122454.12,0,0,1,PLATINUM,755,1
8572360,6702433,sdv-pii-9k68s,755,Spain,Female,29,9,0.0,2,1,0,183886.53,0,0,1,DIAMOND,947,3
5966026,8893683,sdv-pii-j0ecj,784,France,Female,29,4,133896.43,1,0,1,146754.84,0,0,3,DIAMOND,463,3
16112963,10049044,sdv-pii-1rmei,710,France,Female,68,4,0.0,2,0,1,74267.2,0,0,5,DIAMOND,430,3
4595062,15787876,sdv-pii-csfsx,506,France,Male,35,1,126022.17,2,0,0,102279.35,1,1,2,PLATINUM,661,2
6818989,7913861,sdv-pii-l7f7d,539,France,Female,70,5,137895.26,3,1,0,69036.55,1,1,5,DIAMOND,387,4
10060830,4117117,sdv-pii-dn6rg,692,France,Female,47,2,413.87,2,1,1,31798.72,0,0,5,PLATINUM,506,3
13405899,15327387,sdv-pii-x0fak,664,France,Male,43,8,88931.27,2,1,0,5876.91,0,0,5,SILVER,596,2
2895649,9145497,sdv-pii-9xc3f,580,France,Male,37,8,86588.88,3,0,0,46136.96,1,1,4,PLATINUM,984,2
12753370,14081446,sdv-pii-hwjll,767,Spain,Female,27,9,105367.89,2,1,1,56814.36,0,0,4,GOLD,950,3
12919907,7720959,sdv-pii-3byri,577,Spain,Female,47,9,0.0,2,1,1,132115.12,0,0,4,PLATINUM,339,3
12537453,11345028,sdv-pii-tskrn,594,France,Female,46,8,108818.9,3,0,0,176667.34,1,1,4,PLATINUM,273,4
15995202,821075,sdv-pii-hq94w,516,Germany,Female,32,5,138897.19,2,0,0,25049.47,1,1,3,PLATINUM,284,4
12164902,6758085,sdv-pii-osdst,622,Spain,Female,23,9,0.0,2,1,1,132429.12,0,0,2,SILVER,758,3
10359282,15113324,sdv-pii-8o4h2,622,Spain,Female,47,5,819.73,2,0,0,110628.24,0,0,4,DIAMOND,471,3
3617822,8383902,sdv-pii-e3qpl,711,France,Male,62,9,122639.18,2,1,0,59769.29,1,1,2,PLATINUM,795,2
4925991,5161265,sdv-pii-b5zyl,709,Spain,Female,39,7,112801.86,1,1,0,44950.38,0,0,3,GOLD,854,3
15047261,2187814,sdv-pii-lkhyp,554,Germany,Female,38,4,136251.85,1,1,0,62309.69,0,0,4,DIAMOND,689,1
588976,589593,sdv-pii-y95nw,700,Germany,Female,44,2,134115.17,2,1,0,117041.09,1,1,4,PLATINUM,778,4
3076580,5951647,sdv-pii-tf9ft,573,Spain,Female,25,8,0.0,2,0,0,186706.39,1,0,1,PLATINUM,294,3
1018084,1613545,sdv-pii-vev39,635,Germany,Female,61,2,133470.65,2,1,1,183907.15,1,0,4,SILVER,903,1
5987137,1736255,sdv-pii-2njj8,850,Germany,Female,60,7,89165.84,1,0,0,51496.18,0,0,3,DIAMOND,909,1
9710373,7151994,sdv-pii-w886h,811,France,Male,25,9,0.0,1,1,0,100025.97,0,0,3,SILVER,338,2
6868361,11419685,sdv-pii-rzlak,647,Germany,Female,49,10,105495.66,1,0,0,169471.82,1,1,1,DIAMOND,310,4
4735600,5330420,sdv-pii-u4o48,734,France,Male,40,2,124080.32,1,0,0,189962.23,0,0,5,DIAMOND,647,2
13920946,14231046,sdv-pii-va0p1,622,Spain,Male,37,4,0.0,2,1,0,68876.5,0,0,2,DIAMOND,403,0
8013325,6928945,sdv-pii-rl42o,521,Spain,Female,36,3,0.0,1,1,1,40357.75,0,0,2,SILVER,878,3
94544,5008710,sdv-pii-w4lgo,620,Germany,Male,57,10,116999.05,1,1,0,84057.39,0,0,2,GOLD,752,1
7762816,7289963,sdv-pii-36o77,849,Germany,Male,46,8,142132.51,1,1,0,142613.4,0,0,5,DIAMOND,311,1
16342800,7003849,sdv-pii-475we,826,Spain,Female,23,9,0.0,2,1,0,110208.28,0,0,1,SILVER,234,3
9652676,12339444,sdv-pii-tl5to,541,Germany,Female,39,10,131123.4,2,0,0,17369.88,1,1,3,GOLD,352,4
6029089,12246624,sdv-pii-w17oq,689,Germany,Male,49,8,121067.3,1,1,0,118449.13,0,0,3,DIAMOND,873,1
5953048,12631569,sdv-pii-xiv50,677,Spain,Female,56,9,131677.89,1,1,0,178761.28,1,0,2,PLATINUM,913,3
5735264,6638690,sdv-pii-rv72b,673,France,Male,29,6,0.0,2,1,0,65544.22,0,0,5,GOLD,406,2
4086726,2189554,sdv-pii-1ehbh,614,Spain,Male,57,8,124219.71,1,1,1,120388.14,0,0,2,DIAMOND,724,0
10179940,12293494,sdv-pii-jsreh,556,France,Male,38,3,107899.32,2,0,0,16482.44,0,0,5,SILVER,918,2
11048590,9149056,sdv-pii-880nh,621,Spain,Female,24,3,0.0,2,0,0,26242.02,0,0,3,SILVER,922,3
9720859,1417122,sdv-pii-dgzme,614,France,Male,28,3,0.0,1,1,0,163302.1,0,0,1,DIAMOND,289,2
11665316,10884625,sdv-pii-yzr9w,800,Spain,Female,37,8,879.29,1,0,0,42573.34,0,0,1,SILVER,816,3
12644790,6848605,sdv-pii-3mj2z,788,Spain,Male,64,3,0.0,1,1,0,116029.12,1,1,2,PLATINUM,997,0
16395249,9777849,sdv-pii-1aqv6,590,France,Female,65,5,801.42,1,0,0,65099.24,1,1,3,PLATINUM,380,4
10534881,540507,sdv-pii-b3ive,644,France,Male,57,6,106709.44,1,0,0,58133.96,0,1,1,PLATINUM,258,2
2496516,2742146,sdv-pii-zpkvj,791,France,Male,36,6,0.0,2,0,1,2848.33,0,0,3,DIAMOND,956,2
5218283,941194,sdv-pii-q773i,754,Germany,Female,44,2,153299.55,4,0,0,46555.29,1,1,4,GOLD,242,4
3421867,12750391,sdv-pii-zxve6,548,Spain,Male,25,8,82.1,2,0,0,21525.88,0,0,3,PLATINUM,325,0
6221410,925566,sdv-pii-pasmk,626,Spain,Male,33,5,105082.98,1,1,1,32239.47,0,0,4,GOLD,924,0
15537165,14392831,sdv-pii-j95ga,486,France,Male,49,2,142855.78,1,1,0,31873.55,0,0,5,DIAMOND,962,2
6168695,13972109,sdv-pii-mswkh,521,Spain,Female,26,3,136861.9,2,1,0,100384.68,1,0,4,DIAMOND,478,3
5742487,4891657,sdv-pii-mzq7l,669,Germany,Female,33,10,114751.68,1,0,0,127996.39,0,0,4,PLATINUM,677,1
849420,15719424,sdv-pii-oqphs,704,France,Female,24,9,0.0,2,0,1,168280.04,0,0,2,DIAMOND,415,3
2572964,4671319,sdv-pii-tqv21,764,Spain,Female,41,3,109929.43,3,0,0,43598.61,1,1,2,DIAMOND,307,4
6915109,4331068,sdv-pii-ar399,760,France,Female,28,7,136154.6,1,1,1,107717.22,0,0,2,DIAMOND,394,3
4563703,14642796,sdv-pii-cyhme,703,Germany,Female,23,5,0.0,1,0,1,92938.9,0,0,2,PLATINUM,261,1
563498,1660809,sdv-pii-my0lf,680,Spain,Male,33,7,338.05,1,0,0,110491.37,0,0,5,GOLD,820,0
12166859,12787592,sdv-pii-bnwkk,692,Spain,Female,60,10,109741.02,1,0,0,116046.73,0,1,3,PLATINUM,834,3
14680665,13512735,sdv-pii-rbmxk,754,Spain,Female,32,3,0.0,2,1,0,109288.35,0,0,3,DIAMOND,338,3
6030620,3423068,sdv-pii-y00vl,616,Spain,Female,45,3,122329.55,3,0,0,29579.59,1,1,3,PLATINUM,668,4
6543020,7429248,sdv-pii-aoah4,655,France,Female,46,8,899.38,2,1,0,33778.67,0,0,3,PLATINUM,414,3
618737,8592813,sdv-pii-ztbxm,686,France,Female,43,5,90512.64,3,0,1,101815.06,1,1,4,PLATINUM,611,4
7514678,13270116,sdv-pii-wjy2q,677,Spain,Female,43,1,116546.34,1,0,0,61729.58,1,1,4,PLATINUM,949,4
7540199,12353254,sdv-pii-lk2b9,554,France,Female,42,8,132800.38,2,0,0,107716.2,1,1,1,PLATINUM,951,4
8499193,4945534,sdv-pii-uu0kn,675,France,Female,43,1,0.0,2,0,1,79528.37,0,0,3,PLATINUM,308,3
9364230,1192264,sdv-pii-uom3o,554,Spain,Female,34,8,750.29,2,0,1,135136.55,0,0,4,PLATINUM,468,3
1886379,13973106,sdv-pii-gmdry,594,Germany,Male,29,7,0.0,2,1,0,131802.69,0,0,2,DIAMOND,259,1
8264858,8177291,sdv-pii-t81w2,543,France,Female,44,2,0.0,2,1,1,106882.1,0,0,3,PLATINUM,433,3
12623387,13643818,sdv-pii-wr08v,566,Spain,Male,24,5,0.0,2,0,1,54620.14,0,0,2,DIAMOND,785,0
13419498,1287310,sdv-pii-7rrzf,593,Germany,Female,51,5,119493.77,3,0,1,55448.37,1,1,4,SILVER,749,4
714103,12895068,sdv-pii-qn4zu,689,Spain,Male,31,5,247.54,2,1,1,84316.08,0,0,2,SILVER,379,0
9266630,11925632,sdv-pii-o0mxe,501,France,Female,44,8,114539.14,2,1,1,144272.59,0,0,3,PLATINUM,618,3
12967680,7829247,sdv-pii-mebg5,652,Spain,Female,30,8,104793.65,1,0,1,46230.98,0,0,2,PLATINUM,843,3
4256918,13077229,sdv-pii-8c1sq,693,Germany,Male,31,5,133799.36,4,0,1,50254.62,1,1,2,GOLD,959,4
7196933,15137656,sdv-pii-kxcv5,634,France,Male,44,6,0.0,2,1,0,14918.69,1,1,5,SILVER,543,2
15310514,12195889,sdv-pii-ej3xe,643,Spain,Male,31,8,0.0,2,0,1,73682.15,0,0,3,PLATINUM,866,0
2361534,8192296,sdv-pii-j0mgm,753,France,Male,38,9,129043.59,2,0,0,161045.61,1,0,1,PLATINUM,306,2
8777736,6117039,sdv-pii-vin5l,535,Germany,Female,66,9,116387.25,4,0,1,104200.14,1,1,5,PLATINUM,776,4
6471094,6066850,sdv-pii-9qh7j,743,Spain,Male,29,8,0.0,1,0,1,105089.43,0,0,5,PLATINUM,555,0
4174943,11699957,sdv-pii-wvmhy,725,France,Female,34,6,0.0,2,0,1,102987.05,0,0,4,PLATINUM,974,3
10695143,11274990,sdv-pii-zbbgx,756,Germany,Female,53,1,109008.44,1,0,1,181094.02,0,0,2,SILVER,625,1
13198746,12312074,sdv-pii-aojtg,608,Spain,Male,34,2,114211.49,1,0,0,34674.88,0,0,5,PLATINUM,386,0
7171067,11570620,sdv-pii-dzujh,664,France,Male,26,4,0.0,2,0,0,51184.46,0,0,3,PLATINUM,830,2
9361634,12466787,sdv-pii-aozx7,712,Germany,Female,62,8,886.83,3,0,1,181251.49,1,1,4,SILVER,583,4
12564023,12360115,sdv-pii-o8au9,784,France,Male,69,6,189.3,2,1,1,49107.64,1,1,4,DIAMOND,603,2
989714,1876118,sdv-pii-du7m2,615,France,Male,33,5,118274.98,2,1,0,145889.29,0,0,2,GOLD,435,2
14066813,5081534,sdv-pii-gbkk9,732,Spain,Male,35,5,111831.27,2,1,1,23025.75,0,0,1,DIAMOND,822,0
11278970,1812288,sdv-pii-holdn,531,France,Female,45,6,108486.53,1,0,0,67016.07,1,1,1,PLATINUM,473,4
14984658,14511481,sdv-pii-d9ypw,612,Spain,Male,29,5,516.44,2,1,0,80471.35,0,0,3,GOLD,366,0
5322999,15344560,sdv-pii-c2h0s,606,France,Male,45,3,149213.7,4,1,1,9374.0,0,1,3,DIAMOND,443,2
4299417,3962683,sdv-pii-dhw50,776,France,Female,61,6,141634.76,1,1,0,52461.1,0,1,3,DIAMOND,959,4
5732785,15942731,sdv-pii-io2q0,835,France,Male,63,8,116194.94,1,1,0,14448.55,1,1,3,DIAMOND,704,2
12551114,12963392,sdv-pii-c7gw5,640,Spain,Female,53,2,0.0,2,1,1,199992.48,0,0,2,GOLD,290,3
2471314,16445568,sdv-pii-39yx8,525,Germany,Male,50,9,78774.79,1,1,0,50344.44,0,0,2,GOLD,610,1
16141603,4778817,sdv-pii-w1i9j,537,Spain,Male,39,5,116265.08,3,0,0,114027.21,1,1,1,DIAMOND,764,0
3825025,14914092,sdv-pii-3q732,688,Germany,Male,35,4,798.61,2,1,0,57554.0,0,0,4,PLATINUM,607,1
5984311,15139043,sdv-pii-7f9oj,593,France,Male,38,4,0.0,2,0,0,122093.35,1,1,3,PLATINUM,542,2
7577086,11708492,sdv-pii-1acf4,560,Germany,Female,44,4,128678.63,1,1,0,148001.04,1,1,3,DIAMOND,815,4
2797670,10480402,sdv-pii-xjgg1,596,Spain,Female,47,9,101365.21,1,1,0,46974.21,0,0,3,PLATINUM,673,3
7818210,8436642,sdv-pii-m8k7b,685,Spain,Female,25,8,0.0,2,1,1,83945.07,0,0,4,PLATINUM,298,3
3069830,13764360,sdv-pii-hv32f,562,Spain,Male,29,8,0.0,2,1,1,129842.3,0,0,4,PLATINUM,841,0
11415690,8380591,sdv-pii-ng9lk,681,Germany,Male,31,9,2.01,2,1,0,56117.41,0,0,3,DIAMOND,879,1
2833459,4679825,sdv-pii-ieqp2,629,France,Male,19,6,164521.99,1,1,0,151054.07,0,0,1,GOLD,830,2
14225460,9950595,sdv-pii-al4fp,728,Spain,Male,38,7,0.0,2,1,1,66520.4,0,0,2,PLATINUM,630,0
13253164,5157113,sdv-pii-ywnlf,468,Germany,Female,74,8,118719.11,3,0,0,49774.2,1,1,2,DIAMOND,908,4
10970389,1605344,sdv-pii-e35ed,725,Spain,Female,40,3,0.0,2,1,1,71731.23,0,0,2,SILVER,327,3
6888445,14098936,sdv-pii-9dgwc,536,Germany,Male,58,8,100245.63,1,1,1,168460.95,0,1,3,SILVER,522,1
2232080,2844587,sdv-pii-4p8wl,764,Spain,Female,23,5,316.32,2,0,1,126854.91,0,1,5,DIAMOND,940,3
8482953,1747108,sdv-pii-jq129,524,Germany,Male,40,5,120932.95,3,1,0,73596.43,1,1,5,DIAMOND,272,4
7642257,11096774,sdv-pii-bim03,538,France,Male,30,8,120699.5,2,0,0,55445.79,0,0,3,PLATINUM,434,2
8543215,14621930,sdv-pii-32m4u,561,Spain,Female,26,1,436.87,2,0,1,136013.06,0,0,4,PLATINUM,797,3
6418912,13809936,sdv-pii-vf9f4,788,Spain,Female,31,8,0.0,2,1,1,170648.22,0,0,2,PLATINUM,221,3
15728161,13103984,sdv-pii-o2nxd,803,France,Male,27,5,0.0,2,1,0,168498.21,0,0,5,PLATINUM,627,2
2247177,8973851,sdv-pii-24j52,669,Spain,Male,28,2,0.0,2,1,1,51101.49,0,0,2,SILVER,388,0
15374591,7767465,sdv-pii-49rh4,567,France,Female,47,9,0.0,4,0,0,42143.79,1,1,1,PLATINUM,461,4
785380,15831719,sdv-pii-ey6gy,850,France,Male,56,1,0.0,1,0,1,115590.92,1,1,2,SILVER,952,2
2714991,8261272,sdv-pii-e5yxk,544,France,Female,44,8,137447.59,1,1,1,27731.25,1,1,2,DIAMOND,875,4
11814543,10742402,sdv-pii-ykjfj,586,Germany,Female,49,6,149046.37,2,1,1,52700.49,0,0,5,PLATINUM,967,1
4471450,10967716,sdv-pii-fqs72,643,France,Female,46,4,849.11,2,1,0,128361.71,0,0,3,PLATINUM,972,3
15904380,5236733,sdv-pii-4q9cl,762,Spain,Female,21,5,0.0,1,1,1,57601.88,0,0,3,DIAMOND,584,3
16671237,8217198,sdv-pii-a2qsn,677,Spain,Female,35,3,0.0,2,0,1,162961.48,0,0,4,DIAMOND,294,3
11251146,14987495,sdv-pii-zspt7,599,France,Male,37,8,122074.97,2,0,0,13126.45,1,1,3,GOLD,344,2
4156736,4537711,sdv-pii-kgm8f,587,France,Male,40,9,111753.62,1,0,0,37998.15,1,1,1,GOLD,285,2
14040569,10712182,sdv-pii-m4mno,676,Germany,Female,55,3,94802.66,1,1,1,39110.7,1,1,4,DIAMOND,845,4
11528303,6816615,sdv-pii-w8pbe,725,Spain,Male,39,3,127938.25,2,1,0,27742.65,0,0,5,PLATINUM,381,0
4041020,16212450,sdv-pii-u7ld1,754,Spain,Female,61,5,730.99,2,1,0,63549.38,0,0,1,DIAMOND,872,3
13292658,7162624,sdv-pii-6h7td,578,Germany,Female,45,8,129753.6,2,1,0,199992.48,0,0,3,GOLD,413,1
16485955,8533708,sdv-pii-hpg6u,555,Spain,Female,26,8,120699.81,2,1,0,104116.02,0,0,3,PLATINUM,464,3
13726315,12745839,sdv-pii-2zgby,692,Spain,Female,25,8,517.57,2,0,0,116075.35,0,0,5,DIAMOND,700,3
4247424,7059924,sdv-pii-tgeg6,664,Spain,Male,53,2,1431.89,2,1,0,40804.77,0,0,4,DIAMOND,453,0
5030522,8566218,sdv-pii-9e9td,528,Germany,Male,51,1,126518.1,1,1,0,194445.11,1,1,4,GOLD,857,4
8241569,5764419,sdv-pii-1b20j,653,Spain,Female,28,8,0.0,2,0,1,68600.3,0,0,3,PLATINUM,789,3
5153176,12849383,sdv-pii-qk4zv,710,France,Female,25,1,65313.91,1,1,1,147814.19,0,0,1,PLATINUM,290,3
14789491,11727145,sdv-pii-rwjy7,505,Spain,Female,23,9,695.42,2,0,0,3076.06,0,0,3,DIAMOND,741,3
13207627,8151214,sdv-pii-e2tbq,491,Germany,Female,60,5,125440.4,3,1,0,46349.65,1,1,3,PLATINUM,295,4
840874,8085412,sdv-pii-6ic4o,557,France,Female,45,6,0.0,2,1,0,83536.11,0,0,5,PLATINUM,760,3
8469102,1203702,sdv-pii-mixfe,567,Germany,Female,37,6,135208.34,1,0,0,93105.62,1,1,2,GOLD,806,4
1217058,7526597,sdv-pii-09ahi,569,France,Male,44,8,101024.95,2,1,0,60533.68,1,1,3,SILVER,646,2
8123922,8868748,sdv-pii-1344b,599,Spain,Male,35,2,98395.42,1,1,1,42586.78,0,0,4,SILVER,402,0
11846446,4404347,sdv-pii-yy6r9,519,Germany,Female,45,8,96684.9,1,1,0,33884.47,1,1,4,DIAMOND,633,4
14107104,16476339,sdv-pii-g8anx,558,Germany,Male,43,2,0.0,2,0,0,54820.81,1,0,5,DIAMOND,520,1
10088007,3337721,sdv-pii-p0d6s,540,France,Female,47,5,120769.01,2,0,1,181836.09,0,0,5,DIAMOND,317,3
10925527,9862006,sdv-pii-zyoad,691,Spain,Male,33,8,774.05,1,1,1,3696.61,0,0,2,GOLD,429,0
5460334,2403380,sdv-pii-s4xfx,620,France,Female,55,4,0.0,2,1,1,135361.08,0,0,3,PLATINUM,568,3
15933617,8434390,sdv-pii-zacv1,510,France,Female,46,8,189.56,2,1,0,168404.62,0,1,2,SILVER,716,3
14100758,5196983,sdv-pii-8qw6m,581,Spain,Male,34,6,133264.67,2,1,0,87153.91,0,0,3,DIAMOND,546,0
9984008,11797388,sdv-pii-vf57y,706,Germany,Female,44,8,98622.78,1,0,0,11.58,1,1,3,SILVER,336,4
7811409,12095348,sdv-pii-gelim,573,France,Female,40,2,125680.14,2,1,0,48487.3,0,0,1,GOLD,469,3
1849587,12517648,sdv-pii-rqvco,588,Spain,Female,28,6,0.0,2,1,0,134518.12,0,0,3,SILVER,490,3
5451440,16434975,sdv-pii-d7voi,516,Germany,Male,41,8,106636.92,1,1,1,17536.07,0,0,4,DIAMOND,630,1
5913421,12704771,sdv-pii-sngty,519,Spain,Male,39,5,141102.58,2,0,1,95241.09,0,0,3,SILVER,821,0
230562,4618301,sdv-pii-gpdn2,513,Spain,Female,28,9,103206.07,1,1,0,126187.97,0,0,2,PLATINUM,832,3
15787017,4846805,sdv-pii-0rx3y,565,Spain,Female,27,3,0.0,2,0,1,43308.15,0,0,2,PLATINUM,603,3
11212712,12620053,sdv-pii-giqg0,718,Spain,Female,25,10,0.0,2,0,0,37795.69,0,0,1,DIAMOND,312,3
10863287,6877117,sdv-pii-0prd5,672,Germany,Female,44,1,103278.87,1,0,0,178076.68,1,0,5,GOLD,532,1
9440146,8362297,sdv-pii-xix0f,612,Germany,Female,40,9,154811.56,2,1,0,154093.91,0,0,4,PLATINUM,394,1
3873569,2209678,sdv-pii-rypho,539,France,Female,49,8,0.0,1,0,1,129871.7,0,0,4,DIAMOND,453,3
5269356,11239266,sdv-pii-3ejtk,702,Spain,Male,46,6,0.0,1,1,1,65657.68,0,0,3,DIAMOND,783,0
14952839,14384187,sdv-pii-v7w9a,614,Germany,Male,38,8,3012.39,1,0,0,35239.59,1,1,2,PLATINUM,377,4
1536459,4965073,sdv-pii-xwo7o,795,Spain,Female,33,7,98453.77,1,0,0,38570.18,0,0,5,DIAMOND,663,3
6320102,3631338,sdv-pii-kiwai,727,France,Male,65,8,133950.62,1,1,0,129165.07,1,1,4,DIAMOND,663,2
12471100,4105610,sdv-pii-gm6p9,523,Germany,Female,48,1,168014.69,3,0,0,49005.69,1,1,4,PLATINUM,501,4
15872485,529849,sdv-pii-4us0k,676,Spain,Male,44,8,122148.93,1,1,1,85112.56,0,0,3,SILVER,579,0
14202998,5896915,sdv-pii-p97ak,502,France,Female,41,8,136999.69,2,1,1,30394.21,1,1,5,SILVER,465,4
399220,2230051,sdv-pii-1x7mf,613,Spain,Female,63,5,111555.77,1,1,1,55802.8,0,0,4,SILVER,893,3
7296865,8239213,sdv-pii-2rm7n,759,Germany,Male,40,9,108986.98,1,1,0,60384.34,0,0,2,PLATINUM,766,1
3096087,2728796,sdv-pii-chco8,698,Spain,Female,41,3,136463.18,2,1,0,6319.62,0,0,1,PLATINUM,711,3
1365824,77085,sdv-pii-1ovxv,571,Germany,Male,28,1,109002.1,1,0,0,47192.28,0,0,3,PLATINUM,280,1
11742626,5003575,sdv-pii-lmqsr,700,France,Male,37,8,122857.93,1,1,0,107896.37,0,0,4,PLATINUM,683,2
7777856,3638171,sdv-pii-grznw,569,Spain,Female,34,2,1161.29,2,0,0,105864.65,0,0,1,GOLD,426,3
11868514,15780319,sdv-pii-iludg,574,Spain,Male,24,8,0.0,2,1,1,89455.07,0,0,2,GOLD,485,0
14608742,4378740,sdv-pii-k62x8,516,Spain,Male,49,5,128385.09,1,1,1,43667.71,1,1,5,DIAMOND,273,0
15911743,5079776,sdv-pii-03ftd,472,Germany,Male,52,7,92818.93,1,1,0,59397.57,1,1,4,GOLD,546,4
5445940,12331644,sdv-pii-6rf36,582,Germany,Female,60,10,146487.28,1,0,0,57266.14,1,1,2,PLATINUM,667,4
14266834,11122129,sdv-pii-vahr0,677,France,Female,61,9,1490.38,2,0,1,125921.6,0,0,3,DIAMOND,325,3
16595041,13143139,sdv-pii-t57ui,608,France,Female,41,7,0.0,1,1,0,43456.24,0,0,3,PLATINUM,560,3
14193640,9644963,sdv-pii-omjqm,531,Spain,Male,39,1,132730.56,1,1,0,98274.98,0,0,3,PLATINUM,843,0
4720675,11308011,sdv-pii-9m79p,553,Germany,Female,63,4,133097.66,1,1,0,54378.1,1,1,5,PLATINUM,888,4
7248567,9680737,sdv-pii-ds4s5,562,Spain,Male,37,10,0.0,2,1,0,107926.27,0,0,3,DIAMOND,750,0
15847061,7896276,sdv-pii-zk72b,629,France,Male,37,6,1366.41,1,0,0,116559.43,0,0,3,SILVER,471,2
6253090,14400568,sdv-pii-tpxyc,595,France,Female,37,3,930.55,2,1,1,109041.53,0,0,1,SILVER,255,3
14957952,5861867,sdv-pii-yne2q,554,Spain,Male,57,9,0.0,2,1,1,25819.18,0,0,1,PLATINUM,809,0
10785551,3808209,sdv-pii-qgxgf,522,Germany,Female,41,8,1248.84,1,1,1,118241.39,0,0,5,DIAMOND,919,1
8425308,12357773,sdv-pii-gjtlp,725,Spain,Male,32,9,257.27,2,1,1,87067.21,0,0,3,GOLD,668,0
15325507,13027675,sdv-pii-lkqyd,707,Germany,Female,32,5,113996.27,1,0,1,30998.38,0,0,2,GOLD,952,1
13462474,3333882,sdv-pii-ltiao,709,Spain,Male,27,5,218.92,2,1,1,26163.92,0,0,4,PLATINUM,353,0
12080318,16037099,sdv-pii-i9iz0,587,France,Female,31,8,123463.64,1,1,0,38160.53,0,0,3,PLATINUM,811,3
14112265,4735103,sdv-pii-uuxan,530,Germany,Female,43,4,105034.5,1,1,0,156754.97,0,0,3,DIAMOND,633,1
10476773,5453094,sdv-pii-98yks,537,France,Male,58,7,76930.45,2,0,0,58625.7,1,1,2,PLATINUM,855,2
2809865,11835203,sdv-pii-g6yhp,558,France,Female,33,5,0.0,2,0,0,57862.13,0,0,2,PLATINUM,835,3
14077592,3659006,sdv-pii-ilby7,722,Spain,Male,29,5,60.89,2,1,0,46017.77,0,0,1,SILVER,216,0
1858435,676188,sdv-pii-rxm1z,726,France,Female,29,10,91580.21,2,0,1,151569.34,0,0,5,PLATINUM,876,3
4074750,7730684,sdv-pii-2urv4,700,France,Female,22,8,118396.95,2,1,0,87466.27,0,0,4,PLATINUM,370,3
12487411,14832337,sdv-pii-ymrj5,634,Spain,Male,41,1,109468.16,2,0,1,70046.48,0,0,2,PLATINUM,698,0
5395399,9345044,sdv-pii-6syry,654,Spain,Male,28,8,67982.1,2,1,0,52642.67,0,0,1,SILVER,555,0
10774349,5551004,sdv-pii-i700g,494,Spain,Female,35,8,144191.22,1,0,0,127132.86,0,0,3,GOLD,381,3
3899311,9147429,sdv-pii-tecue,533,Germany,Female,63,5,97089.65,1,0,0,108086.52,1,1,1,DIAMOND,856,4
3533645,1949880,sdv-pii-ulemx,587,Spain,Female,25,8,0.0,2,0,1,125087.09,0,0,5,PLATINUM,877,3
9645946,9842247,sdv-pii-tmfrv,578,Germany,Female,42,3,1412.89,2,1,0,145492.22,0,0,2,DIAMOND,903,1
285381,16086515,sdv-pii-angwu,727,Germany,Female,46,3,105983.27,1,1,0,5814.25,1,1,2,DIAMOND,328,4
10632924,6701258,sdv-pii-j015m,715,Spain,Male,25,5,52210.5,2,0,0,146714.04,0,0,3,PLATINUM,536,0
3332692,7361404,sdv-pii-5qpg1,612,Spain,Female,40,5,1289.81,2,1,0,19868.93,0,0,4,GOLD,930,3
2853877,10414531,sdv-pii-gzizo,590,France,Male,39,9,119484.04,1,1,0,41039.47,0,0,2,SILVER,281,2
10802821,522470,sdv-pii-082yq,826,Germany,Male,31,7,131248.07,2,1,0,121499.94,0,0,2,PLATINUM,825,1
13951104,12320624,sdv-pii-4ukpd,719,Spain,Female,52,5,72778.83,2,1,0,149366.29,0,0,2,SILVER,876,3
3424047,507517,sdv-pii-el3mo,690,Germany,Female,38,8,143505.01,2,1,0,158316.32,1,0,5,GOLD,269,1
8424532,8135145,sdv-pii-qb6j4,606,Spain,Male,40,2,117117.37,2,1,0,69818.31,1,1,2,SILVER,1000,0
15075105,8148567,sdv-pii-fffl7,727,Spain,Female,27,8,0.0,2,0,1,111435.05,0,0,4,DIAMOND,497,3
4635503,7543120,sdv-pii-6dh06,648,Germany,Female,32,4,116467.25,2,1,0,76646.7,0,0,5,SILVER,649,1
15103272,1070525,sdv-pii-z40gp,551,Spain,Male,66,10,107663.14,3,0,0,6899.24,1,1,4,DIAMOND,732,0
14870334,4791750,sdv-pii-uf04h,632,France,Male,39,1,120108.95,2,0,0,182715.33,0,0,3,GOLD,549,2
11001418,5540503,sdv-pii-4bqws,747,Germany,Female,55,1,124523.48,1,0,0,111950.82,1,0,4,PLATINUM,615,4
7259087,13895346,sdv-pii-w5wdd,469,Spain,Female,33,8,160784.89,1,0,1,60270.37,1,1,3,DIAMOND,542,4
6313556,9563459,sdv-pii-45chc,764,Spain,Male,65,8,45.76,2,0,0,67606.27,0,0,4,PLATINUM,626,0
2174246,13982310,sdv-pii-5vnw1,631,Spain,Female,30,8,0.0,2,1,1,108700.51,0,0,5,PLATINUM,362,3
12929435,5069384,sdv-pii-5s6zg,559,France,Female,54,5,120998.83,1,0,0,103256.68,1,1,5,DIAMOND,371,4
855661,9538885,sdv-pii-cp3fm,509,France,Female,32,5,130231.42,1,0,1,78098.34,0,0,3,GOLD,382,3
5405590,13170670,sdv-pii-xwdm6,499,Germany,Female,35,8,123649.12,3,1,0,41433.69,1,1,4,DIAMOND,730,4
14477155,4466361,sdv-pii-62cnf,532,Germany,Female,46,8,110087.76,1,0,0,180608.5,1,1,3,PLATINUM,943,4
10729747,14565426,sdv-pii-ljpqu,753,France,Male,66,8,0.0,2,0,1,72464.08,0,0,3,DIAMOND,1000,2
1379358,16160527,sdv-pii-j8m2k,687,Germany,Female,29,8,96738.48,2,1,0,121272.32,0,1,3,SILVER,583,1
13092039,3472016,sdv-pii-98pi9,597,Germany,Female,29,3,93197.09,1,1,1,141649.85,0,0,1,DIAMOND,773,1
11541032,6770681,sdv-pii-o1y7g,705,France,Female,59,9,120368.56,1,1,0,160808.4,0,0,5,PLATINUM,303,3
13021933,1408463,sdv-pii-b9dop,588,Germany,Female,23,6,82119.81,1,1,0,49510.45,0,0,3,PLATINUM,292,1
20174,6666734,sdv-pii-0w5gh,572,Germany,Female,21,2,117940.38,2,0,0,122193.69,0,0,3,PLATINUM,767,1
6488252,488830,sdv-pii-1fm3v,583,Germany,Female,30,7,111675.11,1,1,0,194631.59,0,0,3,GOLD,936,1
8661519,8761062,sdv-pii-ewto1,670,Spain,Female,37,1,22.53,1,1,1,151142.2,0,0,5,GOLD,918,3
14393051,3273410,sdv-pii-6885b,609,Spain,Male,35,1,0.0,2,1,0,65135.27,0,0,5,SILVER,433,0
9901566,16745760,sdv-pii-ebzj0,515,Germany,Female,33,10,0.0,1,1,0,174560.76,0,0,4,SILVER,796,1
820896,14550119,sdv-pii-1jddk,726,Germany,Female,25,8,113095.73,2,1,0,140056.71,0,0,4,GOLD,883,1
12643727,7439683,sdv-pii-pjjtz,539,France,Female,27,8,0.0,2,0,0,48957.82,0,0,2,SILVER,924,3
9017510,15654798,sdv-pii-sd6sk,548,Germany,Male,44,8,138934.26,4,1,0,79180.7,1,1,2,PLATINUM,484,4
8557371,1066591,sdv-pii-d5dr8,537,Germany,Female,43,3,91538.26,1,0,0,81602.2,1,1,3,PLATINUM,825,4
4853621,10958189,sdv-pii-ffuhs,595,Spain,Male,35,3,100637.61,2,1,1,57212.07,0,0,3,GOLD,268,0
7722995,6715020,sdv-pii-gj9p6,498,France,Female,24,8,111070.11,2,1,0,175048.38,0,1,4,PLATINUM,871,3
6680719,3146240,sdv-pii-metw1,523,Germany,Female,60,4,135620.02,4,0,0,165120.98,1,1,4,PLATINUM,445,4
12961342,12097287,sdv-pii-74o79,679,Spain,Female,53,7,93585.02,4,0,0,146163.66,1,1,5,GOLD,607,4
8432467,8108465,sdv-pii-30n1m,781,Spain,Female,32,2,163.05,2,0,1,96788.48,0,0,3,DIAMOND,235,3
10459901,13020372,sdv-pii-dsnto,700,Spain,Male,48,8,124033.57,2,1,0,104113.32,0,0,4,SILVER,665,0
9048334,7394924,sdv-pii-w4yje,668,France,Male,53,9,1447.17,2,0,0,48942.67,1,1,5,PLATINUM,306,2
4147183,8094440,sdv-pii-fcgax,564,Germany,Female,39,5,108314.17,1,0,0,30577.53,1,1,5,SILVER,566,4
9830441,9078763,sdv-pii-h6cii,707,France,Female,55,5,215.27,1,1,1,54646.81,0,0,3,DIAMOND,607,3
4431684,11780935,sdv-pii-m9edj,571,Spain,Male,60,6,0.0,1,0,1,149765.36,0,0,3,SILVER,419,0
12446726,6578559,sdv-pii-txt94,803,France,Male,46,3,121331.91,2,1,1,42553.48,0,1,3,DIAMOND,313,2
4044055,12913817,sdv-pii-b08i3,498,France,Female,64,9,139171.47,1,0,1,32034.12,1,1,3,PLATINUM,302,4
8272057,10863153,sdv-pii-hmur6,554,France,Female,44,6,121575.93,2,1,0,69714.28,1,1,5,SILVER,687,4
12052823,12674250,sdv-pii-iqwe3,749,Germany,Male,30,5,121250.6,2,0,1,129207.13,0,0,3,GOLD,966,1
1789994,11225706,sdv-pii-kb1dv,559,Spain,Female,42,5,1307.34,2,0,0,62756.71,1,1,1,PLATINUM,808,4
16012881,1271022,sdv-pii-u192i,695,Spain,Male,35,2,131659.16,1,0,1,125749.34,0,0,1,DIAMOND,608,0
11348545,10815892,sdv-pii-lb8km,640,Spain,Male,27,9,126880.46,2,1,0,65601.2,0,0,3,GOLD,340,0
8084788,9582639,sdv-pii-n5onx,725,Spain,Male,65,6,0.0,2,1,1,149983.05,0,0,3,DIAMOND,410,0
15752268,11073161,sdv-pii-t0usx,594,France,Female,35,5,0.0,1,0,0,43768.75,1,1,4,DIAMOND,836,4
13757369,4594475,sdv-pii-zhm05,509,Spain,Female,47,2,0.0,2,1,1,88948.16,1,1,4,GOLD,305,4
8283620,12317507,sdv-pii-zgfif,600,France,Male,50,3,110970.7,2,1,0,34293.75,1,1,1,GOLD,358,2
7718885,13031810,sdv-pii-jrewd,712,Spain,Male,32,5,0.0,2,1,0,82638.93,0,0,4,DIAMOND,943,0
10903274,7366466,sdv-pii-ceao8,628,Spain,Female,32,2,377.59,2,1,1,45435.08,0,0,3,SILVER,287,3
14120951,4040167,sdv-pii-1lm7r,678,France,Female,36,5,115997.35,3,1,0,40254.76,1,1,2,DIAMOND,836,4
8379295,14650042,sdv-pii-xa9o3,744,Spain,Male,42,5,0.0,1,0,0,45252.23,1,0,3,DIAMOND,853,0
9568358,12129380,sdv-pii-r4pb5,606,France,Female,24,3,0.0,2,1,1,125882.32,0,0,2,PLATINUM,290,3
1375163,1287216,sdv-pii-vpkik,556,Germany,Male,37,5,0.0,3,0,0,63683.81,1,1,4,DIAMOND,295,4
1441200,5951349,sdv-pii-xsiq1,530,France,Male,45,4,156704.39,1,1,0,25471.79,1,1,5,PLATINUM,626,2
983550,14451644,sdv-pii-bk449,662,France,Male,43,8,143534.4,1,0,1,13534.1,1,1,5,PLATINUM,499,2
9701065,11371099,sdv-pii-1qmh0,799,Spain,Male,31,3,141.87,2,1,0,46801.36,0,0,3,DIAMOND,733,0
3378663,2028268,sdv-pii-l6t9r,734,Spain,Male,63,8,133095.16,2,0,0,33351.96,0,0,4,DIAMOND,324,0
10282267,3588922,sdv-pii-9obbl,576,France,Male,28,5,0.0,2,1,1,27223.24,0,0,2,PLATINUM,391,2
13760017,5614565,sdv-pii-05ds2,598,Germany,Female,46,5,133098.59,2,1,1,77254.39,1,1,2,DIAMOND,297,4
3099484,7805475,sdv-pii-yl6r6,670,Spain,Female,34,5,133740.7,1,0,0,164957.94,1,1,2,DIAMOND,508,4
3206969,16226874,sdv-pii-hlh9b,637,Germany,Female,52,9,129756.2,1,1,0,150353.31,0,0,4,DIAMOND,620,1
4024739,10717670,sdv-pii-d50h7,491,Germany,Female,36,5,53259.17,1,0,1,113746.16,1,1,3,DIAMOND,603,4
7112123,4429693,sdv-pii-up6h5,498,Germany,Male,41,4,112828.49,1,0,1,82223.04,0,0,2,SILVER,278,1
13521543,8328518,sdv-pii-b6dbo,524,Germany,Female,35,3,134059.46,1,0,0,3985.32,0,0,2,PLATINUM,524,1
6867628,8826734,sdv-pii-j7zvl,523,France,Female,33,8,133429.01,2,1,0,52678.21,0,0,3,SILVER,599,3
5983999,12427180,sdv-pii-i3r6g,625,Germany,Female,46,2,126450.04,1,1,1,46443.16,1,1,1,DIAMOND,627,4
3211030,2558418,sdv-pii-ub6m7,822,France,Female,41,3,0.0,2,1,0,26404.32,0,0,3,DIAMOND,723,3
13619357,6006920,sdv-pii-kbz2y,796,Germany,Female,33,10,129110.36,1,1,0,75155.31,0,0,3,DIAMOND,391,1
1727492,12043047,sdv-pii-pojjv,760,Spain,Male,38,0,0.0,1,0,1,36002.98,0,0,3,SILVER,413,0
13855231,11181628,sdv-pii-trong,523,France,Male,37,8,105661.87,1,0,0,62303.21,1,1,3,DIAMOND,908,2
