RowNumber,CustomerId,Surname,CreditScore,Geography,Gender,Age,Tenure,Balance,NumOfProducts,HasCrCard,IsActiveMember,EstimatedSalary,Exited,Complain,Satisfaction Score,Card Type,Point Earned,cluster
343984,746667,sdv-pii-x5pxl,554,Germany,Female,52,8,115954.99,3,0,0,165704.39,1,1,5,PLATINUM,913,2
8060568,14978897,sdv-pii-msthg,461,France,Female,34,6,147743.82,1,1,0,39735.76,0,0,2,PLATINUM,322,1
705627,7680236,sdv-pii-ocsen,694,Spain,Male,37,8,0.0,2,1,0,61339.79,0,0,3,PLATINUM,457,3
40431,9990238,sdv-pii-0mhmc,766,Spain,Male,22,2,0.0,2,1,0,29905.11,0,0,1,DIAMOND,386,3
11283339,5187252,sdv-pii-twsop,850,France,Male,30,8,0.0,2,1,1,116312.97,0,0,5,PLATINUM,254,0
3290936,15394028,sdv-pii-bj2ub,819,Germany,Male,23,8,104511.97,1,1,0,181278.37,0,0,3,PLATINUM,558,0
15330934,3430763,sdv-pii-zqmjv,696,Spain,Male,37,10,0.0,1,1,0,93172.41,0,0,1,PLATINUM,551,3
10434812,7723956,sdv-pii-unesr,763,Spain,Female,36,6,142197.09,2,0,0,19229.12,0,0,4,DIAMOND,586,1
9655424,1496020,sdv-pii-9g0j4,569,Spain,Male,41,8,0.0,2,1,1,74136.53,0,0,4,PLATINUM,751,3
3672529,3334120,sdv-pii-dzk0y,646,France,Female,57,10,117318.7,1,0,0,183483.6,1,1,3,GOLD,554,2
13652292,6324167,sdv-pii-0gnqj,564,France,Female,41,5,131289.07,3,0,0,10807.41,1,1,2,PLATINUM,523,2
5230807,3512678,sdv-pii-hh4g3,547,Germany,Male,25,2,0.0,2,1,0,16887.28,0,0,1,PLATINUM,247,0
787196,1350126,sdv-pii-h36hi,647,France,Male,23,8,0.0,1,1,1,2253.08,0,0,4,PLATINUM,576,0
12789536,8081867,sdv-pii-ud4kx,701,Spain,Female,36,5,0.0,2,1,0,95996.04,0,0,3,GOLD,648,1
9669114,9029401,sdv-pii-6g3l3,691,France,Male,37,8,114535.31,2,1,0,177984.54,0,0,2,DIAMOND,898,0
5144384,14843922,sdv-pii-s0quo,772,Spain,Female,24,5,159395.01,1,1,1,191113.47,0,0,3,SILVER,777,1
8552398,8363052,sdv-pii-knnpz,729,France,Female,29,8,121142.1,2,1,0,39303.62,0,1,3,DIAMOND,336,2
11072256,14298910,sdv-pii-vo66g,818,Germany,Female,28,1,126831.18,2,0,1,64645.69,0,0,3,DIAMOND,281,4
13074213,14885352,sdv-pii-cxjg1,613,Spain,Female,24,3,143583.7,1,1,0,45463.18,0,0,2,PLATINUM,905,1
14156822,5819406,sdv-pii-wnrdp,449,France,Female,73,8,110588.07,3,0,1,68973.31,1,1,3,DIAMOND,778,2
12975418,12976423,sdv-pii-zceya,659,Germany,Female,44,2,125591.87,3,1,0,155167.24,1,1,5,DIAMOND,871,4
7258238,10797455,sdv-pii-xb2t5,790,Germany,Female,39,9,98804.07,2,0,1,127378.43,0,0,4,PLATINUM,888,1
8425899,6286014,sdv-pii-lux7k,675,Germany,Female,65,9,152790.29,2,1,1,75908.93,0,0,3,DIAMOND,271,4
11788368,2643547,sdv-pii-ziqco,765,France,Female,32,7,0.0,2,1,1,178546.83,0,0,3,GOLD,725,1
1165528,8749285,sdv-pii-k6zyt,552,Spain,Male,31,10,213.92,2,1,0,34905.57,0,0,3,DIAMOND,812,3
14170405,16638996,sdv-pii-sudug,598,Spain,Female,50,8,126055.28,1,0,1,131232.64,0,0,1,GOLD,451,1
13535483,8496656,sdv-pii-v00gn,542,Spain,Female,52,8,132710.18,1,0,0,46195.82,1,1,1,DIAMOND,683,2
14212079,9769576,sdv-pii-ikcp2,713,Germany,Female,49,10,100686.49,1,0,0,166160.7,1,1,5,DIAMOND,641,4
10942398,776407,sdv-pii-5fne2,528,Germany,Female,47,7,131597.5,2,0,0,113987.87,0,0,3,PLATINUM,1000,1
11015055,13030095,sdv-pii-eolu0,675,Germany,Female,49,6,146527.41,2,1,1,154763.97,0,0,5,SILVER,647,1
7767594,11993559,sdv-pii-3kk9b,698,Germany,Female,64,8,146876.85,1,0,0,170463.48,1,1,3,DIAMOND,714,4
10951460,1597989,sdv-pii-0r3by,552,France,Male,41,3,88310.77,2,1,1,57128.51,0,0,2,GOLD,758,0
10694026,15121452,sdv-pii-pym29,515,Spain,Female,38,10,97563.51,1,1,0,175412.1,0,0,3,DIAMOND,877,1
11392271,15328045,sdv-pii-2q6ve,527,Germany,Female,71,4,101556.69,1,1,1,186742.69,1,1,3,GOLD,675,2
16697133,14991347,sdv-pii-1yxvh,519,France,Female,34,8,1101.14,2,0,0,136974.04,0,0,2,GOLD,434,1
11428201,16624734,sdv-pii-9ohx0,638,Spain,Female,45,5,0.0,1,1,0,99882.68,0,0,1,PLATINUM,395,1
16235712,3100439,sdv-pii-5ys3g,726,Germany,Female,43,6,64415.4,3,0,0,141372.27,1,1,4,DIAMOND,287,4
2498031,8235740,sdv-pii-lolhy,575,France,Female,49,10,0.0,2,1,0,123676.15,0,0,4,PLATINUM,590,1
16101137,15456317,sdv-pii-tr1j9,543,France,Female,35,2,611.47,2,1,0,60040.58,1,0,5,SILVER,316,2
7733154,13673918,sdv-pii-8bz4x,610,Germany,Female,44,8,135061.89,1,1,1,85696.61,0,0,2,DIAMOND,576,4
7380169,6644532,sdv-pii-ufplx,518,Germany,Female,26,4,955.42,2,0,1,153294.32,0,0,2,DIAMOND,789,4
10917897,6655605,sdv-pii-dzmdt,558,Germany,Male,55,7,127775.5,3,0,0,171758.62,1,1,4,DIAMOND,810,4
3669228,1936281,sdv-pii-8k7xm,797,Spain,Male,45,9,0.0,2,1,0,160439.57,0,0,3,PLATINUM,946,3
5515937,2699652,sdv-pii-8k0io,715,Spain,Female,35,9,0.0,2,0,1,151314.68,0,0,3,GOLD,554,1
6831637,6935460,sdv-pii-ilg7s,641,France,Male,30,4,0.0,2,1,1,53581.16,0,0,5,GOLD,882,0
1899067,4080970,sdv-pii-mphbi,514,Germany,Female,30,5,109859.8,1,1,0,107661.64,0,0,5,PLATINUM,275,1
9443898,15106271,sdv-pii-z09fi,832,Spain,Female,32,9,116968.2,2,1,0,149727.12,0,0,2,DIAMOND,783,1
10805041,15294508,sdv-pii-hqg4d,516,Germany,Female,47,1,125077.24,1,1,1,98832.21,0,0,3,PLATINUM,1000,1
12894244,13434687,sdv-pii-xkwok,681,Spain,Male,27,5,190.34,2,1,0,62239.61,0,0,3,GOLD,416,3
8459457,846392,sdv-pii-e13bd,708,Spain,Female,21,3,0.0,2,1,0,46700.63,0,0,2,SILVER,528,1
14267944,752005,sdv-pii-68ycf,543,France,Male,30,3,0.0,1,0,0,54510.43,0,0,2,DIAMOND,386,0
11463407,928547,sdv-pii-5my51,682,Germany,Female,46,1,107763.42,1,1,0,185925.54,0,1,3,DIAMOND,595,4
7150688,1019300,sdv-pii-jdyjz,688,Spain,Male,42,8,129316.46,2,0,1,74181.0,0,0,2,PLATINUM,498,3
6248154,4811785,sdv-pii-zp0fu,600,Germany,Female,43,10,153991.95,2,1,0,148221.1,0,0,2,PLATINUM,378,1
1035801,1381331,sdv-pii-o7rui,484,Spain,Male,67,5,1460.29,2,1,1,37007.09,1,1,3,DIAMOND,844,3
4808109,16067397,sdv-pii-98nms,795,France,Male,31,9,121747.56,2,0,0,152937.98,0,0,2,SILVER,394,0
12201861,5767532,sdv-pii-87pau,550,France,Female,22,6,133384.45,1,0,1,153349.59,0,0,5,DIAMOND,337,1
8753201,15634489,sdv-pii-wfrly,540,France,Male,37,3,511.53,1,0,0,66024.89,1,1,4,PLATINUM,482,0
3388289,1275176,sdv-pii-5cdfa,562,Germany,Female,38,10,140928.38,3,0,0,80015.01,1,1,1,PLATINUM,291,2
1170550,11851638,sdv-pii-k83ju,669,Germany,Male,33,5,151567.98,2,1,1,43140.22,0,0,4,DIAMOND,785,4
12376125,4895661,sdv-pii-eibwd,564,Spain,Male,28,9,124037.18,1,1,0,64319.23,0,0,5,PLATINUM,913,3
7837094,2559596,sdv-pii-0sp7b,765,France,Female,49,5,123577.39,1,0,1,43189.9,0,0,5,PLATINUM,864,1
14983512,14421981,sdv-pii-x18wu,634,France,Male,33,0,989.46,2,1,1,151854.07,0,0,3,SILVER,399,0
2716811,1097074,sdv-pii-xubrm,758,France,Female,33,8,0.0,2,1,1,45861.5,0,0,3,DIAMOND,436,1
341193,1618663,sdv-pii-hicuh,522,Germany,Female,24,3,117209.81,1,1,0,18993.68,0,0,3,GOLD,939,1
9430924,11738337,sdv-pii-j73hl,561,France,Male,41,7,346.14,2,1,0,33907.04,0,0,5,SILVER,709,0
4846833,13463950,sdv-pii-4nynm,735,France,Female,45,5,106131.98,2,1,0,186234.22,0,0,5,GOLD,419,1
4971477,8692781,sdv-pii-mj7lh,639,Spain,Female,25,5,0.0,2,1,1,123023.25,0,0,4,DIAMOND,930,1
1384347,8811593,sdv-pii-rakcr,758,Spain,Female,38,8,144413.56,1,1,0,15056.98,1,1,5,PLATINUM,869,2
16775379,5005353,sdv-pii-tl1k1,755,Spain,Male,25,1,0.0,2,0,0,53407.67,0,0,2,GOLD,274,3
363561,542120,sdv-pii-24155,575,Spain,Female,25,1,0.0,2,0,1,52897.91,0,0,1,PLATINUM,484,1
14084390,9655334,sdv-pii-p7hkq,589,Germany,Female,55,8,124003.96,1,0,0,130002.06,1,1,3,DIAMOND,819,4
6791030,1137675,sdv-pii-iwjdc,656,Spain,Female,55,1,108030.72,1,0,1,146623.65,0,0,3,PLATINUM,333,1
4645924,13492758,sdv-pii-v5xwi,548,Spain,Male,36,0,120322.82,1,0,0,59566.93,0,0,5,DIAMOND,640,3
3777297,4069836,sdv-pii-odscl,683,Spain,Male,38,8,136680.01,1,0,1,92645.48,0,0,1,PLATINUM,300,3
10795538,10710682,sdv-pii-sk8uj,499,Germany,Female,47,5,123342.33,2,0,0,138857.53,0,0,3,PLATINUM,253,1
11047387,9538701,sdv-pii-li6rt,717,France,Female,34,4,150989.62,1,1,1,156614.6,0,0,4,PLATINUM,271,1
391778,3324607,sdv-pii-x4n32,555,France,Female,31,9,266.43,2,1,0,26157.03,0,0,5,SILVER,205,1
1448186,13538648,sdv-pii-y9llo,570,Spain,Male,32,8,158428.46,1,1,1,28133.34,0,0,4,PLATINUM,914,3
5212897,1198836,sdv-pii-95p1k,685,Germany,Female,53,3,100578.36,1,1,0,67087.75,0,0,5,DIAMOND,830,4
15874152,893277,sdv-pii-97yrl,766,Spain,Male,20,9,0.0,2,1,0,110234.41,0,0,3,PLATINUM,524,3
12737654,12975553,sdv-pii-eo8xo,632,France,Male,47,8,0.0,2,1,1,158546.68,0,0,2,SILVER,434,0
4599177,4473908,sdv-pii-pa4nk,719,Spain,Male,45,5,121415.24,1,0,0,54364.86,1,1,4,PLATINUM,706,3
1390348,1429711,sdv-pii-q793c,606,France,Male,46,8,0.0,2,0,0,77795.43,0,0,3,SILVER,438,0
2540350,4060019,sdv-pii-51bjy,489,Spain,Female,28,1,295.73,2,1,1,55778.88,0,0,3,PLATINUM,263,1
8211908,47302,sdv-pii-anats,604,France,Female,64,10,119960.6,1,1,0,126597.42,1,1,5,DIAMOND,825,2
7434330,9184881,sdv-pii-y3txm,675,France,Female,35,9,538.13,2,1,1,104095.31,0,0,3,PLATINUM,327,1
6305343,9240284,sdv-pii-qmdhn,676,Spain,Female,40,3,0.0,2,1,0,30767.76,0,0,4,PLATINUM,879,1
9603559,7761946,sdv-pii-mgw3h,789,France,Female,65,8,0.0,4,1,0,116533.09,1,1,3,DIAMOND,756,2
1803026,10244404,sdv-pii-s0kiz,608,Germany,Female,36,5,0.0,2,1,0,135008.41,0,0,2,PLATINUM,582,1
15506062,3068923,sdv-pii-i3kat,642,Spain,Male,32,5,0.0,1,0,0,54083.23,0,0,2,PLATINUM,761,3
4739327,11903144,sdv-pii-11mf6,674,France,Male,52,5,532.77,2,1,1,72478.11,0,0,2,SILVER,538,0
6831179,15781514,sdv-pii-b4bru,583,Spain,Male,38,8,114326.13,1,0,0,64990.69,0,0,5,DIAMOND,478,3
1587659,13960646,sdv-pii-puni4,630,France,Male,33,5,0.0,2,1,0,80972.67,0,0,3,SILVER,867,0
6269128,5622367,sdv-pii-igc25,764,Germany,Female,47,5,119749.12,1,0,0,31293.26,1,1,4,PLATINUM,713,2
1569467,9002107,sdv-pii-ixcm0,556,Germany,Female,37,6,121317.99,3,1,0,165430.03,1,1,4,GOLD,974,2
13943412,9915473,sdv-pii-t4m1g,761,France,Female,37,9,120073.08,2,1,1,148531.08,0,0,1,PLATINUM,284,1
3864119,15254967,sdv-pii-4eo3i,575,France,Male,35,6,0.0,2,1,0,72728.91,0,0,2,SILVER,765,0
5740265,7300201,sdv-pii-hi37f,791,Spain,Male,50,5,125989.23,2,0,0,66091.14,0,0,5,PLATINUM,275,3
15117501,1228060,sdv-pii-ku587,595,France,Male,52,5,89299.97,2,1,1,28461.96,0,1,2,GOLD,841,0
9283073,15296342,sdv-pii-o6alk,849,France,Female,26,7,0.0,1,0,1,169240.44,0,0,4,SILVER,383,1
14397220,8204439,sdv-pii-qtfi1,469,France,Female,41,8,0.0,2,1,0,108192.95,0,0,4,SILVER,509,1
13713910,5042212,sdv-pii-zdhpe,673,Spain,Male,71,2,133645.8,2,1,0,126310.35,1,0,3,GOLD,843,3
3496132,14634576,sdv-pii-ovjwa,801,Spain,Male,54,3,1226.71,2,1,1,127694.17,0,0,2,PLATINUM,283,3
1834147,11142307,sdv-pii-bmjoo,788,Germany,Female,54,8,85821.37,1,1,1,190836.88,0,0,1,DIAMOND,402,4
15004588,8715842,sdv-pii-5jk0r,756,Spain,Male,33,5,1252.58,2,1,0,44997.97,0,0,4,GOLD,783,3
14500691,8783276,sdv-pii-ejnih,521,Spain,Female,31,7,0.0,2,1,0,97585.65,0,0,1,DIAMOND,880,1
420025,14161519,sdv-pii-2qg82,546,Spain,Female,26,1,85938.69,2,1,0,71599.45,0,0,1,PLATINUM,275,1
15983185,261404,sdv-pii-kajyc,566,Germany,Female,72,8,109290.12,1,0,0,147696.72,1,1,4,SILVER,290,2
8375603,10504148,sdv-pii-lxn8n,510,Germany,Female,50,6,140963.22,2,0,1,22062.46,1,1,1,DIAMOND,293,4
16666581,12060404,sdv-pii-fe7bk,799,Spain,Female,41,4,2287.95,2,1,0,11349.1,1,1,5,SILVER,833,2
12105458,4163374,sdv-pii-84pca,619,Germany,Female,67,8,107742.57,1,1,1,181576.47,1,1,2,DIAMOND,657,4
5256422,12602434,sdv-pii-ij9re,770,Germany,Female,32,8,0.0,2,0,0,147879.02,0,0,3,DIAMOND,690,4
14632478,13441165,sdv-pii-oawvy,618,Germany,Male,52,8,133368.51,2,1,1,156938.27,0,0,1,GOLD,406,0
16273919,13695338,sdv-pii-4tpl8,629,Spain,Male,29,6,0.0,2,1,1,30021.75,0,0,3,DIAMOND,540,3
3060589,7689957,sdv-pii-jywj4,603,Spain,Male,47,7,0.0,3,0,1,48909.39,1,1,3,DIAMOND,940,3
14206744,3130006,sdv-pii-fe1mx,616,France,Female,54,5,159554.81,1,0,0,30946.84,1,1,5,PLATINUM,377,2
984257,3780881,sdv-pii-r4xa8,673,Spain,Male,69,6,0.0,2,0,1,94989.01,0,0,1,SILVER,897,3
9225553,7220318,sdv-pii-fn8ig,582,Germany,Female,57,1,127185.7,1,0,1,76052.73,1,1,5,PLATINUM,591,2
15150990,2241135,sdv-pii-rdx7t,543,France,Female,52,8,86467.78,1,0,1,61372.91,1,1,1,GOLD,633,2
1854442,8148605,sdv-pii-sz84m,659,Spain,Female,46,9,0.0,2,0,0,115604.71,0,0,5,PLATINUM,854,1
13195667,6814000,sdv-pii-i1rke,829,France,Female,36,5,85902.89,3,0,1,104879.67,1,1,3,SILVER,481,2
700053,4208366,sdv-pii-wxrbh,543,France,Male,40,2,145130.53,3,1,1,116645.59,1,1,3,PLATINUM,313,0
6800238,9240169,sdv-pii-z2gcb,710,France,Male,54,9,0.0,2,0,0,37906.58,0,0,2,GOLD,879,0
4025234,13307024,sdv-pii-a5cu7,699,Spain,Male,25,1,103235.13,2,1,0,95259.56,0,0,4,PLATINUM,493,3
11042195,3442444,sdv-pii-2seqh,580,Germany,Female,46,4,127256.39,1,1,1,151188.7,0,0,1,PLATINUM,641,1
10737879,15979355,sdv-pii-89rks,795,France,Female,53,6,105527.35,1,1,0,48346.87,1,1,3,PLATINUM,673,2
14296472,11883913,sdv-pii-v3v6h,660,Spain,Female,45,9,103360.54,1,0,0,148951.49,1,1,4,DIAMOND,408,2
12947591,1474878,sdv-pii-jpvkj,564,Germany,Female,51,7,153284.37,2,0,0,125688.51,1,1,4,DIAMOND,282,4
7558920,14683517,sdv-pii-hcp2z,488,France,Male,45,6,146151.93,2,1,1,67469.75,0,0,4,DIAMOND,413,0
4737662,1036945,sdv-pii-ylzrb,596,Spain,Male,31,3,0.0,2,0,0,84520.92,0,0,1,GOLD,326,3
216294,3008509,sdv-pii-qqg2m,485,Spain,Male,45,8,148127.32,3,0,0,134104.44,1,1,1,DIAMOND,419,3
11234892,7454580,sdv-pii-6kkbb,524,France,Female,64,5,116541.12,1,1,0,87913.67,1,1,4,GOLD,305,2
4421609,946726,sdv-pii-erl6k,673,France,Female,49,8,120555.09,3,0,0,126634.52,1,1,4,PLATINUM,881,2
7588759,5807758,sdv-pii-fqwpo,598,Spain,Male,25,9,120902.81,1,0,1,170091.24,0,0,2,DIAMOND,709,3
9655462,341691,sdv-pii-la8pr,597,Spain,Female,27,6,95233.23,1,0,0,57851.0,0,0,5,DIAMOND,678,1
3158954,4155685,sdv-pii-g40b9,543,Germany,Male,45,4,125617.19,1,1,0,34654.46,1,1,2,DIAMOND,988,4
5073834,12319113,sdv-pii-aa7bf,630,France,Female,34,2,0.0,2,1,1,133671.93,0,0,3,SILVER,456,1
16629090,5954648,sdv-pii-gsjut,615,Germany,Male,21,5,112508.52,1,0,0,86742.13,0,0,1,SILVER,615,0
11772308,8444835,sdv-pii-gf4ip,657,Germany,Female,41,6,179885.18,3,1,0,33454.21,1,1,4,PLATINUM,980,2
3874366,9152819,sdv-pii-qncs7,549,Germany,Female,58,5,132669.27,2,0,0,127253.51,0,0,3,DIAMOND,482,4
10093958,9227672,sdv-pii-56imd,506,France,Male,40,0,120139.79,2,1,0,110689.74,0,0,2,GOLD,316,0
15364976,4089002,sdv-pii-1dw3d,712,France,Male,64,6,0.0,2,1,0,100650.8,1,1,2,SILVER,611,0
2100853,3292983,sdv-pii-f4wq6,801,Spain,Female,49,6,89845.1,2,0,1,56593.59,0,0,3,GOLD,483,1
4897230,6232887,sdv-pii-0wbex,528,Spain,Female,35,1,81269.21,1,1,1,135059.3,0,0,5,GOLD,903,1
4668599,955199,sdv-pii-smxum,718,Spain,Male,33,4,0.0,2,1,1,48784.43,0,0,1,DIAMOND,489,3
3789173,12532773,sdv-pii-hzaa5,569,Spain,Female,42,9,149915.51,3,0,1,54170.24,1,1,4,PLATINUM,946,2
5040536,10599735,sdv-pii-qrl9s,571,France,Female,60,1,138741.42,1,1,1,120231.52,0,0,1,PLATINUM,221,1
12730376,13834874,sdv-pii-gffpz,797,Spain,Female,23,5,126842.26,2,1,1,164180.4,0,0,4,GOLD,312,1
2859450,2006779,sdv-pii-2nu3j,590,France,Male,30,8,99352.6,1,0,0,34534.63,0,0,3,PLATINUM,565,0
3259234,15587929,sdv-pii-6nh8l,691,France,Male,29,5,0.0,2,1,1,50147.62,0,0,4,GOLD,294,0
14578204,8785013,sdv-pii-mjdqw,563,Germany,Male,43,5,192.24,1,0,1,145120.38,0,0,4,SILVER,891,0
8851984,6170755,sdv-pii-4npf8,629,Germany,Female,47,5,124720.82,2,0,1,60050.84,0,0,2,GOLD,766,1
647470,6224421,sdv-pii-cr62g,582,Spain,Male,31,5,95936.18,2,1,1,99421.08,0,0,2,GOLD,991,3
2536885,1063539,sdv-pii-aky37,831,France,Male,30,8,122640.1,2,1,1,80875.04,0,0,2,SILVER,803,0
15479091,16769490,sdv-pii-b3jaa,634,Spain,Male,23,3,434.48,1,1,0,74873.63,0,0,1,PLATINUM,823,3
6002312,12249205,sdv-pii-fon1i,601,Germany,Female,35,3,105621.15,2,1,0,69613.69,0,0,1,DIAMOND,242,4
1234401,635810,sdv-pii-ys8i2,537,Germany,Female,56,5,125170.99,1,0,0,21303.54,1,1,4,DIAMOND,914,4
16607507,4711329,sdv-pii-fgcuf,720,France,Female,29,7,129506.13,1,0,1,146398.5,0,0,2,DIAMOND,930,1
2566815,16403409,sdv-pii-e35nh,625,France,Male,36,5,91236.2,2,0,0,35184.0,0,0,3,DIAMOND,619,0
5644178,7462661,sdv-pii-1svkt,580,Spain,Male,23,1,990.05,2,1,0,195446.1,0,0,3,DIAMOND,486,3
7820085,11954045,sdv-pii-m8eg2,529,France,Female,27,7,0.0,2,1,1,99422.61,0,0,5,DIAMOND,514,1
7196234,1505153,sdv-pii-ci37b,799,Spain,Female,32,8,0.0,2,1,0,71239.51,0,0,3,DIAMOND,853,1
14239435,12790901,sdv-pii-pwpac,599,Spain,Female,49,8,748.25,2,0,1,134941.93,0,0,4,PLATINUM,891,1
2575790,11402490,sdv-pii-njove,501,Germany,Female,38,7,141455.66,1,1,0,84551.77,0,0,3,DIAMOND,336,4
9155075,12489332,sdv-pii-lmikb,547,Spain,Female,44,10,114249.33,2,0,1,58163.89,1,1,2,PLATINUM,869,2
9433550,5456240,sdv-pii-tbwci,726,Germany,Female,54,8,113886.47,1,0,0,33596.37,0,0,4,DIAMOND,804,4
13084460,1882290,sdv-pii-nmza1,666,France,Female,67,6,106100.29,1,1,0,181029.19,0,0,2,PLATINUM,513,1
8201988,15168813,sdv-pii-vy7f9,728,Germany,Female,45,7,140547.8,1,0,0,114408.93,1,1,4,GOLD,754,2
7082743,1130000,sdv-pii-34qrv,747,France,Female,51,3,140550.71,1,1,1,158274.64,1,1,3,PLATINUM,582,2
12018529,13748191,sdv-pii-qs32t,536,Spain,Male,30,9,0.0,2,0,0,42698.58,0,0,4,SILVER,284,3
12831368,4069492,sdv-pii-p3pie,559,France,Female,49,3,132658.87,1,0,0,90811.45,0,0,4,SILVER,613,1
1587033,13444261,sdv-pii-8tki7,701,Germany,Male,29,9,137822.0,2,1,0,170668.86,0,0,1,PLATINUM,759,0
3079585,13214523,sdv-pii-z3pea,764,Germany,Female,28,2,78061.24,2,0,0,109642.9,0,0,5,PLATINUM,913,1
9288056,2812119,sdv-pii-towbl,729,Spain,Female,43,5,129309.47,2,1,0,49971.5,0,0,5,SILVER,234,1
11539110,6094020,sdv-pii-vpkqp,571,Spain,Male,50,5,127165.89,1,0,0,70761.31,0,0,1,PLATINUM,903,3
966961,15746802,sdv-pii-2ftzs,534,Spain,Female,32,3,135050.09,1,0,0,85130.89,0,0,2,PLATINUM,383,1
13494025,13315983,sdv-pii-a22xa,676,France,Male,35,4,1477.96,2,1,0,19442.54,1,1,3,DIAMOND,615,0
1447965,145548,sdv-pii-jvngw,652,Germany,Female,50,8,129969.88,3,0,0,54923.4,1,1,3,DIAMOND,765,4
209423,12735756,sdv-pii-fvq81,658,Germany,Female,47,9,127119.43,3,0,0,54740.47,1,1,4,PLATINUM,643,2
3474332,3357034,sdv-pii-bn6rv,571,France,Male,42,8,128229.07,1,0,0,32015.49,0,0,1,DIAMOND,665,0
2227648,10135355,sdv-pii-i58rg,658,Spain,Female,51,7,143378.54,1,0,1,67492.09,0,0,3,SILVER,509,1
12717905,3851057,sdv-pii-2nu6r,499,France,Female,53,2,217.55,2,1,1,102007.39,0,0,4,PLATINUM,455,1
736161,9877727,sdv-pii-l594w,562,France,Female,38,7,154883.82,1,0,1,9947.71,1,1,2,SILVER,834,2
7012232,12185704,sdv-pii-jqrjl,549,France,Female,44,4,119387.92,1,0,0,196472.71,0,0,4,PLATINUM,839,1
16012238,5242901,sdv-pii-id2xv,637,France,Female,47,5,134203.79,3,0,0,161020.26,1,1,4,PLATINUM,863,2
2450458,12651041,sdv-pii-qhdtz,727,France,Female,32,4,138926.46,2,1,0,78803.17,0,0,1,DIAMOND,302,1
7832043,6083472,sdv-pii-bme7u,752,Germany,Female,46,5,122355.82,2,1,0,172323.34,1,1,3,PLATINUM,823,2
8702517,3438058,sdv-pii-az9bl,688,France,Male,54,6,132082.96,2,0,1,11.58,1,1,5,DIAMOND,966,0
11106599,13280142,sdv-pii-5a7fl,536,Germany,Male,42,8,108526.77,1,1,0,32539.21,1,1,5,DIAMOND,884,4
16522634,2440107,sdv-pii-sdcvo,592,Germany,Female,53,6,148342.81,3,1,1,59466.32,1,1,4,GOLD,297,2
14403403,2664894,sdv-pii-dg153,610,Germany,Female,47,10,128827.79,1,1,0,26326.04,1,1,3,SILVER,421,2
73220,9385595,sdv-pii-a8w0n,575,Spain,Female,34,3,139556.27,1,0,1,145677.93,0,0,3,SILVER,420,1
1625781,10531735,sdv-pii-a6sjr,572,France,Female,52,5,111117.35,4,1,0,85332.22,1,1,1,DIAMOND,644,2
13894346,7495267,sdv-pii-zphx0,690,France,Female,32,8,111174.16,2,0,0,138431.13,1,1,2,GOLD,991,2
11848450,10334164,sdv-pii-9dx76,532,Germany,Female,33,8,130902.12,2,0,1,154124.17,0,0,5,PLATINUM,949,1
15491335,10343501,sdv-pii-62yc1,498,France,Male,58,6,0.0,4,0,0,139447.76,1,1,3,SILVER,247,0
2702017,3367,sdv-pii-mgo5i,524,Germany,Male,39,8,85404.43,1,1,1,41172.84,0,0,4,GOLD,406,0
3662360,503285,sdv-pii-v94wn,535,France,Female,36,9,99038.68,2,1,1,169308.05,1,1,4,PLATINUM,450,2
1753847,3175211,sdv-pii-l6lle,572,France,Female,34,8,0.0,2,0,0,102018.45,0,0,2,GOLD,765,1
14063469,10701574,sdv-pii-il8dx,630,France,Female,36,9,131338.78,1,1,1,52222.9,0,0,5,PLATINUM,440,1
2008374,7850911,sdv-pii-32wcw,647,France,Male,59,8,135485.58,3,0,0,66387.49,1,1,3,DIAMOND,330,0
9528457,3297018,sdv-pii-lb71v,752,France,Male,51,6,111157.15,4,1,0,103212.17,1,1,4,SILVER,844,0
4302166,1805889,sdv-pii-8b158,710,Germany,Male,41,8,163459.55,2,0,1,34634.79,1,1,3,GOLD,364,0
5897189,582489,sdv-pii-j592l,587,Spain,Female,28,2,0.0,2,1,0,149058.32,0,0,4,PLATINUM,289,1
8498384,6969266,sdv-pii-vwg0w,729,Spain,Male,45,1,1262.84,1,0,0,120173.27,0,0,3,DIAMOND,577,3
1800278,7319527,sdv-pii-5rlbz,557,Germany,Female,67,8,126288.91,1,0,0,131467.9,0,0,1,SILVER,691,1
10299817,13192460,sdv-pii-olvfp,486,Spain,Male,32,9,0.0,2,0,1,39228.19,0,0,3,PLATINUM,571,3
11368490,2869364,sdv-pii-31dma,575,France,Female,68,9,128598.42,4,0,0,146547.63,1,1,5,DIAMOND,953,2
7521910,10037228,sdv-pii-z9vwn,727,France,Male,37,9,126983.72,2,0,1,8376.94,0,0,2,SILVER,253,0
7537833,3672383,sdv-pii-5soc9,598,Spain,Female,40,3,0.0,2,0,1,31637.27,0,0,4,SILVER,511,1
2119281,12783841,sdv-pii-jap31,610,France,Female,41,8,0.0,2,0,1,50034.41,0,0,1,SILVER,965,1
6144881,1218052,sdv-pii-xiqum,620,Spain,Female,30,5,1105.43,1,1,1,44759.78,0,0,5,GOLD,854,1
2981521,1479680,sdv-pii-9ckmg,791,Germany,Female,30,4,113475.78,1,1,1,194341.47,0,0,3,SILVER,800,1
870555,11779761,sdv-pii-xdiyh,660,Spain,Female,26,8,110970.39,2,0,0,37574.99,0,0,2,PLATINUM,417,1
3160451,5279570,sdv-pii-x1i0p,677,Germany,Male,55,5,113371.17,1,1,1,67006.54,1,1,4,GOLD,456,0
16118708,2739581,sdv-pii-jf3vx,609,Spain,Female,28,8,1144.06,2,1,1,95837.92,0,0,5,DIAMOND,415,1
3005095,9455118,sdv-pii-3sv1y,707,France,Male,29,9,1203.59,2,1,0,37043.33,0,0,5,DIAMOND,529,0
6821644,10785283,sdv-pii-35nzg,801,Spain,Female,28,3,0.0,2,0,0,59797.61,0,0,5,SILVER,240,1
11728581,3868443,sdv-pii-8oihb,664,France,Female,27,1,0.0,1,0,0,8736.08,0,1,2,PLATINUM,646,2
4536720,4396566,sdv-pii-mueri,550,Spain,Female,51,8,121073.37,3,1,0,132567.44,1,1,4,SILVER,828,2
14616665,1164511,sdv-pii-35rp3,692,Germany,Female,44,10,112954.45,1,0,0,37138.05,1,1,1,PLATINUM,946,2
7960074,3452857,sdv-pii-rr82z,514,Spain,Female,24,9,106981.38,2,0,0,77513.88,0,0,3,PLATINUM,647,1
626067,8589253,sdv-pii-u4doo,840,Germany,Male,50,9,105442.88,1,1,1,17655.1,1,1,2,PLATINUM,347,0
5858606,6758664,sdv-pii-xkwp4,716,Spain,Female,37,8,191.15,2,0,1,56660.81,0,0,5,DIAMOND,889,1
2193047,3727836,sdv-pii-3wd0a,558,Spain,Female,37,9,95733.81,1,1,0,142119.41,0,0,5,PLATINUM,305,1
1562156,15584390,sdv-pii-b1a3a,730,Germany,Male,51,1,127113.66,2,1,0,161722.84,0,0,3,GOLD,368,0
6629243,13622419,sdv-pii-eswb8,571,France,Female,40,8,100538.58,1,1,1,50398.03,1,1,3,DIAMOND,889,2
12222549,16389912,sdv-pii-t80sl,588,Spain,Male,22,1,0.0,2,1,0,76914.98,0,0,1,GOLD,292,3
9477579,3848581,sdv-pii-iyurz,722,Spain,Female,52,3,90162.67,2,0,1,130875.2,1,1,3,PLATINUM,690,2
2808922,15448536,sdv-pii-fcrws,783,France,Female,55,6,107867.52,1,0,1,67689.52,0,0,4,DIAMOND,868,1
13470150,14851871,sdv-pii-66m1u,593,Spain,Female,24,9,342.01,2,1,0,52649.04,0,0,3,DIAMOND,773,1
4664861,16766780,sdv-pii-hxk0k,621,Spain,Female,35,3,0.0,2,1,0,93322.27,0,0,1,SILVER,231,1
2598137,3220371,sdv-pii-q2bpf,786,Germany,Female,27,5,121916.58,2,0,0,99672.56,0,0,3,DIAMOND,259,4
1531833,11435068,sdv-pii-d2iwt,456,Germany,Female,45,8,149894.7,2,0,0,157029.69,1,1,3,PLATINUM,737,2
7163678,5342662,sdv-pii-qhz36,582,France,Male,24,4,0.0,1,0,0,125086.0,0,0,5,DIAMOND,831,0
6139824,3238833,sdv-pii-9qycp,719,Germany,Female,39,1,116508.17,3,0,1,185763.01,1,1,3,SILVER,500,2
14563346,916803,sdv-pii-edciu,527,France,Male,39,1,122309.7,1,0,0,100050.2,1,1,4,PLATINUM,588,0
4786422,14167077,sdv-pii-cppwc,520,Spain,Male,53,5,1000.42,1,1,0,48602.04,1,1,5,PLATINUM,361,3
1517700,8421883,sdv-pii-akn75,533,France,Female,26,2,662.22,2,0,1,113267.62,0,0,5,PLATINUM,814,1
9246390,7050481,sdv-pii-q8nk4,656,Germany,Female,43,8,153606.42,4,1,0,177040.53,1,1,3,DIAMOND,453,4
13524308,16399331,sdv-pii-qx9n4,751,Germany,Male,61,3,106457.19,1,0,0,40949.75,0,0,3,DIAMOND,841,4
2045838,9733762,sdv-pii-rat77,541,Spain,Female,28,4,89509.03,1,1,0,160276.24,0,0,5,DIAMOND,559,1
6211626,1932466,sdv-pii-9z799,719,Spain,Female,33,7,155777.93,2,0,1,113688.01,0,0,4,PLATINUM,283,1
1188771,4389787,sdv-pii-qcc48,569,Spain,Female,38,5,114785.54,2,0,0,39221.17,1,1,3,DIAMOND,647,2
5507560,9981151,sdv-pii-g4fua,586,Germany,Female,45,8,76623.97,3,1,0,6511.46,1,1,4,SILVER,355,2
11791467,2697580,sdv-pii-cuqu5,569,Spain,Male,40,5,168.35,2,1,0,9424.74,0,0,5,GOLD,949,3
6886632,10012959,sdv-pii-8121x,595,France,Female,47,5,0.0,1,0,0,102429.79,0,0,5,PLATINUM,293,1
9695186,3604435,sdv-pii-gyjuy,555,Spain,Female,29,3,0.0,2,0,1,158759.67,0,0,3,PLATINUM,541,1
13601046,11178370,sdv-pii-otl9h,705,Germany,Male,29,4,118877.23,2,1,0,10840.7,0,0,3,GOLD,320,0
6479143,14622298,sdv-pii-p2m0u,662,France,Female,33,2,0.0,2,1,1,102047.75,0,0,3,SILVER,748,1
7982654,15500594,sdv-pii-zr0ql,677,France,Female,39,8,0.0,2,0,0,43511.17,0,0,5,PLATINUM,990,1
6326732,7633130,sdv-pii-cygf0,709,Spain,Female,26,6,308.87,2,0,1,9030.15,0,0,5,DIAMOND,290,1
4691141,6677956,sdv-pii-wu58c,569,Germany,Female,51,9,131363.77,1,0,0,51304.63,0,0,5,DIAMOND,791,4
9260102,14328371,sdv-pii-u54ju,542,Germany,Female,48,5,105668.49,3,0,0,86378.65,1,1,3,DIAMOND,554,4
12721332,11254983,sdv-pii-vb1gt,823,Spain,Female,24,3,0.0,2,1,1,137626.77,0,0,2,DIAMOND,424,1
7125647,12206602,sdv-pii-oyfvr,768,Germany,Female,57,7,148171.01,1,0,1,138449.73,1,1,4,PLATINUM,271,2
8298251,6443619,sdv-pii-6my9y,657,France,Male,38,4,0.0,1,1,1,94558.26,0,0,2,PLATINUM,933,0
9486091,843241,sdv-pii-s5rhn,622,Germany,Female,53,9,111662.82,1,0,0,121518.15,1,1,5,PLATINUM,377,2
1182324,10930732,sdv-pii-ebv8o,689,Spain,Male,41,10,0.0,2,1,1,59601.52,0,0,3,DIAMOND,617,3
10599551,306418,sdv-pii-snfkw,540,Germany,Female,39,8,114155.93,3,0,1,93724.73,1,1,4,SILVER,896,2
12068641,15254861,sdv-pii-n8720,660,Spain,Female,40,8,106308.73,2,1,1,65091.77,0,1,2,DIAMOND,282,1
2551909,5858953,sdv-pii-qpav3,547,Spain,Male,31,7,680.26,2,0,0,13081.7,0,0,5,DIAMOND,490,3
4247211,2750026,sdv-pii-38nn0,762,Spain,Male,50,8,1546.13,2,1,0,112839.51,1,1,3,DIAMOND,484,3
12990083,14418136,sdv-pii-aosug,530,Spain,Female,44,3,174047.37,1,0,1,156421.25,0,0,4,SILVER,610,1
11662910,3495284,sdv-pii-2s1kh,681,Spain,Male,30,9,140829.59,2,1,0,68721.49,0,0,1,DIAMOND,988,3
4592959,7230532,sdv-pii-837sn,589,France,Male,35,4,0.0,2,1,1,199992.48,0,0,4,SILVER,255,0
10449278,1029593,sdv-pii-70jis,556,Spain,Male,31,5,0.0,2,1,1,62776.33,0,0,2,SILVER,370,3
9404152,2058643,sdv-pii-a5ze8,615,Spain,Male,25,6,0.0,2,1,1,21562.25,0,0,3,GOLD,383,3
6157822,5360730,sdv-pii-bsunv,687,Spain,Female,34,9,0.0,1,0,1,4872.09,1,0,4,PLATINUM,960,1
12638231,446824,sdv-pii-zkui7,809,Spain,Male,28,8,0.0,2,0,1,176827.44,0,0,4,PLATINUM,292,3
10267441,2145544,sdv-pii-5nltk,671,Spain,Female,54,10,418.47,2,0,1,171624.48,1,1,3,DIAMOND,909,2
3439478,3038153,sdv-pii-ywq5q,570,France,Male,45,6,0.0,2,0,0,64861.33,0,0,2,PLATINUM,920,0
12649777,8259639,sdv-pii-maz7u,659,Spain,Female,30,9,0.0,2,1,0,87340.62,0,0,1,SILVER,249,1
15143133,10432795,sdv-pii-agduz,762,Spain,Male,42,5,116790.3,2,0,0,61435.33,0,0,3,DIAMOND,491,3
3562869,13202642,sdv-pii-v1ulh,552,France,Male,47,8,103047.8,2,1,1,87299.96,0,0,5,GOLD,607,0
11964,3755760,sdv-pii-cybdf,808,Spain,Male,27,5,0.0,1,0,1,67713.07,0,0,2,SILVER,639,3
7518344,4057211,sdv-pii-1x1dx,731,Spain,Female,51,6,0.0,3,1,0,192475.85,1,1,2,PLATINUM,817,2
15285161,6484850,sdv-pii-ws664,565,Spain,Male,39,7,110350.84,1,1,1,147992.11,0,0,2,DIAMOND,655,3
15377975,11966019,sdv-pii-4oduq,618,France,Male,58,10,129938.69,3,1,0,42784.14,1,1,3,PLATINUM,281,0
9870993,12827925,sdv-pii-kv2w1,616,France,Female,27,8,1754.55,2,1,1,195124.56,0,0,4,DIAMOND,783,1
13775752,175063,sdv-pii-upsyy,779,France,Male,29,4,95.85,1,1,0,158024.67,0,0,1,PLATINUM,316,0
9444706,1956483,sdv-pii-clmqm,808,Germany,Female,35,5,134453.7,2,1,0,48426.52,0,0,4,PLATINUM,958,1
10660117,1736337,sdv-pii-wd8ca,522,France,Male,37,5,151784.34,3,0,0,37725.74,1,1,5,PLATINUM,944,0
38091,14769350,sdv-pii-363tt,476,Spain,Male,29,10,115964.09,2,0,0,69152.23,0,0,3,DIAMOND,887,3
1767260,9887351,sdv-pii-4s3kb,571,France,Male,51,2,163202.74,1,1,1,114627.6,0,0,2,DIAMOND,607,0
9949508,4477890,sdv-pii-q7jsf,524,Germany,Female,36,3,121347.45,2,1,1,63646.91,0,0,3,PLATINUM,803,1
16486418,4696565,sdv-pii-y9zqh,592,Germany,Female,44,7,91377.69,1,1,1,45716.03,1,1,3,PLATINUM,574,2
2681307,15010611,sdv-pii-bxo87,516,Germany,Male,52,5,141694.57,2,0,0,46416.13,0,0,1,PLATINUM,770,0
2398787,4126619,sdv-pii-x8dyd,568,Spain,Female,40,8,115857.55,2,0,0,5232.4,0,0,1,GOLD,521,1
11452620,1505901,sdv-pii-go4xg,804,France,Female,70,7,112432.05,1,0,0,71094.36,1,1,2,DIAMOND,767,2
1754530,5315147,sdv-pii-39608,706,France,Female,44,10,95425.77,3,1,0,107082.13,1,1,4,DIAMOND,679,2
7897085,11440275,sdv-pii-qe6np,746,Spain,Male,33,5,567.12,2,1,0,141165.34,0,0,2,GOLD,237,3
3623578,3029160,sdv-pii-r3kmv,667,Germany,Male,59,9,140340.31,2,0,1,35420.77,0,0,2,DIAMOND,458,4
14185912,6204991,sdv-pii-7h3vk,584,Spain,Male,43,8,95091.94,1,0,0,63433.25,1,1,4,DIAMOND,438,3
8777878,6759251,sdv-pii-ohrli,558,France,Female,32,1,550.89,2,0,0,42877.94,0,0,5,DIAMOND,321,1
14701625,12569164,sdv-pii-4ii8q,761,France,Female,55,3,127806.3,1,1,0,112259.16,1,1,3,SILVER,866,2
16587211,8305048,sdv-pii-itxpk,607,France,Male,34,5,0.0,2,0,1,36189.92,0,0,2,PLATINUM,601,0
9011301,11858718,sdv-pii-ljpme,717,France,Male,23,3,1095.49,2,1,0,9171.41,0,0,4,DIAMOND,837,0
4238648,16774965,sdv-pii-jjerl,762,Spain,Female,26,6,0.0,2,1,0,83247.59,0,0,3,PLATINUM,826,1
14842433,608892,sdv-pii-qjc41,622,Spain,Female,29,3,1053.62,1,1,1,120864.8,0,0,5,PLATINUM,530,1
12899861,15376579,sdv-pii-boa71,610,France,Female,43,9,141.04,2,1,1,50020.19,0,0,5,PLATINUM,855,1
7562246,10262571,sdv-pii-vg216,673,Spain,Male,47,5,68168.17,1,0,0,86438.59,1,1,4,PLATINUM,276,3
11265242,9688613,sdv-pii-kgahu,476,France,Male,25,6,796.05,2,1,1,53829.0,0,0,2,SILVER,360,0
2858283,5034046,sdv-pii-lrfk1,850,France,Female,44,5,194.76,2,0,1,64986.38,0,0,4,PLATINUM,895,1
3571188,9085721,sdv-pii-7ofwj,758,Spain,Female,31,9,110897.56,2,0,0,55341.3,0,0,3,DIAMOND,398,1
2674278,6226140,sdv-pii-2mcpg,580,Spain,Male,51,4,105716.47,2,1,0,15626.14,1,0,2,GOLD,287,3
16383125,5933570,sdv-pii-mundh,676,Spain,Male,62,6,819.59,2,0,1,96427.37,1,0,3,PLATINUM,313,3
11005625,15208389,sdv-pii-4kxb8,641,Spain,Female,33,4,124370.16,1,0,0,22422.05,0,0,1,SILVER,762,1
973471,1927485,sdv-pii-wkx0l,601,France,Female,31,3,108053.71,1,1,0,47721.26,1,0,3,PLATINUM,304,2
15351564,11911262,sdv-pii-buyak,512,Germany,Female,39,2,148899.47,1,0,0,149953.22,0,0,3,DIAMOND,360,4
1617462,7477931,sdv-pii-vq51l,496,Germany,Female,40,1,120531.86,1,1,1,41205.21,0,1,2,DIAMOND,742,4
10130206,1859596,sdv-pii-yep1s,531,France,Female,36,7,110403.06,1,0,0,185182.85,0,0,3,PLATINUM,362,1
8175223,6042614,sdv-pii-dvf8k,778,Germany,Female,23,3,126821.88,2,1,0,40646.29,0,0,2,PLATINUM,865,1
12431536,9197001,sdv-pii-61gqb,587,Spain,Male,29,9,122760.65,1,1,0,131563.83,0,0,2,GOLD,719,3
15747118,11711358,sdv-pii-v98es,697,Spain,Female,38,5,703.51,3,1,0,17908.41,1,1,3,PLATINUM,603,2
5843602,358039,sdv-pii-2mvb8,513,France,Male,27,8,126.86,2,0,1,142534.7,0,0,4,PLATINUM,328,0
10656780,6049811,sdv-pii-jbcw1,584,Spain,Female,62,1,472.82,2,0,0,73125.19,0,0,4,DIAMOND,389,1
9351509,15015586,sdv-pii-fg9x3,703,France,Female,41,5,131263.98,2,1,1,115250.26,0,0,3,PLATINUM,453,1
475966,2925145,sdv-pii-rx0rg,850,France,Male,49,6,77347.31,2,1,0,50957.81,0,0,4,PLATINUM,396,0
8840807,15147235,sdv-pii-wx2ek,612,France,Male,37,5,114308.46,2,1,1,107672.2,1,1,2,PLATINUM,870,0
11694770,11899371,sdv-pii-aw4gh,579,France,Male,52,10,902.17,1,0,1,93614.49,0,1,2,PLATINUM,617,0
15817354,177818,sdv-pii-4o844,623,Spain,Female,40,10,0.0,2,0,1,66204.16,0,0,3,DIAMOND,425,1
5350700,8907363,sdv-pii-cjfmg,500,Spain,Male,26,9,115863.29,2,1,1,129118.98,0,0,5,GOLD,900,3
11516851,10544151,sdv-pii-kdpno,521,France,Male,33,10,113825.78,2,1,0,38693.49,0,0,3,PLATINUM,844,0
4287793,15925251,sdv-pii-56axx,680,Spain,Male,24,6,0.0,2,1,0,70615.37,0,0,2,SILVER,757,3
223030,15168628,sdv-pii-3q369,468,France,Male,38,2,1320.31,4,0,0,72982.07,1,1,4,DIAMOND,409,0
14627297,16235566,sdv-pii-x6chb,668,Spain,Female,33,9,143510.62,3,0,1,126674.17,1,1,1,DIAMOND,302,2
9049249,11964601,sdv-pii-x8lgl,795,France,Female,27,1,385.62,2,0,1,194634.25,0,0,3,PLATINUM,852,1
8412357,12741058,sdv-pii-6jscm,593,Spain,Female,34,8,1031.18,2,1,0,185601.33,0,0,3,DIAMOND,503,1
2689847,10472538,sdv-pii-zpvcf,696,Germany,Female,51,6,109467.63,4,0,0,123386.25,1,1,3,DIAMOND,715,4
9071261,2466717,sdv-pii-fef4u,545,Germany,Female,33,8,119595.75,1,1,0,83463.63,0,0,4,GOLD,845,1
16399651,1527546,sdv-pii-0gdme,600,Germany,Female,41,5,105242.46,2,1,1,50789.74,0,0,3,SILVER,365,1
11804438,13684250,sdv-pii-do6oa,705,Spain,Male,28,8,557.07,2,1,1,122581.59,0,0,2,DIAMOND,521,3
3306945,15728467,sdv-pii-tvtln,644,Spain,Female,32,3,0.0,2,0,1,193720.19,0,0,2,PLATINUM,713,1
2859331,5119336,sdv-pii-a48t6,478,France,Female,55,7,142032.15,1,0,0,21998.58,1,1,4,DIAMOND,823,2
3567137,1161184,sdv-pii-ddtwh,779,France,Female,49,0,0.0,2,1,0,11234.44,0,0,5,DIAMOND,615,1
12334536,8399787,sdv-pii-9vppz,549,France,Female,46,9,0.0,2,0,1,60990.08,0,0,4,GOLD,618,1
3100420,535400,sdv-pii-nu4l7,607,Germany,Male,25,5,0.0,2,0,0,39793.01,0,0,2,DIAMOND,861,4
12161185,12340053,sdv-pii-pcevs,802,Spain,Male,44,5,162.66,2,1,0,154037.96,0,0,4,DIAMOND,267,3
3907263,7006121,sdv-pii-qbnk2,717,France,Male,62,3,82606.11,3,0,0,172670.71,1,1,3,PLATINUM,507,0
5496841,211279,sdv-pii-gwwce,690,Spain,Female,40,1,99992.39,2,0,0,67404.13,0,0,5,PLATINUM,858,1
8354049,7767982,sdv-pii-w8h3a,668,Germany,Male,50,8,147580.36,3,0,1,14162.22,1,1,2,DIAMOND,914,4
968659,4641889,sdv-pii-w2nvx,612,France,Male,46,6,137813.88,1,1,0,62049.63,0,1,2,DIAMOND,611,0
2700912,15102628,sdv-pii-o7ig5,549,Spain,Female,46,9,131289.37,4,1,0,73873.47,1,1,3,DIAMOND,929,2
12540008,12928089,sdv-pii-rdd1b,779,France,Male,39,5,0.0,2,0,0,20778.54,0,0,3,PLATINUM,796,0
13797093,14996794,sdv-pii-nh06n,710,Spain,Female,56,6,103.84,1,1,1,12028.9,0,0,3,SILVER,310,1
13877924,15888291,sdv-pii-d4ij7,639,France,Female,27,5,0.0,2,1,1,108845.77,0,0,2,GOLD,970,1
8013565,3036463,sdv-pii-0vejl,640,France,Male,31,10,0.0,2,0,0,100817.02,0,0,3,PLATINUM,885,0
12431538,13419917,sdv-pii-nk43e,631,Spain,Male,33,5,125083.98,2,0,1,56820.33,0,0,3,DIAMOND,451,3
5093141,16534411,sdv-pii-s4cg7,688,Spain,Male,51,5,0.0,2,0,0,49113.69,0,0,4,PLATINUM,447,3
11013791,1950406,sdv-pii-phaao,499,France,Female,41,2,131138.8,3,1,0,11.58,1,1,2,PLATINUM,811,2
16634099,6771011,sdv-pii-szu5j,759,France,Female,23,6,133194.04,1,1,1,66443.54,0,0,5,GOLD,895,1
5394751,5636579,sdv-pii-u7hwu,677,Spain,Male,40,2,147464.06,2,1,0,42606.29,0,0,3,PLATINUM,802,3
9129942,4673734,sdv-pii-tcrj7,733,Spain,Male,28,9,0.0,2,1,1,72814.27,0,0,3,PLATINUM,253,3
14637305,10549576,sdv-pii-b7jwu,761,Spain,Male,37,8,0.0,2,1,1,57485.58,0,0,5,DIAMOND,937,3
4834748,3630072,sdv-pii-2yjvh,634,France,Female,31,9,0.0,2,1,1,187777.0,0,0,4,PLATINUM,863,1
6090060,14781999,sdv-pii-y76jd,692,France,Female,41,9,117191.82,1,1,0,37275.78,1,1,3,DIAMOND,884,2
4615701,15866192,sdv-pii-fua84,648,France,Male,61,5,109909.95,4,1,0,54310.1,1,1,2,GOLD,914,0
16185759,13578686,sdv-pii-z5kyj,607,France,Female,61,6,0.0,2,0,1,136508.65,0,0,3,PLATINUM,984,1
15911478,9312526,sdv-pii-drzl8,655,France,Male,51,10,122778.04,2,0,0,10282.69,0,1,3,PLATINUM,296,0
1488518,15323288,sdv-pii-ds9xf,569,Germany,Female,67,8,129616.47,1,0,1,118695.1,1,1,3,PLATINUM,938,2
3976790,12111822,sdv-pii-xab1g,802,Spain,Female,45,7,131517.25,1,0,1,185543.57,0,0,4,PLATINUM,309,1
8598275,15071001,sdv-pii-bndzu,611,France,Female,42,3,0.0,2,0,1,162638.63,0,0,3,DIAMOND,458,1
4318120,13475606,sdv-pii-gtyn0,625,Germany,Male,51,8,126593.49,1,0,1,17669.58,1,1,4,DIAMOND,271,4
4841300,3183386,sdv-pii-euoxs,607,Spain,Male,34,9,0.0,2,1,1,106242.02,0,0,5,GOLD,737,3
373198,9378563,sdv-pii-xxa8c,561,France,Male,43,9,0.0,2,1,1,193520.51,0,0,1,PLATINUM,758,0
15636556,6728556,sdv-pii-f97dp,699,Germany,Female,53,9,115498.93,3,0,0,160189.77,1,1,1,GOLD,263,2
4669621,4235606,sdv-pii-bwy5c,651,Spain,Female,72,5,134061.26,1,0,1,99653.63,1,1,3,DIAMOND,335,2
5960699,5368091,sdv-pii-fnerg,650,France,Female,26,5,122400.23,2,0,1,48894.63,0,0,3,DIAMOND,570,1
12265095,15666896,sdv-pii-7zour,515,Germany,Female,55,3,67841.38,1,0,0,45560.89,1,1,4,DIAMOND,816,4
4420190,182797,sdv-pii-a1pyf,795,Spain,Male,26,1,122788.62,1,1,0,70871.9,0,0,4,DIAMOND,417,3
4284428,1795759,sdv-pii-6i2dy,793,France,Female,62,3,94677.96,1,0,0,153542.7,0,0,5,PLATINUM,437,1
13285812,10474737,sdv-pii-a2uvz,577,France,Female,26,9,0.0,3,1,0,44807.59,0,0,3,PLATINUM,587,1
6665744,10775940,sdv-pii-63ni3,561,France,Female,49,8,109556.21,1,0,0,131908.38,1,1,2,GOLD,484,2
6992895,371457,sdv-pii-dnxy5,610,France,Male,35,3,0.0,2,1,1,102437.13,0,0,3,SILVER,609,0
8779113,9206390,sdv-pii-evbkl,592,France,Female,40,8,0.0,2,1,0,13059.52,0,0,3,SILVER,445,1
7702987,506359,sdv-pii-394b4,796,Spain,Male,43,5,113774.85,1,1,1,33180.51,0,0,2,DIAMOND,583,3
12033742,12072736,sdv-pii-qovco,708,Spain,Male,34,8,0.0,2,0,0,87968.83,0,0,1,PLATINUM,919,3
11404066,13011254,sdv-pii-2k1dg,712,Spain,Male,25,5,75714.09,2,1,0,168969.88,0,0,3,GOLD,938,3
13169703,9824158,sdv-pii-uf04s,849,Germany,Male,49,1,146155.77,2,1,1,63587.7,0,0,1,DIAMOND,320,4
11683430,5322937,sdv-pii-19sp3,759,Germany,Female,20,5,143592.94,1,0,0,99613.64,0,0,2,DIAMOND,310,4
6566204,15503256,sdv-pii-vtucf,635,Spain,Female,62,5,111569.94,2,0,0,55685.71,1,1,2,DIAMOND,789,2
2747255,11224349,sdv-pii-ptc29,749,Germany,Female,27,10,466.86,2,1,1,134267.83,0,0,3,GOLD,676,1
15106817,4203684,sdv-pii-v6g0h,732,Germany,Female,39,3,116140.78,2,0,0,60524.48,0,0,3,DIAMOND,618,4
3601492,1068165,sdv-pii-24kb7,718,France,Female,53,1,125597.42,2,1,1,113116.4,1,1,3,SILVER,618,2
16594038,1890164,sdv-pii-qalym,508,France,Male,32,8,0.0,1,1,0,23484.23,0,0,2,PLATINUM,814,0
13259632,10001152,sdv-pii-ijyit,585,France,Male,38,2,799.9,4,1,0,100981.24,1,1,3,PLATINUM,320,0
16739939,5874451,sdv-pii-tvnjy,669,Germany,Female,43,9,142940.04,1,0,0,88001.34,0,0,5,DIAMOND,966,4
11251882,9950526,sdv-pii-0it9n,540,Spain,Male,43,6,153103.73,3,0,0,43778.6,1,1,4,PLATINUM,446,3
12245805,5743064,sdv-pii-g6utr,544,Germany,Female,52,8,98414.63,1,0,1,45319.21,1,1,5,PLATINUM,628,2
5106922,15541754,sdv-pii-9d2bf,791,France,Male,38,5,119590.92,2,1,1,130477.94,0,0,2,GOLD,369,0
12249725,6603766,sdv-pii-tv9ib,798,Spain,Female,34,9,0.0,2,1,1,88678.29,0,0,3,SILVER,476,1
38894,10159075,sdv-pii-s2apg,509,Germany,Female,27,9,116847.18,1,1,0,164004.96,0,0,4,DIAMOND,635,4
268040,16434200,sdv-pii-z2w0h,569,France,Male,50,7,102379.24,1,0,1,24947.57,0,0,4,PLATINUM,559,0
10276683,3636841,sdv-pii-vvrx7,675,Spain,Male,40,6,108982.19,2,1,0,165349.21,0,0,1,PLATINUM,687,3
172163,14352295,sdv-pii-s7p5a,601,Germany,Female,34,2,125368.33,2,1,1,100129.75,0,0,1,PLATINUM,815,1
5117322,8059897,sdv-pii-kcwum,702,France,Male,28,5,1180.73,2,0,0,157923.59,0,0,4,GOLD,637,0
4006918,3171645,sdv-pii-4xogc,555,France,Female,44,9,160794.51,1,0,1,46511.44,1,1,2,DIAMOND,592,2
1040354,2392700,sdv-pii-9vfqh,616,Spain,Female,28,4,107015.4,2,1,1,141213.95,0,0,4,DIAMOND,366,1
16530070,16545921,sdv-pii-iuuon,530,France,Female,37,5,145441.26,2,0,1,19320.33,0,0,2,SILVER,857,1
1829467,2356878,sdv-pii-3319c,665,Germany,Female,53,3,140944.88,1,1,1,136227.06,0,0,3,SILVER,754,1
15514988,10842135,sdv-pii-asjgs,566,France,Male,51,8,121745.95,1,0,0,110402.99,1,1,4,DIAMOND,553,0
6330586,2714524,sdv-pii-x3lpe,602,Germany,Male,36,2,135305.56,4,0,1,149639.25,1,1,2,PLATINUM,302,0
14536951,642212,sdv-pii-x3igw,567,France,Male,46,7,108236.85,2,1,1,48730.28,0,0,2,PLATINUM,840,0
2232522,15866127,sdv-pii-2wr76,652,Germany,Female,43,4,0.0,2,1,0,160098.3,0,0,2,GOLD,383,1
14596225,16665541,sdv-pii-sge56,623,France,Male,34,5,0.0,2,1,1,197353.92,0,0,5,SILVER,224,0
16239965,3651446,sdv-pii-p1ss5,561,Germany,Female,33,0,0.0,2,1,0,45169.14,0,0,5,PLATINUM,584,1
5392917,3972349,sdv-pii-525wd,572,Germany,Female,33,3,120895.39,1,0,1,19586.66,1,1,5,SILVER,960,2
9422037,14260811,sdv-pii-cnzda,557,Germany,Female,51,8,133662.56,1,1,0,189805.27,1,1,3,DIAMOND,408,4
15043674,4195498,sdv-pii-ibri0,574,Germany,Male,30,7,108456.0,1,1,1,99475.56,0,0,3,GOLD,730,0
9788651,3121914,sdv-pii-u0j26,725,Spain,Male,28,2,68795.81,2,1,0,20467.33,0,0,5,GOLD,456,3
15249924,1824356,sdv-pii-z4kcq,692,Germany,Female,56,5,95781.85,1,1,0,45284.41,1,1,5,PLATINUM,637,2
12395319,4180814,sdv-pii-h6u8u,674,France,Female,61,4,141082.82,1,1,1,89930.63,1,1,2,PLATINUM,902,2
1680799,14280815,sdv-pii-eu22g,546,Germany,Male,53,1,126610.76,1,0,0,42520.02,0,0,1,DIAMOND,822,4
7154143,15816493,sdv-pii-qb05w,568,France,Female,30,6,121531.74,1,1,1,104102.33,0,0,3,DIAMOND,759,1
3646919,4076303,sdv-pii-0pkq7,588,France,Male,26,8,0.0,2,0,0,143275.46,0,0,3,SILVER,393,0
820225,8194700,sdv-pii-d39ic,563,Spain,Male,43,7,131099.34,2,0,0,117666.51,0,0,3,DIAMOND,672,3
5202723,6492787,sdv-pii-a11ns,676,France,Female,58,5,109237.07,1,1,0,120954.1,1,1,4,PLATINUM,694,2
14597942,1251318,sdv-pii-p17xa,588,Spain,Male,38,7,0.0,1,0,1,38064.97,0,0,2,PLATINUM,912,3
11019068,9576497,sdv-pii-trsfj,642,Spain,Male,27,9,93194.79,1,1,1,120135.39,0,0,3,GOLD,831,3
16570784,1169746,sdv-pii-70dsy,593,Germany,Male,45,4,112314.71,1,1,0,67262.65,0,0,4,PLATINUM,348,0
6153094,1182361,sdv-pii-ki9ey,760,Germany,Female,24,8,121603.9,2,1,1,90327.18,0,0,1,GOLD,856,1
4946885,11481491,sdv-pii-ikvy6,520,France,Male,53,2,108546.12,2,1,0,93334.44,0,0,4,GOLD,329,0
11629760,15008222,sdv-pii-j2mxf,667,Spain,Female,40,3,139167.18,2,0,1,124791.03,0,0,2,DIAMOND,838,1
1520594,13531033,sdv-pii-rofjc,795,Spain,Male,30,7,132824.48,2,0,1,192858.65,0,0,5,PLATINUM,499,3
11705802,15675196,sdv-pii-xiuoq,571,Germany,Male,45,6,121483.58,2,1,1,138615.7,1,1,4,DIAMOND,271,4
1783421,5277753,sdv-pii-sck70,648,Germany,Female,63,5,129851.07,4,1,0,193732.18,1,1,1,PLATINUM,473,2
1499743,6437670,sdv-pii-au8ay,651,France,Female,41,0,135475.11,1,0,0,48241.59,1,1,3,DIAMOND,609,2
16232930,3873834,sdv-pii-mvquj,589,France,Female,24,3,76524.08,1,1,0,6892.25,0,0,1,PLATINUM,286,1
2817839,1382807,sdv-pii-8ljr5,751,France,Male,31,9,0.0,1,1,1,71993.92,0,0,3,PLATINUM,251,0
10823109,9714882,sdv-pii-7qtv3,698,France,Female,31,1,741.2,1,0,0,142334.73,0,0,5,SILVER,446,1
4808214,7536821,sdv-pii-5osfq,565,France,Female,36,8,0.0,2,1,0,59233.39,0,0,2,PLATINUM,874,1
4085879,4009912,sdv-pii-sqhjp,684,France,Male,48,9,112032.62,1,0,0,65008.53,1,1,2,SILVER,693,0
1080254,5663292,sdv-pii-hplef,722,Germany,Female,44,8,128316.39,2,1,0,129723.52,1,1,4,PLATINUM,549,2
4136218,11413451,sdv-pii-4g3my,745,Spain,Male,30,3,870.42,2,0,0,6440.74,0,0,5,SILVER,278,3
289686,2884416,sdv-pii-7i6lf,666,Germany,Female,64,8,97181.33,1,1,1,53877.19,1,1,2,PLATINUM,797,2
1064258,15544885,sdv-pii-x769n,600,Germany,Female,60,5,61431.5,1,1,1,132692.46,0,0,1,GOLD,283,1
3480710,791808,sdv-pii-u8hoo,591,Spain,Female,27,10,1452.69,2,0,0,36164.47,0,0,3,DIAMOND,824,1
876727,9011228,sdv-pii-v3xb9,522,France,Female,58,2,121251.53,3,1,1,30610.17,1,1,4,GOLD,393,2
1103868,9787221,sdv-pii-ul6ni,612,Germany,Female,25,4,116775.13,2,1,1,39944.88,0,0,4,DIAMOND,717,4
2976685,9695403,sdv-pii-prapd,551,France,Female,30,8,138426.24,2,1,1,130266.09,0,0,4,PLATINUM,768,1
7124317,9823714,sdv-pii-v23fm,737,France,Female,47,3,129778.91,2,0,0,167750.1,1,1,2,PLATINUM,560,2
13828393,8440383,sdv-pii-fxdqt,630,Spain,Female,26,2,0.0,2,0,1,160693.78,0,0,5,SILVER,900,1
15160741,84628,sdv-pii-qn1h9,563,Germany,Male,52,3,110015.0,1,1,0,84183.08,0,0,5,DIAMOND,814,4
16311086,8662938,sdv-pii-517b6,653,France,Male,29,5,125793.39,1,1,0,45761.97,0,0,3,SILVER,566,0
9655776,4762834,sdv-pii-6wfso,675,France,Male,43,10,124958.69,2,0,0,47146.92,0,0,3,DIAMOND,288,0
5914225,13270803,sdv-pii-6ojc0,739,Germany,Female,44,1,105583.01,2,1,0,104774.93,0,0,2,PLATINUM,686,1
9920179,13633487,sdv-pii-rvjtw,568,Spain,Male,26,8,106495.73,2,1,0,104945.05,0,0,3,SILVER,894,3
11028137,750917,sdv-pii-knndv,821,Spain,Male,28,9,0.0,2,1,1,84522.99,0,0,3,GOLD,279,3
11681464,13074841,sdv-pii-d7axg,692,Spain,Female,48,2,0.0,1,1,0,68050.7,1,1,5,PLATINUM,600,2
7273179,16365926,sdv-pii-pcuc5,566,Spain,Female,36,1,0.0,2,1,0,94887.25,0,0,3,DIAMOND,307,1
1132108,7289878,sdv-pii-b0f4p,702,France,Male,30,8,0.0,2,0,0,107044.11,0,0,3,DIAMOND,410,0
8917149,16508412,sdv-pii-raret,615,France,Female,26,7,0.0,2,0,0,106959.4,0,0,4,DIAMOND,644,1
5400387,4551031,sdv-pii-xwdps,660,Germany,Male,75,5,129949.54,1,0,1,120365.89,1,1,3,PLATINUM,281,0
6454672,13446747,sdv-pii-p4aig,549,France,Female,46,9,95171.55,1,0,0,123464.62,1,1,3,GOLD,536,2
8043289,7067003,sdv-pii-0eze4,591,Spain,Male,27,2,1950.35,2,1,1,71352.63,0,0,3,DIAMOND,263,3
16192215,9730897,sdv-pii-ol2un,587,Spain,Male,46,10,81218.18,2,1,0,111009.93,0,0,2,GOLD,847,3
10018973,8861388,sdv-pii-fudin,518,Spain,Male,29,3,389.6,2,0,0,59433.13,0,0,3,DIAMOND,316,3
14824718,3835065,sdv-pii-rg3i5,543,France,Female,38,8,1118.94,2,0,0,53019.62,0,0,1,PLATINUM,769,1
15814495,6656728,sdv-pii-dr2j2,747,France,Female,32,4,0.0,2,1,1,91680.76,0,0,2,SILVER,878,1
11138322,13050904,sdv-pii-ak0ya,733,Spain,Female,27,5,0.0,2,1,1,40304.25,0,0,5,PLATINUM,291,1
11902733,10859627,sdv-pii-d1iqa,708,Spain,Female,33,6,0.0,2,1,0,171080.11,0,0,3,SILVER,322,1
12307833,3161854,sdv-pii-is5w2,584,Spain,Male,28,2,125417.35,2,1,1,71221.97,0,0,2,DIAMOND,720,3
5173115,12892273,sdv-pii-e49jm,841,France,Female,23,7,0.0,1,0,1,31276.79,1,1,2,GOLD,860,2
3334601,2898845,sdv-pii-0t5pr,547,Spain,Female,37,8,0.0,2,1,0,79521.33,0,0,5,DIAMOND,897,1
5852074,1461649,sdv-pii-muwe3,674,Germany,Female,26,6,127488.05,1,0,0,124524.27,0,0,5,DIAMOND,511,4
9954718,11831145,sdv-pii-2m1gj,554,France,Male,45,8,150371.99,4,1,0,168983.44,1,1,5,GOLD,708,0
9943989,8152760,sdv-pii-kd7u9,552,France,Female,55,8,116747.12,1,0,0,131934.11,0,0,2,PLATINUM,347,1
10947065,3495905,sdv-pii-i83ac,838,Spain,Male,28,9,131.72,2,1,0,119834.63,0,0,3,DIAMOND,681,3
3454079,3767484,sdv-pii-lqmsc,583,France,Female,46,6,124614.1,2,1,1,196235.05,1,1,2,SILVER,400,2
8888643,3673738,sdv-pii-abvdu,789,France,Male,33,8,102078.65,1,1,1,56947.3,0,0,2,SILVER,488,0
7934883,6331979,sdv-pii-jfr33,529,France,Female,55,5,77864.29,1,0,0,182037.51,0,0,3,PLATINUM,453,1
88099,4260838,sdv-pii-u1y25,548,Spain,Female,45,6,691.77,2,1,1,76436.08,0,0,1,GOLD,272,1
14410106,15855383,sdv-pii-a36ae,748,Spain,Female,22,3,0.0,2,0,1,183927.28,0,0,2,GOLD,469,1
14090768,3152550,sdv-pii-toyyu,796,France,Male,68,8,142654.11,2,0,0,1572.59,0,0,2,SILVER,683,0
1329681,4457320,sdv-pii-0rcfy,549,France,Female,63,2,129048.96,4,1,1,41016.42,1,1,4,SILVER,793,2
11451390,2061439,sdv-pii-0anvt,530,Spain,Female,29,3,556.47,2,0,1,96532.48,0,0,2,SILVER,292,1
11476781,15558080,sdv-pii-adsv4,516,Germany,Male,31,5,135183.2,1,1,0,160277.97,0,0,3,DIAMOND,585,4
8479179,5813476,sdv-pii-nl2zy,670,France,Female,28,3,0.0,1,1,0,107458.44,0,0,2,PLATINUM,899,1
7684934,13600193,sdv-pii-zqvrj,720,Germany,Male,44,2,109471.34,1,1,1,61244.4,0,0,3,PLATINUM,622,0
1026511,3753301,sdv-pii-qdqru,672,France,Female,36,1,0.0,2,0,0,91443.87,0,0,1,PLATINUM,469,1
12732227,10520316,sdv-pii-55dz3,817,Germany,Female,24,3,136815.36,2,1,1,46121.15,0,0,4,PLATINUM,765,1
1798447,13062488,sdv-pii-unj9z,704,Germany,Female,40,6,135691.81,3,1,0,71358.27,1,1,4,DIAMOND,593,4
3108389,3127602,sdv-pii-f8ctw,810,Germany,Female,44,5,112171.82,3,0,0,162947.36,1,1,5,PLATINUM,325,2
15422174,14019915,sdv-pii-b5jxj,564,Germany,Female,40,5,118049.12,2,1,1,52912.14,0,0,1,DIAMOND,350,4
14338895,10979501,sdv-pii-wbw2l,806,Spain,Male,39,3,1366.59,1,1,1,68420.5,0,0,2,PLATINUM,448,3
14294061,13736410,sdv-pii-hk4up,582,Spain,Female,38,6,0.0,2,0,0,11.58,1,1,4,PLATINUM,981,2
7315240,16191881,sdv-pii-fry0m,654,France,Male,24,3,204.52,2,1,1,136469.79,0,0,5,PLATINUM,776,0
7653986,5077131,sdv-pii-94htx,603,Germany,Female,32,3,0.0,2,0,1,139147.49,0,0,4,GOLD,819,1
109130,1021761,sdv-pii-euw2s,658,Germany,Female,22,8,126358.84,2,0,0,154233.24,0,0,3,DIAMOND,451,4
5454965,145585,sdv-pii-p2188,615,Spain,Male,31,5,806.57,2,1,0,124330.92,0,0,5,GOLD,544,3
10256091,4162539,sdv-pii-3dm2j,498,France,Male,46,8,0.0,2,0,0,19345.48,1,1,4,DIAMOND,418,0
9759484,10516559,sdv-pii-os7z4,600,Germany,Female,53,5,159587.69,3,0,1,180550.79,1,1,1,PLATINUM,464,2
5722057,2410920,sdv-pii-7y97y,593,Spain,Female,20,5,0.0,2,1,1,98979.06,0,0,4,DIAMOND,779,1
10001496,14615888,sdv-pii-7dyzb,678,Spain,Male,36,6,0.0,2,1,1,140519.45,0,0,3,SILVER,596,3
4882244,13404703,sdv-pii-22you,572,Spain,Male,39,5,92847.85,2,0,0,59171.78,0,0,3,DIAMOND,695,3
8076767,1589649,sdv-pii-ookmf,706,France,Female,55,6,102227.24,1,0,0,36572.2,0,0,3,DIAMOND,890,1
11413861,5870688,sdv-pii-u2fcf,530,France,Male,43,5,130340.1,2,1,0,108219.81,0,0,3,PLATINUM,283,0
3595995,9680565,sdv-pii-uuopu,658,Germany,Male,37,2,84464.93,2,1,0,167755.68,0,0,4,PLATINUM,365,0
3662065,12516673,sdv-pii-i5wz6,621,France,Female,32,5,141697.83,2,0,0,121832.88,0,0,3,PLATINUM,528,1
10448573,543091,sdv-pii-ujtdo,664,Germany,Female,44,8,129766.12,1,0,1,92452.62,0,0,4,PLATINUM,690,1
2143953,14494552,sdv-pii-rg24n,635,France,Male,43,9,820.02,2,0,1,45318.12,1,1,2,GOLD,610,0
13921008,5121548,sdv-pii-6kb8l,704,Spain,Female,42,6,115185.1,1,1,0,100995.11,1,1,5,PLATINUM,857,2
5053726,5603521,sdv-pii-sl20d,806,Spain,Male,57,9,130143.18,2,1,0,191931.42,0,0,3,SILVER,603,3
8718893,6540674,sdv-pii-bpxvx,485,France,Male,62,5,122797.99,1,0,1,164985.65,1,1,4,PLATINUM,855,0
9329438,8576882,sdv-pii-sou0o,734,Spain,Female,35,3,117170.75,1,0,1,107791.62,0,0,3,DIAMOND,952,1
191419,3048416,sdv-pii-3fx78,497,Spain,Female,34,9,1417.62,1,1,0,123887.37,0,0,2,DIAMOND,918,1
4806976,5488510,sdv-pii-pfchu,521,Spain,Male,24,4,531.06,2,1,0,150749.56,0,0,3,SILVER,742,3
10556634,1707374,sdv-pii-6tjc3,619,France,Female,28,1,722.56,1,1,0,55714.29,0,0,5,GOLD,281,1
5033865,6188810,sdv-pii-za0ac,607,Spain,Male,26,8,77354.29,2,1,0,150154.64,0,0,5,DIAMOND,270,3
1492519,7242126,sdv-pii-nalxj,758,France,Female,36,5,93483.63,3,0,1,56211.46,1,1,2,PLATINUM,604,2
8473309,10514536,sdv-pii-vgqg8,549,Germany,Female,47,1,109119.9,1,1,0,108068.85,0,0,1,DIAMOND,871,4
16099731,10417944,sdv-pii-ehgs0,551,Germany,Female,64,9,104632.22,2,0,1,52029.13,1,1,1,PLATINUM,320,2
232056,1352265,sdv-pii-twh3u,599,Spain,Male,33,5,16.13,2,1,0,25613.31,0,0,5,DIAMOND,797,3
7703257,14138139,sdv-pii-yl90e,570,Germany,Female,37,9,138626.57,1,1,0,99735.59,1,1,3,DIAMOND,539,4
15104910,12708549,sdv-pii-1qde9,474,France,Female,29,4,120248.58,2,0,1,37402.36,0,0,3,DIAMOND,665,1
7270866,13503295,sdv-pii-33lyx,769,Spain,Female,24,9,116235.3,2,1,1,95878.3,0,0,5,GOLD,372,1
9114909,209847,sdv-pii-qcuv9,580,Germany,Female,65,5,132054.05,1,1,0,82571.91,1,1,4,DIAMOND,568,4
7059285,10316330,sdv-pii-h1j2e,844,Spain,Female,29,4,408.36,1,0,1,140504.12,0,0,3,SILVER,738,1
10031832,12406991,sdv-pii-tsbwk,532,Spain,Female,25,9,102989.86,1,1,1,123095.32,0,0,3,DIAMOND,851,1
7813170,8150512,sdv-pii-7b2ak,730,Spain,Male,28,5,0.0,2,1,1,9051.81,0,0,3,PLATINUM,313,3
14724928,2660996,sdv-pii-6dre6,712,Spain,Female,45,2,108768.8,2,1,0,44270.47,0,0,4,SILVER,302,1
8208025,16533473,sdv-pii-mg65n,653,France,Female,65,8,0.0,2,1,0,138252.22,0,0,4,DIAMOND,446,1
11577850,8971072,sdv-pii-l0j9d,591,France,Female,49,8,731.47,2,0,0,104965.84,1,0,3,PLATINUM,893,2
9059965,5743850,sdv-pii-y6byn,536,Spain,Female,48,8,649.44,2,1,0,53097.21,1,1,2,PLATINUM,854,2
13137298,15412640,sdv-pii-vr6ii,707,France,Male,57,6,161552.73,3,0,0,76881.05,1,1,4,DIAMOND,381,0
8554824,7748479,sdv-pii-j2a6n,672,France,Male,42,8,121738.38,3,0,0,8249.62,1,1,4,GOLD,465,0
14268678,16458559,sdv-pii-n2483,810,Spain,Female,34,8,126007.34,2,0,0,152465.31,0,0,5,PLATINUM,442,1
16539047,7739678,sdv-pii-9jmuw,639,Spain,Male,24,0,0.0,2,1,1,125577.64,0,0,3,DIAMOND,553,3
16648597,1680608,sdv-pii-88z94,631,France,Male,33,6,310.93,2,0,0,33584.15,0,0,3,DIAMOND,868,0
2603800,11110773,sdv-pii-wfher,676,Germany,Male,35,6,114162.47,2,1,0,18328.47,0,0,2,DIAMOND,816,4
16324992,13355518,sdv-pii-xcmlz,658,Germany,Male,33,1,119375.02,1,0,0,189148.72,1,1,3,DIAMOND,561,4
2832349,2354280,sdv-pii-118cg,521,Germany,Female,62,5,131881.43,1,1,0,77882.66,0,1,2,PLATINUM,907,2
2147988,4301761,sdv-pii-gxbz5,665,France,Male,40,2,0.0,2,0,1,66221.35,0,0,3,PLATINUM,613,0
11822194,16259788,sdv-pii-dlbht,495,Spain,Female,61,10,0.0,2,1,0,121572.11,0,0,5,SILVER,473,1
15502848,2809303,sdv-pii-r17c1,706,France,Female,36,9,105498.11,1,1,0,141938.34,0,0,1,SILVER,622,1
12232543,9779101,sdv-pii-q4i3j,555,France,Male,45,3,0.0,2,0,0,93004.0,1,1,3,SILVER,895,0
8553258,6947818,sdv-pii-ok9xr,690,Spain,Female,25,6,0.0,2,0,0,91055.81,0,0,2,PLATINUM,873,1
8049383,84471,sdv-pii-61tpv,795,Spain,Male,33,8,126775.14,1,1,1,124483.71,0,0,2,DIAMOND,284,3
8986987,11240438,sdv-pii-m7vjm,752,Germany,Male,32,3,108912.87,2,1,0,62228.88,0,0,2,PLATINUM,590,0
11590197,8943454,sdv-pii-o8r7k,570,France,Female,30,9,0.0,2,0,0,176341.65,0,0,1,PLATINUM,637,1
8951421,958979,sdv-pii-fqxcs,753,France,Male,67,10,128834.05,2,1,1,33104.92,1,1,3,SILVER,327,0
5163173,14270597,sdv-pii-bilx7,589,Spain,Male,22,4,0.0,2,0,0,198889.7,0,0,3,DIAMOND,263,3
2407210,15484004,sdv-pii-puewo,721,France,Female,41,3,79102.53,1,1,0,91336.78,1,0,5,PLATINUM,815,2
6008472,215698,sdv-pii-2gppv,802,Germany,Female,47,5,84923.07,2,1,0,30545.79,0,0,2,DIAMOND,501,4
15051131,12899689,sdv-pii-ae1hr,762,France,Female,52,3,121664.93,2,1,0,75955.41,0,0,1,PLATINUM,915,1
10914637,736175,sdv-pii-z1nkn,646,Spain,Male,59,8,100144.72,1,0,0,63600.04,0,0,2,SILVER,249,3
10154212,5735315,sdv-pii-5wsby,722,Spain,Female,47,6,123332.56,1,0,1,15151.9,1,1,4,PLATINUM,945,2
16462161,6669578,sdv-pii-g41ay,576,Germany,Female,37,8,120481.93,3,0,0,51900.66,1,1,2,DIAMOND,470,4
3822946,6562251,sdv-pii-qotw6,655,Spain,Male,55,2,618.04,2,0,0,67938.2,0,0,5,PLATINUM,914,3
15864954,13324898,sdv-pii-nue4c,661,Germany,Female,30,5,0.0,2,1,0,159173.79,0,0,3,PLATINUM,473,1
6887675,11192780,sdv-pii-pujts,705,Germany,Male,31,10,105899.94,2,0,1,46352.64,0,0,3,GOLD,725,0
1124904,1377691,sdv-pii-yipbf,649,Germany,Female,39,3,104894.01,1,0,1,42834.56,1,1,5,DIAMOND,428,4
13613675,7874003,sdv-pii-s21aa,562,France,Female,49,5,133315.97,3,0,1,170301.67,1,1,4,PLATINUM,856,2
6572326,13889899,sdv-pii-izu8f,695,Spain,Female,33,9,0.0,2,1,0,10039.36,0,0,1,PLATINUM,626,1
8510493,15904491,sdv-pii-rg1y1,684,Spain,Female,62,1,0.0,2,0,1,194651.36,0,0,5,PLATINUM,943,1
15371119,1322032,sdv-pii-5hmq9,591,France,Male,45,1,130471.25,2,1,0,80720.99,0,0,4,SILVER,255,0
16689461,12921171,sdv-pii-r1fv1,681,France,Male,30,5,116481.13,1,1,0,64156.51,0,0,3,SILVER,654,0
14117138,13269277,sdv-pii-34f7t,683,Spain,Female,56,3,131330.5,1,1,0,100129.72,0,0,4,PLATINUM,533,1
3931720,12408785,sdv-pii-fnw6n,776,France,Female,34,9,0.0,2,1,1,182264.15,0,0,3,PLATINUM,309,1
8154969,13210174,sdv-pii-q031f,639,France,Male,48,10,0.0,4,0,0,19889.25,1,1,3,GOLD,269,0
5172940,14906102,sdv-pii-n5arn,588,France,Male,43,8,1074.28,1,0,0,35847.63,0,0,5,DIAMOND,596,0
5222238,9041587,sdv-pii-qox8l,624,France,Female,43,10,139220.89,1,0,0,19081.23,1,1,5,PLATINUM,411,2
2300771,10221217,sdv-pii-oqwop,625,Spain,Male,34,8,0.0,1,0,0,41613.74,0,0,3,PLATINUM,469,3
10193001,525244,sdv-pii-jlxor,576,Germany,Male,46,6,114507.42,1,0,1,136780.01,0,0,2,DIAMOND,615,4
4157093,11018157,sdv-pii-6crpx,799,Spain,Male,28,8,0.0,2,1,0,90878.53,0,0,1,GOLD,955,3
16549102,9497572,sdv-pii-q1a1f,513,France,Male,69,5,114111.51,1,0,0,18167.78,1,1,5,GOLD,680,0
13846573,6998714,sdv-pii-tmvo6,684,Germany,Male,30,5,106537.23,2,1,0,45113.43,0,0,3,PLATINUM,466,0
2528355,7300089,sdv-pii-tuf5q,731,Spain,Female,45,7,1597.96,2,1,0,53117.49,1,1,5,DIAMOND,477,2
1242169,4521389,sdv-pii-pfa61,657,Spain,Female,38,10,0.0,2,1,0,53372.89,0,0,4,SILVER,992,1
3810586,14353647,sdv-pii-y8791,671,Spain,Female,61,7,195.68,2,0,0,24827.56,0,1,3,PLATINUM,346,1
13237068,1167116,sdv-pii-qnrv5,633,Germany,Male,32,6,97428.82,1,0,1,116999.69,0,0,1,SILVER,359,0
8185356,10898548,sdv-pii-zvlqo,539,Germany,Male,41,8,131625.31,2,1,0,138070.81,0,0,3,DIAMOND,291,4
6660260,6089620,sdv-pii-d28ay,710,Germany,Male,40,8,80787.39,2,1,0,53571.57,0,0,3,PLATINUM,295,0
2471431,5659486,sdv-pii-i2xd7,633,France,Male,39,9,0.0,2,0,0,111327.29,0,0,3,GOLD,893,0
1322806,8740091,sdv-pii-t0za8,665,Spain,Male,39,8,111724.96,2,1,1,162632.77,0,0,2,SILVER,862,3
12436000,14732124,sdv-pii-7nksh,671,Spain,Male,36,1,139562.57,2,0,0,146096.92,0,0,1,DIAMOND,533,3
5331700,4042385,sdv-pii-vfziq,600,Spain,Male,20,8,0.0,2,1,0,101366.05,0,0,3,DIAMOND,322,3
8200376,1659856,sdv-pii-s9c1v,813,France,Female,39,5,0.0,2,0,0,57062.06,0,0,5,DIAMOND,842,1
15528034,7567340,sdv-pii-7xhea,723,France,Female,33,4,0.0,2,0,0,55666.3,0,0,2,DIAMOND,637,1
13431847,4075579,sdv-pii-5zlmc,635,Spain,Male,28,4,106557.23,1,0,0,27163.57,0,0,3,DIAMOND,773,3
959330,5465468,sdv-pii-42gqj,795,Germany,Female,27,10,105952.14,2,0,1,34122.5,0,0,3,SILVER,571,1
2850920,8841466,sdv-pii-er1py,740,Germany,Female,32,9,102957.92,1,0,1,72778.13,1,1,2,SILVER,507,2
2696427,6813646,sdv-pii-fce1k,505,Spain,Male,46,5,131927.53,3,1,0,192914.96,1,1,4,PLATINUM,660,3
10028653,16228731,sdv-pii-akzze,850,France,Female,38,1,0.0,2,0,1,57413.85,0,0,3,PLATINUM,391,1
1259802,15838277,sdv-pii-m0ey9,495,Spain,Male,34,1,88869.52,1,0,0,123243.71,0,0,2,SILVER,516,3
519965,6627028,sdv-pii-m3c6l,769,Germany,Female,53,8,122802.39,1,1,0,70768.82,0,0,2,GOLD,352,1
16428793,1675344,sdv-pii-159cv,595,Spain,Male,24,8,595.65,2,0,1,121214.77,0,0,5,PLATINUM,841,3
6180349,2375969,sdv-pii-b5lsf,700,France,Male,47,9,125984.19,1,1,0,98136.66,1,1,5,PLATINUM,957,0
5439185,11948706,sdv-pii-mrq08,577,Spain,Female,30,8,134877.04,1,0,0,130629.88,0,0,3,GOLD,980,1
14980474,880664,sdv-pii-lcazg,733,Spain,Female,29,6,0.0,2,0,1,149416.54,0,0,2,GOLD,828,1
300293,8529763,sdv-pii-buzjb,678,Spain,Female,25,10,0.0,2,1,1,123579.77,0,0,5,DIAMOND,597,1
9455722,12636464,sdv-pii-3cqkk,801,Spain,Female,24,8,150.43,2,1,1,93969.77,0,0,2,PLATINUM,820,1
11711040,13722890,sdv-pii-xnopw,700,Spain,Female,34,2,419.15,2,0,1,140069.28,0,0,5,PLATINUM,767,1
15356996,6895724,sdv-pii-c90ah,603,Spain,Male,42,9,112064.22,2,1,0,65179.18,0,0,5,PLATINUM,558,3
14328041,3514073,sdv-pii-fffka,525,Germany,Female,37,3,112693.92,1,0,1,191072.91,0,0,5,GOLD,853,1
9677865,743849,sdv-pii-lauho,753,Spain,Female,24,1,0.0,2,0,1,117793.98,0,0,1,SILVER,384,1
216576,4686513,sdv-pii-glt8n,705,Germany,Female,48,8,135275.02,2,1,0,125544.44,0,0,3,DIAMOND,474,4
8303877,1238539,sdv-pii-xki7b,766,France,Female,23,5,123674.14,1,1,1,121180.06,0,0,3,PLATINUM,882,1
6267743,12358389,sdv-pii-27qcu,609,France,Female,32,9,130635.01,1,1,0,139526.1,0,1,3,PLATINUM,477,2
4787519,7488597,sdv-pii-c3wre,555,France,Female,33,7,1601.1,2,0,1,97576.89,0,0,3,PLATINUM,484,1
15095179,11372807,sdv-pii-glupx,517,Germany,Female,43,9,96201.77,2,0,0,105768.21,1,1,3,DIAMOND,451,4
5484302,11013395,sdv-pii-7mm1g,681,Spain,Male,61,3,0.0,2,1,0,47858.4,0,0,3,DIAMOND,885,3
8700686,16672133,sdv-pii-3rn2i,514,Germany,Female,51,8,123161.46,1,0,0,21411.05,1,1,5,DIAMOND,673,4
469773,16031707,sdv-pii-rk61q,557,Spain,Female,29,5,0.0,2,0,1,77627.08,0,0,3,SILVER,732,1
15898749,389188,sdv-pii-jdqjc,682,Spain,Female,34,3,0.0,2,0,1,40434.45,0,0,3,PLATINUM,317,1
6972858,667790,sdv-pii-4oxef,850,Spain,Female,29,5,0.0,2,1,0,56670.13,0,0,4,GOLD,372,1
8567971,1119257,sdv-pii-thnbw,633,France,Female,29,2,143425.68,2,1,1,82358.25,0,0,3,PLATINUM,294,1
3066752,8494639,sdv-pii-1a2bv,610,France,Male,33,1,0.0,2,1,1,59956.38,1,1,2,PLATINUM,396,0
10841649,10069299,sdv-pii-qjngh,706,Spain,Female,42,5,129751.63,1,1,1,188412.65,1,1,3,DIAMOND,937,2
12620969,1168097,sdv-pii-z6xr3,541,Spain,Male,27,5,123022.61,1,0,0,20972.61,0,0,4,SILVER,839,3
6503535,2138150,sdv-pii-1s0my,592,Spain,Male,32,6,856.11,2,1,1,83087.1,0,0,5,PLATINUM,284,3
7627753,16399492,sdv-pii-rk7ay,605,Spain,Female,31,4,0.0,2,1,1,42802.17,0,0,2,DIAMOND,308,1
8808485,7064145,sdv-pii-mg07l,592,Spain,Male,35,8,0.0,2,0,1,97676.58,0,0,3,GOLD,825,3
8045011,4205178,sdv-pii-bhy23,841,Germany,Male,39,1,99997.13,2,0,1,57736.7,0,0,3,DIAMOND,814,4
13332033,1846481,sdv-pii-4t77v,620,France,Female,41,3,115764.05,1,0,0,28905.47,1,1,2,DIAMOND,834,2
9667904,8420476,sdv-pii-xdkrm,850,Spain,Male,35,5,0.0,2,1,0,109553.57,0,0,3,SILVER,266,3
6760772,13203345,sdv-pii-uvoep,574,Spain,Female,31,8,0.0,2,0,1,144756.01,0,0,2,SILVER,277,1
14663980,15150784,sdv-pii-x3ak0,585,Spain,Male,39,8,147423.77,2,1,1,88898.4,0,0,2,PLATINUM,389,3
5771712,4989478,sdv-pii-1bmgw,643,Spain,Male,51,7,0.0,2,1,1,67614.11,0,0,2,SILVER,694,3
8902998,7831713,sdv-pii-vtvq1,649,Spain,Male,26,7,0.0,2,0,1,23493.93,0,0,5,PLATINUM,835,3
16534113,12697550,sdv-pii-0ixkq,581,Germany,Male,42,2,115256.81,1,0,0,122637.88,1,1,5,SILVER,307,0
3917417,10960066,sdv-pii-1zvqm,732,Spain,Male,44,8,111293.19,2,0,0,48552.99,0,0,3,DIAMOND,295,3
2864290,10882696,sdv-pii-vwudq,634,France,Female,34,5,117449.55,2,1,0,141987.99,0,0,3,GOLD,744,1
11371942,8793136,sdv-pii-9bmxi,618,France,Female,46,6,113524.99,4,0,0,18944.78,1,1,4,DIAMOND,284,2
15496903,4991521,sdv-pii-ewe4u,546,France,Male,49,2,43.42,2,1,1,116936.99,0,0,3,PLATINUM,317,0
1060814,6578188,sdv-pii-rltms,609,Spain,Female,24,8,4.43,2,1,0,147349.76,0,0,3,PLATINUM,422,1
12629166,8512835,sdv-pii-do4f0,539,Spain,Male,38,9,114444.18,2,0,0,121044.24,0,0,3,GOLD,549,3
4933595,3221268,sdv-pii-1ft3f,765,Germany,Female,39,2,0.0,2,1,1,194141.36,0,0,2,DIAMOND,323,4
622644,11403779,sdv-pii-3wnv7,619,France,Female,37,2,175.87,3,1,1,149961.05,1,1,2,DIAMOND,730,2
3782281,7953929,sdv-pii-vv4y6,491,Germany,Female,38,0,109622.63,1,1,0,155798.89,0,0,3,DIAMOND,704,4
5255933,3989202,sdv-pii-0prvg,590,Germany,Female,56,8,134617.59,1,1,0,104354.21,0,0,4,DIAMOND,1000,4
12878907,4547899,sdv-pii-heoaq,740,Germany,Male,58,3,139952.66,1,0,1,76555.86,1,0,1,PLATINUM,895,0
5942047,12491842,sdv-pii-67x7j,606,France,Female,24,6,0.0,2,0,1,91650.14,0,0,3,DIAMOND,793,1
1314810,1180604,sdv-pii-p0ct3,719,France,Female,22,3,100833.1,1,1,0,184358.27,0,1,3,DIAMOND,897,2
15248181,9913128,sdv-pii-mbjz7,571,France,Male,32,6,1283.68,4,1,0,416.95,1,1,4,DIAMOND,281,0
41697,2575074,sdv-pii-63puc,798,Spain,Female,39,5,449.61,2,1,1,150774.2,0,0,4,PLATINUM,941,1
7649303,10181120,sdv-pii-4ix8p,682,Germany,Female,51,8,101269.92,2,0,0,64307.08,1,1,4,SILVER,790,2
16089110,15793288,sdv-pii-orhhg,606,France,Male,26,7,0.0,1,1,0,76802.6,0,0,3,GOLD,403,0
15599407,1339530,sdv-pii-8hqna,624,France,Female,38,5,140500.78,2,0,0,181220.22,0,0,1,PLATINUM,663,1
8417326,13446286,sdv-pii-9m1h6,739,France,Male,28,9,773.72,2,1,1,63071.53,0,0,3,DIAMOND,447,0
11153020,1038269,sdv-pii-al7h5,691,Spain,Female,31,8,134829.26,1,1,1,158599.87,0,0,3,DIAMOND,513,1
13315903,15557352,sdv-pii-38y57,712,Spain,Female,32,6,114098.51,2,1,1,38908.78,0,0,5,GOLD,840,1
7165390,7458828,sdv-pii-t9cku,670,France,Female,39,8,95787.12,1,1,0,108663.8,1,1,3,PLATINUM,423,2
5654054,6270824,sdv-pii-93je4,531,Spain,Female,49,9,121057.21,2,0,0,43591.87,0,0,3,DIAMOND,898,1
3188630,316334,sdv-pii-mxbfz,478,Germany,Female,63,5,145438.22,1,0,0,110215.17,1,1,1,DIAMOND,448,4
1506310,6003616,sdv-pii-svrzu,761,Spain,Male,56,3,112299.97,1,0,0,114929.41,0,0,3,DIAMOND,860,3
16188716,14945197,sdv-pii-ev7oc,601,Spain,Female,61,5,81630.44,2,0,0,105825.38,0,0,2,GOLD,417,1
7231707,14875853,sdv-pii-iy0kx,700,Germany,Female,27,5,104993.11,2,1,1,127250.31,0,0,3,DIAMOND,292,4
14657233,13424484,sdv-pii-hfdfg,604,France,Male,47,5,115671.36,1,1,1,82888.65,0,0,3,GOLD,598,0
13888267,7903199,sdv-pii-3o4cy,453,Germany,Male,46,5,106282.65,2,1,0,22158.31,1,1,3,PLATINUM,1000,0
1758105,16088940,sdv-pii-xhxtk,681,France,Female,39,8,1666.21,1,1,0,112454.73,1,1,3,DIAMOND,699,2
15493092,14053065,sdv-pii-5ol8w,571,Germany,Female,45,8,114556.87,2,1,1,68982.87,1,1,3,PLATINUM,831,2
12459381,1585292,sdv-pii-836pj,818,France,Female,26,3,119991.3,3,1,0,37007.02,1,1,1,PLATINUM,558,2
1252592,6959440,sdv-pii-dea63,561,France,Female,55,2,113615.92,2,0,0,84882.31,1,1,3,DIAMOND,331,2
4133857,5345111,sdv-pii-9qh43,598,Spain,Female,40,4,113557.17,2,1,0,119654.33,0,0,4,DIAMOND,286,1
11442823,1594305,sdv-pii-9jedk,620,Spain,Male,31,3,0.0,2,0,1,44396.56,0,0,3,GOLD,777,3
9509145,9698054,sdv-pii-ccnze,573,Spain,Male,33,2,0.0,2,1,1,46049.56,0,0,3,PLATINUM,396,3
16006578,10317595,sdv-pii-q8kw3,740,France,Female,48,1,115247.5,2,1,0,137597.44,0,1,3,DIAMOND,620,2
10853230,13242552,sdv-pii-c37fa,761,Germany,Male,32,8,136646.74,1,1,0,199992.48,1,0,3,DIAMOND,839,4
5081122,2510420,sdv-pii-hg4ou,508,Germany,Female,49,3,590.29,2,1,0,45032.27,0,0,4,DIAMOND,517,4
8760648,11788341,sdv-pii-egrxi,473,Spain,Female,55,9,112802.73,1,1,1,129343.35,0,0,5,PLATINUM,674,1
4370006,4787049,sdv-pii-wgakv,797,Spain,Male,33,5,0.0,2,0,0,111333.02,0,0,2,DIAMOND,740,3
2145801,4390262,sdv-pii-e5cpu,642,France,Male,44,5,0.0,1,1,1,59936.32,0,0,2,DIAMOND,555,0
2725184,1611678,sdv-pii-sh124,789,France,Female,47,1,0.0,2,0,1,169869.96,0,0,4,PLATINUM,957,1
11769837,15490105,sdv-pii-k2egs,540,Germany,Female,33,8,106535.62,4,0,1,62237.49,1,1,1,DIAMOND,745,4
1895034,12164733,sdv-pii-u13yx,759,Germany,Female,35,8,0.0,2,1,0,143818.04,0,0,4,GOLD,260,1
5965672,8693330,sdv-pii-o6ar0,779,France,Female,42,5,95425.09,1,0,0,162276.91,1,1,3,DIAMOND,754,2
4460808,16736342,sdv-pii-zxctg,625,Spain,Female,34,8,139591.06,2,1,0,74916.1,0,0,4,PLATINUM,881,1
6547538,11946017,sdv-pii-o68vk,589,Spain,Male,48,6,121824.33,1,0,0,186386.84,0,0,1,DIAMOND,705,3
8319858,9423281,sdv-pii-pxrc0,691,Spain,Male,53,0,118663.26,1,0,0,57947.18,0,0,1,DIAMOND,381,3
1146432,8792976,sdv-pii-be7r7,487,Germany,Female,40,8,101113.85,1,0,0,25110.61,0,1,4,PLATINUM,642,2
11075,13770998,sdv-pii-921t0,534,France,Female,54,8,0.0,2,1,1,59426.74,0,0,4,SILVER,781,1
4301110,15450417,sdv-pii-9hdbd,571,France,Female,42,1,191.88,2,1,1,176133.54,0,0,3,PLATINUM,374,1
8433370,11535558,sdv-pii-sgllg,701,Spain,Female,35,8,100687.39,1,0,1,199992.48,0,0,2,PLATINUM,641,1
13392026,6283259,sdv-pii-cuubk,669,France,Female,60,5,0.0,1,0,0,162322.48,1,1,5,PLATINUM,390,2
4104041,10477153,sdv-pii-fzmjb,788,Spain,Female,57,8,117366.32,1,1,0,58589.57,0,0,3,PLATINUM,499,1
15102719,4653509,sdv-pii-cacgs,739,France,Female,65,8,133883.52,1,0,1,85569.85,0,0,4,GOLD,496,1
8712215,16097569,sdv-pii-w76u5,777,France,Male,35,5,130070.86,1,1,0,167189.89,0,0,3,DIAMOND,770,0
6166497,5126381,sdv-pii-1xlh5,824,France,Female,24,8,0.0,2,1,1,48263.64,0,0,3,DIAMOND,433,1
6812077,6922648,sdv-pii-k1ru3,525,France,Female,27,7,0.0,2,1,0,49253.54,0,0,3,PLATINUM,370,1
6429039,6968078,sdv-pii-uzddy,741,France,Female,41,3,0.0,2,1,1,147473.27,0,0,5,GOLD,332,1
11455670,12791377,sdv-pii-zumwo,786,Spain,Female,24,5,0.0,2,0,1,34870.78,0,0,3,GOLD,229,1
167462,14342978,sdv-pii-e2um4,549,France,Female,45,4,0.0,3,0,0,143921.01,1,1,1,PLATINUM,849,2
13231,9342056,sdv-pii-pbp30,590,France,Male,28,3,116425.66,1,1,1,83004.31,0,0,3,DIAMOND,593,0
15501441,15978275,sdv-pii-biaz7,521,Germany,Male,36,6,119980.24,1,0,0,145334.33,0,0,1,PLATINUM,917,0
5141817,13473070,sdv-pii-oljxt,759,Germany,Female,39,8,148689.31,1,1,1,157278.32,0,1,1,SILVER,926,4
16764585,2057009,sdv-pii-y2ais,790,Spain,Male,45,8,93176.9,1,1,1,142913.12,0,0,2,SILVER,716,3
12380171,4521808,sdv-pii-8221h,529,Germany,Female,42,7,118110.06,2,0,0,109814.78,1,1,3,GOLD,566,2
1360030,11659728,sdv-pii-fod8c,739,Germany,Female,65,8,97335.9,1,1,0,61526.56,1,1,4,PLATINUM,445,2
1398339,1707328,sdv-pii-1b1ai,572,France,Female,36,8,0.0,2,1,1,116935.2,0,0,3,DIAMOND,284,1
10593065,10160714,sdv-pii-gayw3,655,France,Male,38,2,0.0,2,0,1,54431.06,0,0,3,GOLD,557,0
10881957,13698098,sdv-pii-89019,677,France,Female,35,9,0.0,2,1,0,11686.7,0,0,5,PLATINUM,360,1
722113,10758627,sdv-pii-zicls,669,Germany,Male,57,6,138164.46,2,1,0,105467.7,0,0,1,SILVER,859,0
13421393,3300849,sdv-pii-hunry,568,Spain,Female,54,2,142843.46,3,1,1,69691.86,1,1,1,DIAMOND,271,2
6741835,535103,sdv-pii-vrfns,608,France,Male,32,3,0.0,2,1,0,95926.6,0,0,1,GOLD,307,0
4745386,1797517,sdv-pii-iq9mb,689,France,Female,60,6,98.14,1,0,0,184914.48,1,1,5,SILVER,510,2
10415064,3973477,sdv-pii-rj0q9,713,Spain,Female,34,4,0.0,2,1,1,71093.45,0,0,3,PLATINUM,841,1
9392999,14829228,sdv-pii-p34yo,572,France,Male,48,6,132366.17,3,0,0,42532.31,1,1,3,PLATINUM,299,0
15847646,10401001,sdv-pii-05k0m,802,France,Female,53,3,0.0,1,1,0,58472.78,1,1,3,PLATINUM,274,2
15121074,6418323,sdv-pii-l5yve,705,France,Female,57,8,147.99,1,0,1,102687.67,0,0,4,SILVER,954,1
8003047,8997975,sdv-pii-fageh,654,France,Female,26,4,164003.87,1,1,0,133321.24,0,0,3,DIAMOND,956,1
14705555,6582283,sdv-pii-9gu34,651,Spain,Female,27,8,621.17,2,1,1,49237.9,0,0,3,PLATINUM,292,1
7189886,6113865,sdv-pii-91u0v,560,Germany,Female,41,7,134562.34,1,1,1,100461.69,1,1,3,DIAMOND,483,4
13796053,7817375,sdv-pii-4gfbb,702,France,Female,26,2,0.0,1,0,1,44691.97,0,0,1,GOLD,451,1
14933916,7624716,sdv-pii-lxoxw,783,France,Male,37,5,50598.88,1,0,1,155406.27,0,0,1,PLATINUM,673,0
12751059,8178378,sdv-pii-yqph3,796,France,Male,30,5,124421.25,2,0,1,127971.8,0,0,2,SILVER,769,0
15356121,9346929,sdv-pii-ki42s,511,France,Male,44,10,122847.85,1,0,0,73861.26,1,1,4,DIAMOND,282,0
1524143,8376948,sdv-pii-2fmgf,531,Spain,Female,29,9,130153.42,1,1,0,125657.26,0,0,3,DIAMOND,934,1
11950005,14542905,sdv-pii-zd8ds,471,Spain,Male,45,0,148695.19,2,0,0,142461.7,0,0,4,PLATINUM,290,3
15633375,4706386,sdv-pii-8eioe,582,Germany,Female,43,8,123480.0,1,1,0,89545.48,0,0,1,DIAMOND,608,4
10606877,6846778,sdv-pii-6w5ps,590,France,Male,56,8,110006.28,1,1,0,50124.38,0,0,5,DIAMOND,799,0
8940862,1969029,sdv-pii-b4vs9,510,France,Female,58,6,133512.63,1,1,1,55428.97,1,1,2,PLATINUM,795,2
14020905,8841778,sdv-pii-mviko,645,France,Female,47,3,97994.95,2,0,0,126712.95,1,0,5,GOLD,301,2
7323656,1369093,sdv-pii-h2qwb,636,Spain,Female,30,1,166299.26,1,0,0,28351.27,0,0,3,PLATINUM,933,1
12270232,12947923,sdv-pii-cuv47,846,Germany,Female,38,6,118199.81,3,1,0,47849.95,1,1,1,PLATINUM,800,2
9580234,10888122,sdv-pii-1fm0w,813,Germany,Male,46,5,115807.89,2,1,0,69888.87,0,0,4,DIAMOND,563,4
10695613,13019283,sdv-pii-n89ig,622,Spain,Male,58,4,108686.98,1,0,1,102779.64,1,0,2,PLATINUM,334,3
11582475,1922770,sdv-pii-cs82m,508,Spain,Male,54,5,113856.37,2,1,0,102476.68,0,0,2,GOLD,888,3
7838615,5847160,sdv-pii-xtsri,541,Germany,Female,35,5,102179.01,2,0,1,91672.31,0,0,3,GOLD,742,1
4378497,14465420,sdv-pii-pl6a5,693,Germany,Female,61,8,124370.19,1,1,1,44194.89,1,1,5,SILVER,327,2
8562605,3521619,sdv-pii-v46nh,760,France,Female,34,10,133499.36,1,1,0,134375.16,0,0,5,PLATINUM,697,1
3549645,8704907,sdv-pii-5or0l,678,France,Female,59,2,109569.92,1,1,0,84346.43,1,1,5,GOLD,406,2
6938403,13959335,sdv-pii-mnn21,701,Spain,Male,31,1,171720.13,2,1,0,187849.6,0,0,3,SILVER,423,3
5767945,8854310,sdv-pii-zunud,575,France,Female,66,8,129870.28,1,1,0,112087.29,0,0,1,GOLD,604,1
13829424,9062900,sdv-pii-93foj,665,Germany,Female,67,1,114423.02,1,0,1,81183.03,0,0,2,SILVER,976,1
13831017,10899339,sdv-pii-rhiau,574,Spain,Female,26,8,99310.31,2,0,0,129788.29,0,0,3,DIAMOND,938,1
6467519,4787049,sdv-pii-s7bpo,719,Spain,Male,34,1,0.0,2,1,1,156553.85,0,0,5,SILVER,402,3
5243732,16404509,sdv-pii-lrxwj,850,Germany,Female,25,10,107171.67,2,0,0,171963.71,0,0,5,PLATINUM,858,1
15613965,8752704,sdv-pii-bffht,580,France,Female,46,8,83453.1,1,0,1,59897.06,1,1,1,PLATINUM,873,2
7946503,12142845,sdv-pii-zt3y3,810,France,Male,19,1,131115.32,2,1,1,6036.45,0,0,4,DIAMOND,855,0
3111140,4209002,sdv-pii-x8gxe,598,Spain,Female,33,7,496.05,1,0,0,78639.81,0,0,2,DIAMOND,625,1
3734277,15087637,sdv-pii-pc8u3,785,France,Female,27,2,138591.05,2,1,0,97923.29,0,0,4,DIAMOND,820,1
6990952,474273,sdv-pii-0yn49,583,France,Female,39,9,118300.18,2,1,0,56122.88,0,0,2,DIAMOND,551,1
1982388,4714598,sdv-pii-7ytl6,670,Spain,Female,41,5,924.82,1,1,0,122712.15,1,0,4,DIAMOND,292,1
3772623,6716977,sdv-pii-lajhv,608,Spain,Female,24,7,0.0,2,1,0,156319.75,0,0,2,GOLD,534,1
2548142,13950992,sdv-pii-4mua4,630,France,Male,56,5,105636.74,2,0,1,3762.29,0,0,4,GOLD,700,0
12430704,10980163,sdv-pii-pcae8,787,Spain,Female,25,3,140125.46,1,0,0,190890.71,0,0,3,PLATINUM,698,1
14562778,16755300,sdv-pii-0oxej,850,France,Female,31,3,0.0,1,1,0,151073.4,1,1,2,SILVER,424,2
9324650,12129355,sdv-pii-f0wuc,737,Germany,Female,41,5,0.0,2,1,1,87154.77,0,0,3,SILVER,288,1
1711232,13284485,sdv-pii-04qlz,811,France,Female,34,0,105646.97,1,1,1,127752.67,1,1,4,PLATINUM,528,2
10095785,11303479,sdv-pii-icbpg,580,France,Male,60,2,0.0,2,1,0,70364.46,1,0,5,PLATINUM,306,0
6943926,10644592,sdv-pii-qc3h1,511,France,Male,42,7,0.0,2,0,1,21954.95,0,0,3,SILVER,858,0
5855114,2926053,sdv-pii-st70c,535,Germany,Male,62,9,108382.94,2,0,0,18494.7,0,0,3,PLATINUM,228,0
15483383,7116727,sdv-pii-m6y2v,689,France,Male,35,6,0.0,2,0,0,53496.56,0,0,2,SILVER,596,0
3691116,15054567,sdv-pii-hnp4h,479,Spain,Male,24,7,1184.06,1,0,0,177444.1,0,0,1,PLATINUM,623,3
11938992,7716305,sdv-pii-dj2iq,571,Spain,Male,49,5,506.54,2,1,1,126485.62,0,0,2,PLATINUM,889,3
5833037,4932863,sdv-pii-v9i4q,658,Spain,Male,24,5,103238.97,1,0,0,26472.27,1,1,5,PLATINUM,961,3
2530553,12571660,sdv-pii-nsl66,622,Spain,Female,58,5,479.65,2,1,1,109310.78,0,0,2,PLATINUM,820,1
6285386,12138575,sdv-pii-6290x,777,Spain,Female,33,3,5.01,2,0,1,165029.2,0,0,3,DIAMOND,836,1
7819914,15260731,sdv-pii-z8bez,810,France,Female,41,8,48.31,3,1,0,50300.54,1,1,2,GOLD,844,2
15019155,11498503,sdv-pii-2r9v2,690,Spain,Male,40,3,0.0,2,1,1,45494.71,0,0,2,GOLD,437,3
15062428,12564947,sdv-pii-8icfg,572,Spain,Female,35,1,102312.45,2,1,0,41491.7,0,0,2,GOLD,319,1
13211650,15985575,sdv-pii-yjxeh,838,France,Male,43,5,151007.26,2,1,0,142426.4,0,0,4,DIAMOND,773,0
13200643,7775844,sdv-pii-1qhie,758,Spain,Female,23,8,109651.74,1,0,0,40251.28,0,0,3,PLATINUM,408,1
9747220,744495,sdv-pii-37393,715,Germany,Female,70,1,133609.04,1,0,0,153802.9,1,1,5,PLATINUM,576,2
6551138,6207801,sdv-pii-mw9pt,576,France,Female,76,5,356.15,2,0,1,98873.29,0,0,3,GOLD,962,1
9437598,15446318,sdv-pii-t8qji,601,France,Male,59,9,114299.04,1,0,1,11.58,1,1,1,DIAMOND,344,0
9926647,15440476,sdv-pii-gngrv,638,Spain,Male,35,4,103111.8,2,1,0,82657.74,0,0,3,GOLD,245,3
12212134,872197,sdv-pii-divrv,540,France,Female,52,9,116195.44,2,0,1,195147.96,0,0,3,DIAMOND,306,1
2923678,3940311,sdv-pii-3gtd5,599,Spain,Female,46,1,2539.92,2,1,0,59322.74,0,0,3,PLATINUM,569,1
6767649,12719277,sdv-pii-reqgu,647,Spain,Female,25,10,138989.21,1,0,0,68034.64,1,1,5,SILVER,636,2
5694267,15603185,sdv-pii-trp9s,808,Germany,Female,43,2,136099.88,1,1,0,32694.36,1,1,4,DIAMOND,334,4
10019214,6072105,sdv-pii-pwzlf,537,Germany,Male,56,2,143592.46,1,1,0,156291.63,1,1,4,SILVER,549,0
10452190,6057401,sdv-pii-d7jsc,797,Spain,Female,37,8,154278.94,1,1,0,148250.69,0,0,2,DIAMOND,583,1
678160,6229520,sdv-pii-i1xld,586,Spain,Male,38,2,0.0,1,0,0,126105.08,0,0,1,PLATINUM,341,3
11823776,5330557,sdv-pii-z21vy,766,Spain,Female,35,6,116871.61,1,0,0,63287.08,1,1,1,PLATINUM,423,2
4192763,16301485,sdv-pii-awcg8,573,Spain,Female,32,8,138859.9,1,0,1,14747.06,0,0,4,PLATINUM,830,1
7673530,103862,sdv-pii-iurm1,680,France,Male,42,7,112327.74,1,1,0,59909.06,1,1,3,DIAMOND,512,0
13307143,14093936,sdv-pii-mgcad,822,France,Male,44,2,133940.84,3,0,0,108866.56,1,1,3,GOLD,506,0
9662103,14475272,sdv-pii-6mbks,545,Spain,Female,41,8,117550.14,2,1,1,146975.08,1,1,5,GOLD,315,2
1744051,1524499,sdv-pii-5g0fe,593,Spain,Male,29,6,0.0,1,1,0,31414.76,0,0,2,PLATINUM,588,3
8309528,3167353,sdv-pii-jbi4z,783,Spain,Female,45,10,107620.45,1,1,1,99986.2,0,0,5,DIAMOND,794,1
11243146,9827898,sdv-pii-yv6un,622,Spain,Female,28,9,0.0,2,1,1,198731.97,0,0,2,SILVER,809,1
9326866,6054429,sdv-pii-ufrj2,488,France,Female,21,4,299.62,1,1,0,78120.08,0,0,3,DIAMOND,381,1
1365349,11747383,sdv-pii-2k3us,727,Spain,Male,30,6,0.0,2,1,0,74001.91,0,0,1,PLATINUM,345,3
7078081,1848925,sdv-pii-azw3v,817,Germany,Male,43,9,126476.14,1,1,0,96087.68,1,1,3,GOLD,588,0
7976830,6834545,sdv-pii-087k1,498,Germany,Female,40,6,125426.28,1,1,0,14255.67,0,0,1,PLATINUM,531,1
7246850,13232291,sdv-pii-5ckz8,614,France,Female,31,9,92959.16,2,1,1,7938.55,0,0,5,SILVER,258,1
240292,8062362,sdv-pii-2quwi,461,Spain,Male,55,5,87761.83,2,1,1,77974.27,1,1,4,PLATINUM,366,3
9727133,16179829,sdv-pii-ra8bl,682,Spain,Male,39,9,106767.24,1,0,0,135739.02,0,0,5,GOLD,715,3
6998226,13226125,sdv-pii-ndomy,697,France,Male,55,5,0.0,2,0,0,172881.21,0,0,2,DIAMOND,636,0
15126697,7577151,sdv-pii-h68lh,570,France,Female,55,2,122986.19,3,1,0,12893.56,1,1,5,GOLD,386,2
10041836,14790077,sdv-pii-mh5l4,589,France,Female,52,4,0.0,2,0,1,195080.42,0,0,3,GOLD,403,1
11114316,318969,sdv-pii-bu7j1,761,Germany,Female,21,7,1074.13,2,1,1,84183.63,0,0,3,PLATINUM,383,1
8762385,9548879,sdv-pii-u6dnq,535,Spain,Male,54,5,0.0,2,0,1,66608.44,0,0,3,DIAMOND,528,3
13833524,16194995,sdv-pii-dhaxw,663,Spain,Male,33,3,131444.67,1,0,0,160792.3,0,0,4,DIAMOND,848,3
3379751,7021896,sdv-pii-7pfmq,750,Germany,Female,60,8,150886.5,3,0,0,59581.16,1,1,4,GOLD,877,2
16538287,16557578,sdv-pii-xxsum,573,France,Male,49,8,120821.09,3,0,0,160532.65,1,1,4,PLATINUM,622,0
8424463,282451,sdv-pii-n1oak,797,France,Male,50,9,0.0,2,1,1,182066.17,0,0,3,SILVER,528,0
2143134,13483020,sdv-pii-2nku4,541,Germany,Female,42,4,102178.57,3,0,0,158841.32,1,1,3,SILVER,710,2
12751460,3433835,sdv-pii-a636d,849,France,Male,40,5,972.71,2,1,0,180759.43,0,0,5,GOLD,752,0
5092757,6152461,sdv-pii-seh4l,583,Spain,Male,34,1,85539.52,2,0,1,66716.65,0,0,4,PLATINUM,368,3
13141737,9627117,sdv-pii-byky9,560,Germany,Female,24,9,150.6,2,1,0,68265.2,0,0,2,PLATINUM,488,1
12002753,5021300,sdv-pii-ghg2m,850,France,Male,48,6,129860.8,4,1,0,52451.39,1,1,3,PLATINUM,507,0
5784526,13683071,sdv-pii-ky9jz,657,Germany,Female,49,8,119445.06,3,0,0,67049.13,1,1,4,SILVER,392,2
15482361,3271944,sdv-pii-1pbpu,587,Germany,Female,33,8,136760.58,2,1,0,146671.6,0,0,2,PLATINUM,782,1
4930297,16071210,sdv-pii-xkv3h,824,France,Male,39,9,139174.8,2,1,0,63010.55,1,1,2,DIAMOND,276,0
2796794,9714620,sdv-pii-cjv73,633,Spain,Female,24,9,196.63,2,1,1,184539.63,0,0,3,PLATINUM,746,1
5375535,16374580,sdv-pii-rdqb8,613,Spain,Female,29,9,0.0,1,0,0,142373.94,0,0,3,SILVER,857,1
7487933,12214121,sdv-pii-giv7v,580,France,Male,50,1,127909.71,2,1,1,64135.56,0,0,3,DIAMOND,708,0
7725478,2236946,sdv-pii-u36pg,519,France,Female,55,5,138999.26,1,1,1,75891.14,1,1,2,GOLD,410,2
2359062,6635868,sdv-pii-dmvq6,589,Spain,Female,27,9,0.0,2,1,1,60377.77,0,0,3,PLATINUM,261,1
2810322,11846913,sdv-pii-8v2ur,763,Spain,Female,23,7,238.36,1,1,0,82449.1,0,0,4,DIAMOND,488,1
13060584,8834422,sdv-pii-xg3bg,662,Germany,Female,26,8,122985.78,1,1,1,63267.09,0,0,3,PLATINUM,633,1
16481300,2696023,sdv-pii-7i2l1,446,Spain,Female,46,2,112344.19,1,0,0,78532.67,1,1,4,DIAMOND,336,2
14340233,464525,sdv-pii-p0ggk,544,France,Female,44,6,139260.37,4,0,0,103819.89,1,1,2,GOLD,297,2
1429290,11206001,sdv-pii-fzx2s,489,Germany,Female,34,5,128593.36,2,1,1,59691.0,1,0,3,DIAMOND,725,4
10938737,14700678,sdv-pii-iy5s1,710,Germany,Female,42,3,155810.5,1,1,0,52791.32,0,0,1,DIAMOND,704,4
14807731,5031653,sdv-pii-wf1ab,607,Spain,Male,31,8,0.0,2,0,1,100302.33,0,0,1,GOLD,309,3
5371103,11830248,sdv-pii-2s0e1,666,Spain,Female,67,9,196.44,2,1,1,53972.93,0,0,1,SILVER,289,1
8514935,2749056,sdv-pii-ij8bn,487,Germany,Female,56,10,113331.66,2,0,0,89325.27,1,1,5,PLATINUM,852,2
9966650,6826129,sdv-pii-ncil4,776,Spain,Female,29,8,99278.51,2,1,1,91292.37,0,0,4,GOLD,600,1
12262803,15849423,sdv-pii-n5tha,724,Germany,Female,31,4,98095.27,1,0,0,149288.87,0,0,4,GOLD,727,1
11281363,14139423,sdv-pii-infir,671,Germany,Female,47,3,94937.48,1,0,1,180724.63,0,0,4,SILVER,403,1
1198893,5856894,sdv-pii-gg2mb,632,Spain,Female,50,5,130409.82,1,0,1,196510.53,0,0,2,PLATINUM,298,1
1167806,10252107,sdv-pii-0qzkp,850,France,Female,61,8,114530.18,2,0,0,122394.18,0,0,3,DIAMOND,682,1
14802642,3329129,sdv-pii-5e7wo,660,Germany,Male,26,1,0.0,2,1,1,50391.22,0,0,5,SILVER,403,0
16209126,3622193,sdv-pii-5dgnk,616,Germany,Male,42,3,118844.92,1,1,0,163245.75,1,0,4,PLATINUM,502,0
13062721,10354676,sdv-pii-20hld,686,Germany,Female,70,3,103666.32,3,0,0,60801.34,1,1,2,SILVER,785,2
1798120,12822226,sdv-pii-8yepq,605,France,Female,50,5,1231.7,2,1,0,195842.89,0,0,1,GOLD,667,1
7774931,12907487,sdv-pii-31iyf,541,Spain,Male,28,9,899.05,2,1,0,56798.14,0,0,5,DIAMOND,608,3
14801044,1208813,sdv-pii-q8yoc,500,Spain,Male,28,7,0.0,2,0,1,13995.97,0,0,5,GOLD,818,3
9000625,16489673,sdv-pii-rmt93,597,Germany,Female,28,1,109153.44,2,0,1,31993.13,0,0,4,SILVER,614,1
12656609,11516828,sdv-pii-aki7x,517,France,Female,34,10,137228.18,1,0,0,125711.77,1,1,4,PLATINUM,609,2
10686733,868079,sdv-pii-1i8vp,527,France,Female,36,7,1014.26,1,0,1,49210.12,1,1,2,PLATINUM,309,2
15970264,3675493,sdv-pii-0slq7,645,France,Female,63,3,93976.84,1,1,0,89350.56,1,1,5,PLATINUM,935,2
11309995,6660378,sdv-pii-58ber,636,Spain,Female,33,6,0.0,2,0,0,107327.33,0,0,5,GOLD,624,1
10368172,14937204,sdv-pii-wf2m9,693,Spain,Female,27,8,920.58,2,0,1,110947.19,0,0,5,GOLD,286,1
5125761,12768650,sdv-pii-5g5wr,792,France,Female,25,9,149425.19,2,1,1,54519.03,0,0,3,DIAMOND,766,1
3297350,13540542,sdv-pii-g97kt,446,Spain,Female,25,6,777.64,2,0,1,147809.61,0,0,2,DIAMOND,815,1
14542078,10212527,sdv-pii-xnsd1,711,Spain,Female,33,2,70100.14,1,1,0,81061.48,0,0,2,PLATINUM,548,1
4137586,16364230,sdv-pii-zt8cx,779,Spain,Female,27,9,111415.13,1,1,0,146750.82,0,0,3,DIAMOND,363,1
8482244,292547,sdv-pii-dxcq6,669,Germany,Female,54,8,148010.63,3,1,1,114923.22,1,1,3,DIAMOND,620,4
14771992,11890426,sdv-pii-6duxx,545,Spain,Female,36,8,126338.46,1,1,1,89798.34,0,0,4,SILVER,903,1
5470095,6494768,sdv-pii-etdqg,692,Spain,Female,38,1,0.0,1,0,1,32315.7,0,0,4,GOLD,506,1
3008439,12404486,sdv-pii-u0vqr,775,France,Male,42,6,143712.08,1,1,0,25041.4,1,1,5,PLATINUM,981,0
6854013,8918202,sdv-pii-dtkii,661,Germany,Male,49,8,100859.35,1,0,0,64619.84,1,1,4,PLATINUM,297,0
14305221,11736946,sdv-pii-nl7er,796,France,Female,62,6,0.0,1,0,0,105502.15,0,0,3,PLATINUM,571,1
9157381,4413429,sdv-pii-iixo3,566,Spain,Male,35,8,95193.55,1,0,0,82051.08,0,0,3,DIAMOND,595,3
5929393,14345933,sdv-pii-kppsl,639,Spain,Male,59,10,103251.74,1,1,0,138827.71,0,1,3,DIAMOND,393,3
4015002,5411925,sdv-pii-la8qx,573,Spain,Female,41,1,121001.61,1,0,1,77608.84,1,0,3,PLATINUM,665,1
3263912,5433167,sdv-pii-kw699,747,Germany,Female,52,1,149333.37,1,1,1,141161.35,0,0,2,DIAMOND,431,4
7846179,15433081,sdv-pii-q4sqq,583,Spain,Male,59,9,0.0,1,0,1,44860.04,0,0,2,SILVER,421,3
3792170,13997515,sdv-pii-oomms,571,Spain,Male,49,5,148943.75,1,0,0,62175.28,0,0,1,PLATINUM,529,3
798211,6135815,sdv-pii-rorek,766,France,Female,46,6,129667.37,2,0,0,29457.47,1,1,5,GOLD,815,2
13269742,9478119,sdv-pii-1gg8i,659,France,Male,35,5,144782.66,1,0,1,64472.99,0,0,2,DIAMOND,451,0
12199769,6589399,sdv-pii-qwh6j,489,Spain,Female,73,2,117537.75,1,1,0,121474.82,1,1,5,DIAMOND,547,2
12099801,5515857,sdv-pii-2j5jk,670,France,Female,27,6,117475.44,1,1,0,31237.98,0,0,4,PLATINUM,266,1
5998171,8180836,sdv-pii-i7ly0,627,Spain,Male,26,5,0.0,1,0,0,8954.61,0,0,5,DIAMOND,302,3
2513659,409832,sdv-pii-km4u7,730,France,Female,34,10,141332.23,2,0,1,188007.75,0,0,3,PLATINUM,796,1
2945680,297130,sdv-pii-loq4c,622,Germany,Male,42,8,132529.78,1,1,0,49339.25,0,0,1,DIAMOND,596,4
2967653,14895968,sdv-pii-svx6c,531,Spain,Female,40,9,119591.83,1,0,0,81987.47,0,0,2,PLATINUM,527,1
5331194,7109631,sdv-pii-6ku06,738,France,Male,29,9,159729.9,2,0,0,11957.45,0,0,3,PLATINUM,930,0
9933300,8927156,sdv-pii-k437h,594,France,Female,37,8,104680.13,1,0,0,107250.49,0,0,4,DIAMOND,501,1
1961686,11771280,sdv-pii-ncwv9,601,Germany,Male,38,5,0.0,1,1,0,115666.36,0,0,4,PLATINUM,375,0
13652114,11927947,sdv-pii-6p68d,623,Spain,Male,21,8,205.64,2,1,1,54984.94,0,0,2,SILVER,409,3
4708248,10085715,sdv-pii-egi8b,729,France,Male,42,9,0.0,2,1,0,99216.23,0,0,2,SILVER,440,0
10596166,10058223,sdv-pii-0dpa4,523,Germany,Female,54,8,598.78,3,1,0,131281.55,1,1,4,DIAMOND,389,4
6116537,1679772,sdv-pii-apn6n,563,Spain,Male,32,8,0.0,2,1,0,140788.41,0,0,3,SILVER,291,3
3693139,12323380,sdv-pii-zk0io,725,Spain,Female,30,7,289.53,2,1,0,61582.46,0,0,2,DIAMOND,605,1
2244287,12176515,sdv-pii-2v8wg,769,Germany,Female,45,5,101418.41,1,1,0,133581.99,0,0,2,GOLD,593,1
11970986,3200417,sdv-pii-dayq1,549,Spain,Female,56,5,111001.48,1,0,0,105530.41,1,1,5,PLATINUM,476,2
335085,11051272,sdv-pii-62lgx,716,Spain,Female,30,1,118997.03,2,0,0,34150.46,0,0,4,DIAMOND,514,1
5973161,8589763,sdv-pii-qc5sq,774,France,Male,40,5,128893.97,1,1,0,143894.55,0,0,2,DIAMOND,269,0
15963301,8839975,sdv-pii-bq4y4,574,Germany,Female,51,3,116195.05,1,1,0,130171.97,0,0,2,SILVER,801,1
15256331,12381885,sdv-pii-39fe8,796,France,Female,29,2,0.0,2,1,1,111726.11,0,0,3,GOLD,316,1
3570761,8883323,sdv-pii-hxi7b,731,France,Female,41,7,789.03,2,1,0,17471.02,0,0,2,SILVER,357,1
2701107,1776992,sdv-pii-f52u6,572,Germany,Male,35,5,65.92,2,0,0,94237.32,0,0,4,DIAMOND,400,4
10507672,13419129,sdv-pii-gjpaj,677,France,Male,23,8,0.0,2,0,0,149330.45,0,0,3,PLATINUM,831,0
1297215,9890427,sdv-pii-aw8r5,753,Spain,Female,26,8,0.0,2,0,1,150719.55,0,0,5,PLATINUM,974,1
8197134,7557072,sdv-pii-0gx9l,461,Germany,Male,49,8,125100.34,1,0,0,130869.31,1,1,3,SILVER,560,0
14001931,11068133,sdv-pii-zn07e,634,Germany,Female,50,10,122871.69,2,1,1,184144.4,0,0,5,DIAMOND,825,4
14829830,12820054,sdv-pii-lxo30,515,Germany,Female,36,8,122863.1,2,1,1,104322.28,0,0,1,PLATINUM,274,1
10333777,12646499,sdv-pii-ci66a,718,France,Male,38,9,117292.48,1,1,0,114033.72,1,1,1,DIAMOND,543,0
3844532,11620706,sdv-pii-hvl53,752,Germany,Male,52,1,140129.52,1,1,0,63258.99,1,1,5,PLATINUM,413,0
12918851,1362825,sdv-pii-dkrw9,677,Germany,Male,42,8,92662.52,1,1,0,84863.62,0,0,4,GOLD,418,0
7459901,9781425,sdv-pii-2zz3s,684,Germany,Male,25,2,0.0,2,0,0,35719.03,0,0,3,DIAMOND,532,4
1540801,8815256,sdv-pii-m49l8,577,Spain,Female,49,8,127668.49,2,1,0,110232.06,0,0,3,GOLD,294,1
2965439,14117561,sdv-pii-j88m2,556,France,Female,59,8,111610.4,3,0,0,140022.68,1,1,1,PLATINUM,423,2
4936769,14921345,sdv-pii-v2oda,706,Spain,Male,35,5,0.0,2,1,0,95270.51,0,0,2,PLATINUM,773,3
3786578,15310544,sdv-pii-dsp6t,548,Spain,Female,31,9,163.88,2,1,0,136446.84,0,0,2,PLATINUM,863,1
6153898,12076710,sdv-pii-mg1jl,497,Germany,Female,61,9,120456.38,1,0,1,186294.34,0,0,4,PLATINUM,451,1
11932970,12491052,sdv-pii-f7084,790,Spain,Female,53,8,118289.11,2,1,1,41668.36,0,0,4,DIAMOND,467,1
6945285,8681449,sdv-pii-i2gkj,621,Germany,Male,32,10,100969.95,2,0,0,91398.76,0,0,1,DIAMOND,999,4
4996112,11064080,sdv-pii-8gsze,611,France,Female,29,8,211.34,2,1,0,72731.93,0,0,4,PLATINUM,377,1
608930,3447221,sdv-pii-fu5zy,551,France,Male,32,4,0.0,2,1,0,96042.97,0,0,2,PLATINUM,351,0
11007872,15898479,sdv-pii-p030e,611,Spain,Male,37,6,146266.1,1,0,1,46594.24,0,0,4,GOLD,776,3
10609382,16656967,sdv-pii-k72qy,546,Spain,Female,25,3,0.0,2,1,1,128024.84,0,0,2,PLATINUM,642,1
3354429,14567146,sdv-pii-yvgmr,644,Spain,Female,65,9,1126.45,2,1,1,97607.33,0,0,4,DIAMOND,785,1
15466116,7009098,sdv-pii-hm7ke,492,Germany,Female,50,6,150393.58,4,0,0,193221.94,1,1,1,DIAMOND,403,4
9388303,12131635,sdv-pii-hkpy7,556,Germany,Female,48,7,120764.15,1,0,0,118157.49,1,1,2,SILVER,756,2
6919786,12583906,sdv-pii-haydu,837,France,Male,47,8,112087.81,1,1,0,26200.26,1,1,3,SILVER,839,0
7188704,16560364,sdv-pii-cygft,670,Spain,Male,31,5,120204.37,1,0,0,89503.27,0,0,3,PLATINUM,839,3
5003776,8154400,sdv-pii-vpu77,533,Germany,Female,47,9,146602.15,1,1,0,80028.44,1,1,4,PLATINUM,705,2
11957256,11574783,sdv-pii-nweuy,534,France,Female,38,1,121591.53,1,0,0,184708.05,0,0,1,DIAMOND,479,1
11144233,9060292,sdv-pii-yj838,539,France,Female,38,8,151932.79,3,0,0,178657.59,1,1,5,PLATINUM,671,2
9653486,10719658,sdv-pii-izww0,665,France,Female,36,8,0.0,3,1,1,22502.02,1,1,5,SILVER,411,2
6413552,4508142,sdv-pii-sx5ez,668,Germany,Female,41,8,119316.86,1,1,1,97942.38,0,0,1,GOLD,448,1
9678706,7753643,sdv-pii-8s5pe,690,Germany,Male,38,5,92555.6,1,1,0,16563.98,1,1,5,GOLD,493,0
12973025,4482913,sdv-pii-s6cek,768,Germany,Male,26,8,120651.05,1,0,0,77796.46,0,0,4,DIAMOND,623,4
5930875,14946455,sdv-pii-7nxbb,690,Germany,Female,38,5,168085.5,1,0,1,177801.51,0,0,3,PLATINUM,427,1
9601766,3679516,sdv-pii-4cw0x,850,Spain,Female,36,5,0.0,2,1,1,42420.33,0,0,3,GOLD,540,1
11486832,5872663,sdv-pii-g167x,645,France,Female,62,1,811.5,1,0,1,55567.22,0,1,3,DIAMOND,868,2
11267819,329538,sdv-pii-ue7hu,790,Germany,Female,47,9,0.0,1,0,1,110788.45,1,1,3,PLATINUM,303,2
3746891,759424,sdv-pii-ewwh0,667,Germany,Female,40,8,109930.03,1,0,0,44131.53,1,1,5,PLATINUM,933,2
6412912,8020220,sdv-pii-nv5ne,777,Spain,Female,31,2,0.0,2,1,0,23914.99,0,0,3,SILVER,758,1
7562125,12379244,sdv-pii-349pr,555,Spain,Female,31,5,0.0,1,1,0,173140.5,0,0,2,DIAMOND,454,1
2317024,10190613,sdv-pii-99p10,605,France,Male,26,9,91519.96,2,1,0,8280.68,1,1,5,GOLD,421,0
4631965,1058654,sdv-pii-oznm2,639,France,Male,42,5,0.0,2,1,0,32378.85,0,0,2,PLATINUM,834,0
9780993,12321397,sdv-pii-piu9h,518,Spain,Male,28,3,8.03,2,1,0,65160.81,0,0,3,PLATINUM,920,3
12002586,1370765,sdv-pii-vbt2t,749,Spain,Male,46,9,109295.74,2,1,0,63795.31,0,0,3,GOLD,575,3
1595357,4626929,sdv-pii-ajo04,698,Spain,Male,30,9,122722.39,1,1,0,188004.1,0,1,5,DIAMOND,745,3
11583293,9708284,sdv-pii-3wnjm,650,Spain,Female,69,8,0.0,2,1,0,81808.49,0,0,4,PLATINUM,597,1
9626445,2174897,sdv-pii-35vni,666,Germany,Female,57,8,146631.54,3,0,0,18091.86,1,1,1,SILVER,346,2
512530,15641921,sdv-pii-p1yna,645,France,Female,63,6,90564.19,1,0,0,116156.35,1,1,1,DIAMOND,382,2
4486154,15858878,sdv-pii-wgbug,830,France,Male,32,9,0.0,2,1,0,57434.75,0,0,5,PLATINUM,542,0
11514604,12740002,sdv-pii-tizbm,689,Germany,Female,45,1,129284.09,2,0,1,179580.55,1,1,3,SILVER,796,2
2313652,11581781,sdv-pii-mntyi,771,Germany,Female,40,5,112317.55,2,1,0,173690.42,0,0,2,DIAMOND,649,4
10057652,2904731,sdv-pii-zfsgi,724,Spain,Male,28,3,94646.82,2,0,1,145994.6,0,0,3,SILVER,611,3
4001197,5661691,sdv-pii-9vv9b,654,Spain,Male,32,6,109909.63,1,1,0,78596.21,0,0,5,DIAMOND,363,3
4121793,2960561,sdv-pii-wpo3y,590,Germany,Male,38,5,150871.69,2,1,0,109639.34,0,0,3,DIAMOND,559,4
9769430,4701916,sdv-pii-s2ybh,750,France,Male,36,1,141714.74,1,1,0,9426.21,0,0,5,GOLD,614,0
11129956,829801,sdv-pii-7mw30,554,Germany,Female,34,6,132095.55,1,0,0,116199.88,1,0,5,PLATINUM,946,2
14561097,2226792,sdv-pii-vxcfj,713,Spain,Male,31,6,809.17,2,1,1,40075.68,0,0,2,GOLD,943,3
413560,1104818,sdv-pii-kyscl,572,France,Female,71,1,128668.96,4,0,1,66697.64,1,1,5,PLATINUM,467,2
9250371,140987,sdv-pii-stxd6,774,Spain,Male,34,4,91953.76,2,1,0,130235.43,0,0,3,DIAMOND,709,3
13096744,11733885,sdv-pii-o04zl,787,France,Male,26,5,0.0,2,0,1,81844.37,0,0,2,PLATINUM,404,0
15302892,4436936,sdv-pii-89wx6,599,Germany,Female,40,9,130709.95,1,0,0,7447.93,1,1,1,GOLD,961,2
15547169,2431922,sdv-pii-05i11,483,Germany,Female,57,6,122439.31,1,0,0,148542.87,1,1,3,DIAMOND,544,4
9415143,3837254,sdv-pii-p4vw4,696,Germany,Female,55,3,117324.26,1,1,0,115312.94,0,0,3,DIAMOND,898,4
5370211,3432950,sdv-pii-prt00,649,Germany,Female,37,1,36.4,2,0,0,132963.58,0,0,5,PLATINUM,558,1
3075419,9361314,sdv-pii-p7wbn,731,Spain,Male,27,5,91245.29,2,1,1,37643.61,0,0,2,DIAMOND,891,3
1562593,3875778,sdv-pii-qdeda,591,Germany,Male,43,9,110963.73,2,1,0,41021.95,0,0,3,DIAMOND,353,4
11511762,7158227,sdv-pii-ai0wi,789,Spain,Male,46,8,128778.48,2,1,1,134075.44,0,0,5,GOLD,814,3
3057585,4406766,sdv-pii-wqmtc,691,Germany,Female,53,8,94878.08,3,0,0,65458.74,1,1,2,DIAMOND,391,4
7475414,2810879,sdv-pii-rccwf,766,Spain,Male,28,1,97767.05,1,1,0,76013.15,0,0,2,PLATINUM,739,3
5298981,15860119,sdv-pii-0jua3,536,France,Female,24,9,340.96,2,1,1,55303.72,0,0,3,PLATINUM,281,1
1813740,4267540,sdv-pii-kckzu,683,France,Female,68,8,106397.59,1,0,1,24591.92,1,1,2,GOLD,702,2
9101754,10935804,sdv-pii-8zlq6,524,Spain,Male,66,0,103579.17,1,1,0,109266.96,0,0,5,PLATINUM,773,3
12605756,10411063,sdv-pii-nzh2g,785,Germany,Male,26,9,155859.94,2,1,0,135973.6,0,0,2,DIAMOND,357,4
6215482,1716312,sdv-pii-gzvtw,600,France,Female,40,2,1110.78,2,1,0,70118.91,0,0,3,DIAMOND,690,1
6060209,12907201,sdv-pii-jcct3,613,Spain,Male,36,7,0.0,2,0,1,59959.83,0,0,2,GOLD,685,3
10467050,4423413,sdv-pii-247tf,591,Germany,Male,55,9,91734.92,2,1,0,113634.51,0,0,2,DIAMOND,929,4
1464549,5770967,sdv-pii-mkdcl,655,France,Female,69,8,1757.51,2,1,0,58034.62,0,0,4,PLATINUM,567,1
10101017,10445314,sdv-pii-pxwqb,504,Spain,Female,34,6,139464.32,1,0,1,68582.45,0,0,1,DIAMOND,928,1
10921786,3446256,sdv-pii-40drq,556,Spain,Female,50,5,688.4,2,1,0,68505.55,0,0,4,PLATINUM,863,1
10053268,8420634,sdv-pii-zkjn4,493,France,Female,58,8,102511.51,3,0,0,153462.05,1,1,4,PLATINUM,235,2
10387626,10615061,sdv-pii-54g91,671,France,Female,45,6,258.15,1,0,0,106045.19,1,1,1,PLATINUM,417,2
11489130,2542486,sdv-pii-9hu5u,621,France,Female,51,8,113083.7,1,0,0,72598.62,1,1,5,DIAMOND,813,2
4931656,9108854,sdv-pii-zpk3j,572,Spain,Female,62,2,1546.07,3,0,1,74903.31,1,1,2,SILVER,699,2
3050431,11217632,sdv-pii-c8hku,597,Spain,Male,56,1,0.0,2,1,0,134272.04,0,0,3,SILVER,440,3
13146307,13621296,sdv-pii-x74pg,783,France,Female,55,8,121852.46,1,0,0,47804.78,1,1,4,PLATINUM,854,2
16526415,4371680,sdv-pii-8uvt3,676,France,Female,24,3,0.0,1,0,1,178667.64,0,0,3,PLATINUM,806,1
6470217,6073750,sdv-pii-nh1py,716,Spain,Female,50,8,412.72,1,1,1,124431.06,1,1,3,DIAMOND,396,2
9800558,6742872,sdv-pii-ummz7,656,Spain,Female,41,9,102890.15,1,1,1,126656.46,1,1,4,DIAMOND,364,2
4430691,4422894,sdv-pii-ejcz7,834,Germany,Female,57,8,0.0,1,0,0,105378.11,0,1,3,DIAMOND,303,4
100394,3525717,sdv-pii-11xo7,743,Spain,Female,29,8,0.0,2,0,1,64207.07,0,0,4,DIAMOND,496,1
2345004,4042561,sdv-pii-vkyc8,564,Germany,Female,34,5,130615.87,1,0,1,45540.65,0,0,3,DIAMOND,625,4
2160900,13201270,sdv-pii-nu4o0,630,Germany,Male,50,5,107723.22,1,1,1,78473.15,0,0,1,PLATINUM,413,0
14792740,10743846,sdv-pii-089pb,706,Spain,Female,35,3,116584.04,1,1,1,63150.35,0,0,1,PLATINUM,457,1
5366867,2474999,sdv-pii-rtasi,596,France,Female,44,8,705.65,2,1,1,186665.89,0,0,5,SILVER,940,1
12786615,3343455,sdv-pii-ab74o,688,France,Female,65,6,0.0,2,1,1,23247.76,0,0,4,GOLD,435,1
7946832,6045429,sdv-pii-p3f8u,687,Spain,Male,34,1,68891.65,2,1,0,148911.33,0,0,5,PLATINUM,618,3
2373596,627992,sdv-pii-zalyj,726,France,Female,44,6,117076.39,1,1,0,67111.63,1,1,4,SILVER,406,2
703748,1874504,sdv-pii-il2jl,683,Spain,Male,69,4,117142.7,1,1,1,24899.21,0,0,1,PLATINUM,382,3
14318897,4955966,sdv-pii-1mq7a,620,Spain,Male,31,6,0.0,2,1,1,39572.17,0,0,4,GOLD,375,3
13853644,14203444,sdv-pii-3354g,689,Spain,Female,56,3,0.0,1,0,0,31297.06,1,1,2,SILVER,280,2
10156159,14986909,sdv-pii-rl6y4,730,Spain,Female,27,5,512.84,2,1,1,87493.55,0,0,5,GOLD,747,1
13632170,13757809,sdv-pii-c9w83,567,Germany,Male,33,10,122573.21,1,0,1,102702.0,1,1,3,GOLD,960,0
10529603,7278012,sdv-pii-dpy6e,691,Germany,Female,44,3,119297.77,2,0,0,90926.33,1,1,3,DIAMOND,601,4
11804393,14254693,sdv-pii-81m7e,593,Spain,Female,39,5,120614.71,1,0,1,156971.78,0,0,3,DIAMOND,868,1
809802,4367003,sdv-pii-hh472,687,Spain,Female,50,10,0.0,2,0,0,45967.38,1,1,1,DIAMOND,825,2
10972528,7995432,sdv-pii-bo100,510,France,Male,47,4,104696.7,2,1,0,142588.81,0,0,4,GOLD,448,0
3233620,2504738,sdv-pii-1b7xj,809,France,Female,32,1,106186.9,2,0,1,118314.94,0,0,3,PLATINUM,845,1
12823658,459097,sdv-pii-spm8l,771,France,Male,42,3,130319.31,1,0,0,8742.89,1,1,5,GOLD,847,0
16094338,10570523,sdv-pii-7u84j,765,Germany,Female,40,9,136104.02,1,1,0,56713.19,0,1,5,DIAMOND,327,4
13942808,2818853,sdv-pii-6cm0z,656,Spain,Male,42,4,0.0,3,0,0,15042.47,1,1,2,GOLD,479,3
798728,2447370,sdv-pii-ac1zr,785,France,Female,56,10,109607.72,3,0,0,168699.54,1,1,2,DIAMOND,891,2
14804347,6574222,sdv-pii-s4ow4,539,France,Female,39,8,122713.27,2,0,0,67014.46,1,1,4,GOLD,392,2
9819325,9701042,sdv-pii-te2km,676,Spain,Male,30,3,518.36,2,0,0,113414.12,0,0,3,PLATINUM,578,3
5982736,10562850,sdv-pii-egcyj,828,Germany,Female,49,5,115983.02,2,1,1,80972.98,0,0,2,SILVER,707,1
11515936,1770974,sdv-pii-5j5k8,638,Germany,Female,60,2,96556.56,1,1,1,131941.46,1,1,4,DIAMOND,941,4
13315267,11542523,sdv-pii-cpg4q,535,France,Female,72,8,102178.72,4,0,0,39398.13,1,1,3,PLATINUM,838,2
1284864,372763,sdv-pii-imh6g,519,Spain,Male,42,8,378.46,2,0,1,54254.45,0,0,3,DIAMOND,376,3
11693346,14204865,sdv-pii-xmuam,534,Spain,Female,27,10,131556.27,2,0,1,87389.5,0,0,4,PLATINUM,689,1
10707113,8721596,sdv-pii-o1ral,580,Germany,Male,49,4,108835.88,1,1,1,157218.7,1,1,1,DIAMOND,510,4
14908311,9556558,sdv-pii-gb2oj,631,Spain,Female,69,8,119779.11,1,0,0,130945.1,0,0,1,SILVER,684,1
895500,11616452,sdv-pii-fklo2,757,Spain,Female,52,4,153842.56,1,1,0,150307.09,0,1,4,DIAMOND,857,1
10304958,6510855,sdv-pii-pz43v,553,Germany,Female,52,6,143267.1,1,1,0,179231.86,0,0,5,PLATINUM,734,1
3445460,11388253,sdv-pii-q9exb,720,Spain,Male,34,8,0.0,2,1,1,78078.19,0,0,1,PLATINUM,525,3
251275,5952026,sdv-pii-5atam,605,Germany,Male,61,4,170.03,2,1,1,116970.92,0,0,3,PLATINUM,762,0
12074058,3903365,sdv-pii-fna6z,467,France,Female,37,5,94200.94,3,0,1,42053.83,1,1,3,PLATINUM,718,2
12441896,16574267,sdv-pii-rkwr5,581,France,Female,42,8,0.0,2,1,0,175822.8,0,0,5,SILVER,370,1
9806810,1084690,sdv-pii-3zllv,660,Spain,Female,56,4,123.17,2,1,1,161296.98,0,0,2,PLATINUM,810,1
15902160,14717315,sdv-pii-w869r,748,Germany,Male,43,8,103410.12,1,0,0,138485.38,1,1,5,PLATINUM,324,0
9158154,3701478,sdv-pii-fv16g,717,Spain,Female,40,5,0.0,2,1,0,88488.08,0,0,5,GOLD,934,1
12616956,8868872,sdv-pii-4drdt,532,Spain,Female,45,1,137691.49,1,1,1,179446.12,0,0,5,SILVER,409,1
752768,10473051,sdv-pii-jer2r,585,Spain,Male,48,5,0.0,1,0,0,80877.33,1,1,5,GOLD,560,3
11931855,1182621,sdv-pii-cal0g,563,Germany,Male,50,8,103008.98,3,0,1,144513.89,1,1,1,PLATINUM,294,0
12242437,1599889,sdv-pii-g72h9,590,Germany,Female,25,9,118614.17,2,0,0,189035.3,0,0,2,DIAMOND,666,4
10381418,16302465,sdv-pii-gl4ym,705,Spain,Female,51,5,151120.29,2,1,0,187206.44,0,0,5,DIAMOND,969,1
2215213,8828342,sdv-pii-aah3f,548,Spain,Male,28,10,116406.31,1,1,0,50329.04,0,0,4,DIAMOND,772,3
13161655,258525,sdv-pii-o7g7y,558,France,Female,45,5,131419.14,3,1,0,173177.21,1,1,4,DIAMOND,770,2
2254368,1779786,sdv-pii-y8wiw,642,France,Male,33,6,0.0,2,0,0,127379.69,0,0,4,DIAMOND,802,0
15268664,12612621,sdv-pii-bh7ae,658,France,Female,30,6,815.15,2,0,0,103683.1,1,0,4,PLATINUM,784,2
5077129,14039039,sdv-pii-l048y,839,Spain,Male,36,8,0.0,2,0,1,48778.51,0,0,2,PLATINUM,935,3
11657010,16122737,sdv-pii-rr47x,561,Germany,Female,51,8,118587.89,1,1,0,89037.21,0,0,2,GOLD,476,1
4721346,13298833,sdv-pii-u86lq,533,Germany,Female,45,5,123889.09,1,0,1,67423.35,0,0,2,SILVER,769,1
8852144,13618841,sdv-pii-5i723,850,France,Female,29,7,127635.42,1,0,0,2329.62,0,0,1,PLATINUM,351,1
16386989,3925275,sdv-pii-w63it,618,Spain,Male,35,2,855.3,2,1,0,55819.38,1,0,4,PLATINUM,298,3
8819417,9816564,sdv-pii-i4woe,579,France,Female,45,9,100.3,2,1,1,148044.06,0,0,1,GOLD,842,1
3282017,10801938,sdv-pii-x778m,481,France,Male,38,9,128589.68,2,0,1,173943.4,1,1,4,PLATINUM,603,0
11682117,12823614,sdv-pii-q8n7i,505,France,Male,45,5,248.95,1,1,0,189522.95,1,0,4,PLATINUM,825,0
10906431,15187073,sdv-pii-kr7uj,665,France,Female,41,3,0.0,2,0,1,133284.74,0,0,4,DIAMOND,546,1
9346731,10457862,sdv-pii-oi3u5,604,Germany,Female,48,3,123459.72,1,1,0,91795.5,1,1,4,PLATINUM,918,2
13147784,12922462,sdv-pii-okgvj,690,France,Male,45,6,0.0,2,0,1,74231.32,1,1,5,PLATINUM,716,0
10386462,5177353,sdv-pii-vtfvc,625,Germany,Female,52,6,94375.54,2,0,0,34602.12,1,1,4,PLATINUM,915,2
9091199,5099098,sdv-pii-sjc8r,690,Germany,Female,26,5,109724.19,2,0,0,139785.88,0,0,3,DIAMOND,528,4
6946562,8900950,sdv-pii-yeifr,516,France,Female,47,10,449.13,2,1,1,108050.52,0,0,5,PLATINUM,395,1
8744819,3561089,sdv-pii-h9u0g,580,France,Male,67,6,0.0,2,0,1,25037.65,0,0,2,GOLD,904,0
14599257,2410611,sdv-pii-73oi8,625,Germany,Female,53,9,104191.23,1,0,1,155947.8,1,1,5,DIAMOND,609,4
4633044,16036113,sdv-pii-fhgza,616,Germany,Female,72,5,117138.89,1,0,1,154567.07,0,1,1,SILVER,447,2
9504662,2680668,sdv-pii-dh96k,700,Spain,Male,26,9,138644.72,2,1,0,47433.61,0,0,3,PLATINUM,721,3
16176269,1152107,sdv-pii-cho0q,534,France,Male,52,5,128122.15,1,0,0,124074.48,1,1,3,DIAMOND,851,0
5719532,13485174,sdv-pii-82r6f,645,France,Male,37,6,0.0,2,1,0,12743.57,0,0,4,PLATINUM,476,0
7610764,7342956,sdv-pii-6racl,695,Spain,Female,30,8,84268.95,1,0,1,13369.2,0,0,3,GOLD,476,1
89600,16365311,sdv-pii-9ij9g,731,Spain,Female,41,3,159023.08,2,0,1,36457.25,0,0,4,DIAMOND,454,1
4311519,14499779,sdv-pii-0kzkt,694,Spain,Female,29,6,1228.13,2,0,0,85391.27,0,0,5,PLATINUM,311,1
4914653,16300495,sdv-pii-tu6bl,536,Spain,Male,28,10,86733.34,1,1,0,61803.68,0,0,2,DIAMOND,804,3
11629641,2874089,sdv-pii-iz26z,492,Germany,Female,65,10,105981.72,1,0,0,41632.5,1,1,1,PLATINUM,599,2
10384708,6316731,sdv-pii-z0x98,569,Germany,Male,31,7,114769.17,2,1,1,96379.3,0,0,3,DIAMOND,760,4
11665974,3870676,sdv-pii-y0wsb,582,France,Female,55,2,0.0,1,0,1,29654.11,0,0,2,PLATINUM,733,1
9952643,8441520,sdv-pii-iksn2,596,Spain,Male,41,2,132236.19,1,1,1,50711.0,0,0,3,SILVER,711,3
540129,1282409,sdv-pii-67zze,664,Germany,Female,50,4,120400.84,1,0,0,39986.33,1,1,1,DIAMOND,933,4
8272751,11895416,sdv-pii-7b0wl,728,France,Male,38,5,104484.76,2,0,0,108940.78,0,0,5,GOLD,864,0
1867351,7986315,sdv-pii-3408g,592,France,Female,36,1,99116.45,1,1,0,116532.91,1,1,5,DIAMOND,423,2
9706493,6263932,sdv-pii-urhmn,545,Germany,Female,26,3,129861.54,2,1,0,148250.22,0,0,5,DIAMOND,589,4
12378776,782185,sdv-pii-sl5xb,681,France,Female,73,5,126458.26,1,1,1,105033.2,1,1,2,DIAMOND,407,2
759360,7445733,sdv-pii-lu98s,530,Spain,Male,50,7,129175.99,2,0,1,22295.91,0,0,1,PLATINUM,276,3
3124793,2953614,sdv-pii-lcjqg,692,Germany,Female,62,6,95888.71,4,1,0,153309.55,1,1,3,SILVER,231,2
852920,7236654,sdv-pii-kcox8,637,Germany,Male,39,7,148899.36,1,1,0,5341.24,1,1,4,DIAMOND,300,4
1026726,9444218,sdv-pii-i5ved,540,France,Female,54,6,125030.95,1,1,0,146987.96,1,1,2,DIAMOND,276,2
6875336,1631575,sdv-pii-bi7i0,484,France,Female,38,1,142598.22,1,0,0,10031.29,0,1,3,DIAMOND,308,2
1233030,15906222,sdv-pii-varh0,805,Spain,Female,35,9,0.0,2,0,0,141241.94,0,0,1,SILVER,705,1
4872294,8902548,sdv-pii-l812c,587,Spain,Male,34,9,0.0,2,1,1,78323.94,0,0,3,PLATINUM,322,3
11309736,802917,sdv-pii-qfaf4,532,Germany,Female,47,5,201.0,2,0,0,119115.54,0,0,2,DIAMOND,263,4
1476833,10874640,sdv-pii-qf1a9,548,Germany,Female,39,9,116072.94,1,1,0,168719.24,1,1,4,DIAMOND,308,4
8971118,12016261,sdv-pii-s6gr8,572,Spain,Male,32,1,0.0,2,0,0,3684.68,0,0,3,SILVER,417,3
4533762,9297827,sdv-pii-2b7zk,667,Germany,Male,29,8,92001.88,2,1,1,169558.95,0,0,3,SILVER,714,0
5143207,6788951,sdv-pii-59xaw,698,Germany,Female,34,8,0.0,2,1,1,90391.28,0,0,3,PLATINUM,299,1
3188399,8895417,sdv-pii-9sg2v,600,France,Female,29,8,1272.33,2,1,0,80404.7,0,0,2,PLATINUM,473,1
8508713,11773265,sdv-pii-rslqq,591,Spain,Female,33,8,88150.4,2,1,1,60703.94,0,0,2,GOLD,242,1
14488367,1232768,sdv-pii-ev6cg,538,Spain,Female,33,4,114029.73,1,0,1,38284.89,0,0,2,PLATINUM,788,1
7043087,4226130,sdv-pii-ujsjs,708,France,Female,40,9,2099.67,3,1,1,36493.66,0,0,4,PLATINUM,834,1
9361017,9949019,sdv-pii-n1j8v,760,Germany,Female,48,10,147357.16,1,1,1,53179.52,0,0,3,DIAMOND,784,4
9764001,6136985,sdv-pii-attwe,479,France,Male,43,3,538.82,3,0,0,8674.8,1,1,4,DIAMOND,743,0
12512766,10375558,sdv-pii-eteyp,666,France,Male,43,5,66.15,2,0,0,50109.8,0,1,4,GOLD,818,0
6584810,14151221,sdv-pii-yzchj,687,France,Female,54,8,0.0,2,1,0,118792.16,0,0,5,PLATINUM,412,1
7278927,7279310,sdv-pii-vbl4w,541,Spain,Male,62,6,1833.68,2,1,1,68580.68,1,1,1,DIAMOND,892,3
7085716,10745535,sdv-pii-3x3ka,605,Spain,Female,53,8,135617.53,2,0,0,132758.17,0,0,2,PLATINUM,714,1
4089921,1416098,sdv-pii-f4cxj,638,Spain,Male,48,8,0.0,2,1,0,46658.6,0,0,4,PLATINUM,843,3
5634690,7312032,sdv-pii-kvqxc,635,France,Female,38,3,115435.85,1,1,1,95557.66,0,0,3,PLATINUM,862,1
14407558,4630628,sdv-pii-jnivw,638,Germany,Female,45,8,177028.5,3,0,0,23893.63,1,1,2,DIAMOND,792,4
63848,2935275,sdv-pii-v97qw,688,Spain,Male,39,4,0.0,1,1,0,51825.46,0,0,1,PLATINUM,873,3
7925660,8172882,sdv-pii-6uvpd,459,France,Female,52,4,104474.02,1,1,0,156855.82,1,1,5,PLATINUM,345,2
8241824,8827283,sdv-pii-ubi10,798,Germany,Female,34,5,116140.29,1,0,1,75728.03,0,0,4,GOLD,414,1
6719947,11766331,sdv-pii-eqy5r,633,Spain,Male,29,10,0.0,2,1,1,154560.59,0,0,3,DIAMOND,402,3
7481716,11393327,sdv-pii-z8y5w,611,Spain,Male,41,6,0.0,2,1,1,181394.47,0,0,2,DIAMOND,353,3
13583070,1087931,sdv-pii-wbaxa,535,Germany,Female,52,8,127394.59,2,0,0,19313.41,0,0,1,GOLD,239,1
14460002,9717808,sdv-pii-6arm6,693,Germany,Male,80,8,99771.79,1,0,1,56998.34,1,0,4,DIAMOND,324,4
1173586,2930003,sdv-pii-1x71d,649,France,Female,25,8,0.0,2,1,1,84229.42,0,0,3,DIAMOND,846,1
15444208,10510296,sdv-pii-oyhiw,667,Spain,Female,39,6,605.89,2,0,0,114527.03,0,0,3,PLATINUM,298,1
9646600,9556839,sdv-pii-nuqef,751,France,Female,22,0,353.9,2,1,1,138590.29,0,0,3,PLATINUM,839,1
16489299,9392229,sdv-pii-qckzc,765,Germany,Female,37,6,145532.48,1,1,0,4354.55,0,0,2,PLATINUM,417,1
6031824,11224460,sdv-pii-3t67y,557,France,Female,29,3,130646.74,1,0,0,36411.14,1,1,3,GOLD,985,2
618429,9867510,sdv-pii-ks7vr,784,Germany,Female,61,10,153475.84,1,0,1,71888.11,0,0,1,PLATINUM,783,1
3392923,8221568,sdv-pii-83n33,679,Spain,Female,28,8,0.0,2,1,1,53538.41,0,0,2,SILVER,321,1
6086682,6135468,sdv-pii-cudr5,629,Spain,Female,37,6,114064.98,1,0,1,110308.22,0,0,2,DIAMOND,737,1
6362444,9708480,sdv-pii-92nm9,676,Spain,Female,66,9,127457.99,1,1,0,81843.94,0,0,5,DIAMOND,798,1
11662119,9066449,sdv-pii-8ovlg,766,Germany,Female,50,4,123027.25,2,1,1,144964.99,0,0,3,PLATINUM,337,1
12806294,1650333,sdv-pii-93ye1,615,France,Female,39,5,0.0,1,0,0,53352.17,0,0,4,SILVER,963,1
12852416,13819604,sdv-pii-pndwx,491,France,Male,27,5,186.93,2,0,1,169228.78,0,0,2,SILVER,313,0
13668839,15184767,sdv-pii-m6ayy,682,Germany,Male,55,4,124392.71,1,1,0,70431.75,1,1,3,SILVER,878,0
13486519,5025049,sdv-pii-q7lv1,626,Spain,Female,31,9,139.13,2,1,0,74077.68,0,0,3,SILVER,606,1
4518737,8716359,sdv-pii-15i5i,572,Spain,Male,31,5,618.78,2,1,1,12559.1,0,0,1,DIAMOND,241,3
12352746,619878,sdv-pii-oddpy,607,Germany,Female,57,10,115820.98,1,1,0,38171.32,1,0,3,SILVER,843,4
9826492,1075351,sdv-pii-9gxty,804,Germany,Female,26,7,131956.98,2,0,0,156878.04,0,0,1,GOLD,631,1
12749911,1389447,sdv-pii-8a5f1,781,France,Male,28,6,0.0,2,1,0,107179.37,0,0,3,PLATINUM,655,0
9430433,792151,sdv-pii-a9dgw,698,France,Male,37,2,118818.06,2,1,0,51641.34,0,0,3,GOLD,751,0
7607772,8923606,sdv-pii-ipjb7,556,Spain,Male,48,9,0.0,2,1,1,65938.15,0,0,1,PLATINUM,810,3
14041621,9426080,sdv-pii-5xnb2,618,France,Male,30,3,130058.39,1,0,0,184508.62,0,0,3,SILVER,597,0
7097945,9028081,sdv-pii-gk0nb,749,France,Male,68,8,113062.1,1,1,1,91560.02,1,1,3,SILVER,854,0
5923377,15193420,sdv-pii-51zcd,747,Spain,Male,44,4,86187.96,1,1,0,62421.12,0,0,2,DIAMOND,507,3
839728,16616930,sdv-pii-1oct4,780,Spain,Female,45,3,0.0,1,0,1,176050.19,0,0,1,DIAMOND,368,1
9053704,3509900,sdv-pii-nwf74,551,Germany,Male,61,5,113636.26,1,1,1,61648.82,0,1,1,PLATINUM,563,0
9279184,6571029,sdv-pii-azuih,572,France,Male,56,8,102249.83,1,1,0,154202.04,1,1,3,GOLD,300,0
12898687,12560636,sdv-pii-1xud6,581,Germany,Female,47,3,108404.71,1,1,1,3679.25,0,0,3,DIAMOND,287,4
4571132,13581205,sdv-pii-a9vn3,542,Germany,Female,41,4,117834.98,3,0,0,76958.47,1,1,4,PLATINUM,614,2
14085042,6794527,sdv-pii-xww7b,688,Spain,Female,24,5,2024.47,2,0,0,71906.05,0,0,3,DIAMOND,928,1
13885811,8459020,sdv-pii-i2kn3,750,Germany,Female,24,9,126201.74,1,0,1,83996.66,1,1,4,PLATINUM,733,2
10567939,16153085,sdv-pii-0erq1,605,Germany,Female,30,5,87504.16,2,1,0,88349.54,0,0,3,GOLD,801,1
10780712,16339292,sdv-pii-8gsnt,663,Spain,Female,23,0,147086.43,2,1,1,152664.95,0,0,1,DIAMOND,591,1
14003090,10966485,sdv-pii-k94gn,644,Germany,Male,41,5,80230.98,2,1,1,110575.14,1,1,3,DIAMOND,306,4
9934994,11762184,sdv-pii-20lub,774,Germany,Female,51,8,107744.23,1,1,0,194360.45,1,1,1,DIAMOND,282,4
3254873,10114619,sdv-pii-2gz5e,820,Spain,Male,38,6,414.34,2,1,0,72757.96,0,0,5,GOLD,873,3
7868634,5393629,sdv-pii-8ifo6,464,Spain,Male,33,5,140121.44,2,1,0,1383.87,0,0,4,DIAMOND,473,3
11328560,7880168,sdv-pii-3n2mb,710,France,Female,46,10,108371.76,2,0,0,65987.03,0,0,3,DIAMOND,931,1
3015912,16149151,sdv-pii-vzg0r,699,France,Female,42,6,134927.24,1,0,0,119004.73,1,1,2,SILVER,421,2
12242546,14411357,sdv-pii-jggyu,612,France,Male,28,8,98752.92,2,0,0,60535.22,0,0,4,GOLD,400,0
2698281,2546257,sdv-pii-x8h5y,638,France,Male,67,5,0.0,4,0,1,113016.2,1,1,2,SILVER,879,0
4202907,11149541,sdv-pii-oci4f,489,Germany,Female,64,8,141799.27,4,0,0,57807.46,1,1,4,PLATINUM,663,2
15257132,10767616,sdv-pii-23sgu,590,Germany,Female,29,8,104018.74,1,1,0,190606.46,0,0,2,GOLD,245,1
7863160,6826103,sdv-pii-yudgc,598,France,Female,53,4,145503.61,1,1,0,118972.89,0,0,5,GOLD,986,1
4067400,13799502,sdv-pii-hqspl,704,France,Female,66,2,107384.17,3,1,1,28786.85,1,1,4,PLATINUM,878,2
10589629,819306,sdv-pii-gu29c,635,Germany,Female,31,1,108521.61,1,0,1,84975.0,0,0,5,GOLD,413,1
3199728,9993985,sdv-pii-uhzx9,551,Spain,Male,41,2,119695.85,1,1,1,120341.48,0,0,3,GOLD,399,3
4638898,12907105,sdv-pii-923uh,557,France,Female,45,10,104343.94,3,0,0,53289.23,1,1,3,SILVER,606,2
6126061,3763783,sdv-pii-mkujx,509,France,Male,58,4,92786.63,4,0,1,30093.02,0,1,1,PLATINUM,871,0
9125289,10804603,sdv-pii-lzycn,592,Spain,Female,36,5,139163.38,1,1,1,64273.48,0,0,4,DIAMOND,983,1
15913031,9405413,sdv-pii-78fwc,850,Spain,Male,37,0,92927.44,2,0,0,76019.33,0,0,3,DIAMOND,481,3
588498,13205647,sdv-pii-j2p2s,763,Spain,Female,28,8,0.0,2,1,0,133954.65,0,0,2,PLATINUM,244,1
2020693,11102437,sdv-pii-sdqrx,587,Spain,Male,52,1,117064.27,1,0,0,72604.93,0,0,4,PLATINUM,824,3
9310140,9735232,sdv-pii-kxw8t,562,Spain,Female,40,1,0.0,2,1,0,131618.44,0,0,2,PLATINUM,959,1
14515142,11925727,sdv-pii-ro8jm,625,France,Female,28,8,0.0,2,0,1,35841.4,0,0,2,GOLD,810,1
8112867,15369056,sdv-pii-ho76w,771,Germany,Female,45,8,0.0,2,0,0,63465.75,0,0,4,DIAMOND,307,4
15863337,4464278,sdv-pii-0p0n5,655,France,Female,35,5,120493.53,1,0,1,26477.67,0,0,4,PLATINUM,269,1
1880251,3335851,sdv-pii-t414s,618,France,Female,27,3,0.0,2,0,1,45244.8,0,0,3,DIAMOND,741,1
9149484,3486383,sdv-pii-qmob4,598,Spain,Female,32,8,0.0,2,1,0,21908.44,0,0,2,PLATINUM,307,1
11849425,1553813,sdv-pii-26aca,555,Spain,Male,38,7,86954.29,1,1,1,67610.18,0,0,2,SILVER,472,3
7810820,13673892,sdv-pii-xqa0f,731,France,Female,40,5,126273.04,1,1,0,169065.59,0,0,4,DIAMOND,329,1
7093022,13037386,sdv-pii-mgo24,614,Spain,Female,31,9,0.0,2,1,1,144762.74,0,0,3,SILVER,529,1
16255167,14044176,sdv-pii-t6wmk,694,Spain,Female,67,8,0.0,2,1,0,38207.97,0,0,1,PLATINUM,307,1
4564245,1726036,sdv-pii-4ydwj,649,Germany,Female,25,3,157584.96,1,1,1,30017.2,0,0,3,GOLD,827,1
1768821,5918968,sdv-pii-fa9b5,722,France,Male,28,3,120421.68,1,0,0,47517.73,0,0,2,GOLD,922,0
3474906,13100740,sdv-pii-uiuyz,767,Spain,Male,32,1,168487.83,2,1,1,93146.27,0,0,4,DIAMOND,512,3
14097798,9136733,sdv-pii-0jrhv,676,France,Female,38,3,104139.18,3,0,0,35484.81,1,1,4,PLATINUM,291,2
11972434,6130612,sdv-pii-g8498,762,Spain,Female,44,9,0.0,2,1,1,34719.68,0,0,3,PLATINUM,328,1
7321299,11916752,sdv-pii-idp10,703,France,Female,27,8,134.37,2,1,0,17449.18,0,0,3,SILVER,955,1
10808139,2904610,sdv-pii-92iba,753,Spain,Male,26,1,91126.39,1,1,1,103386.94,0,0,3,DIAMOND,964,3
1427229,10354630,sdv-pii-n4j5u,697,France,Male,43,5,112155.79,1,1,0,111838.38,1,1,3,PLATINUM,809,0
12556252,5920428,sdv-pii-5f5tz,778,France,Female,46,4,106335.58,1,1,1,31615.48,1,1,3,PLATINUM,531,2
2430324,7766602,sdv-pii-f18ea,768,France,Male,24,7,1622.23,2,1,0,78474.64,0,0,3,DIAMOND,422,0
895632,9927267,sdv-pii-m66a5,631,Germany,Male,37,5,163769.02,1,0,1,15060.76,0,0,4,DIAMOND,849,4
15648038,4378009,sdv-pii-xcbii,626,Spain,Female,45,6,0.0,2,1,1,84913.67,1,1,4,PLATINUM,909,2
6000358,306274,sdv-pii-vek93,616,Spain,Male,28,3,0.0,2,0,0,106524.84,0,0,2,DIAMOND,271,3
3300478,7088019,sdv-pii-zkcms,783,Spain,Female,35,8,130053.54,2,0,1,183241.9,0,0,1,GOLD,301,1
10121396,10131678,sdv-pii-mgi5e,575,Spain,Male,26,9,0.0,2,0,1,75721.98,0,0,3,PLATINUM,894,3
752830,14525851,sdv-pii-3vq6k,749,Spain,Male,53,9,123578.11,2,1,0,80779.13,0,0,4,PLATINUM,425,3
1707315,6321544,sdv-pii-ixgah,747,France,Female,34,7,0.0,1,1,0,185063.83,0,1,2,GOLD,426,1
5327242,3716819,sdv-pii-2yv4w,620,France,Male,35,5,0.0,2,0,0,107295.47,0,0,3,SILVER,546,0
16667741,949056,sdv-pii-mrn4s,562,Spain,Male,30,10,72839.4,1,0,0,81972.68,0,0,3,DIAMOND,624,3
13606742,16417278,sdv-pii-6n0q7,556,Spain,Female,29,8,116345.63,1,1,1,104594.01,0,0,4,DIAMOND,431,1
11169903,1254768,sdv-pii-orhbb,692,Germany,Female,26,5,767.63,2,1,0,103152.99,0,0,4,DIAMOND,455,4
1910274,10852228,sdv-pii-1zx5c,807,Spain,Female,27,3,0.0,2,1,0,10716.72,0,0,2,SILVER,951,1
1324522,15569635,sdv-pii-7sjtz,700,Spain,Male,39,9,105997.61,2,0,1,149982.17,0,0,5,PLATINUM,539,3
4863085,8451060,sdv-pii-znff9,506,France,Female,51,2,122295.98,1,0,1,177898.25,0,0,5,PLATINUM,424,1
7129,8699755,sdv-pii-zo738,819,France,Female,27,1,1236.42,2,1,1,48207.77,0,0,5,PLATINUM,443,1
3157727,16187722,sdv-pii-gosxj,634,Spain,Female,50,9,0.0,1,0,0,26479.42,1,1,4,DIAMOND,736,2
11999623,10853481,sdv-pii-4nkgw,700,Germany,Female,50,5,113023.05,1,1,0,104112.17,1,1,4,DIAMOND,484,4
15023042,8118803,sdv-pii-0x5y4,701,Germany,Female,56,8,121041.17,1,1,0,43222.87,1,1,4,DIAMOND,398,4
13563973,1006715,sdv-pii-mbxqe,678,Germany,Female,27,6,145665.7,1,1,0,140578.75,0,1,3,PLATINUM,546,2
718409,6158205,sdv-pii-tehd8,533,Spain,Female,23,5,145736.63,2,1,1,63286.15,0,0,5,DIAMOND,718,1
15979906,14108097,sdv-pii-lw8yd,780,Spain,Female,32,3,159380.36,1,1,1,14364.64,0,0,3,DIAMOND,661,1
1265265,16767362,sdv-pii-tzcww,529,France,Female,31,10,128572.84,1,1,0,131382.29,0,1,3,DIAMOND,748,2
9694767,15847365,sdv-pii-4hv0q,733,Germany,Female,60,6,123234.37,1,1,0,39470.17,1,1,3,DIAMOND,486,4
8194429,15647719,sdv-pii-y7ddi,840,France,Female,31,7,1140.93,2,0,0,120882.05,0,0,1,PLATINUM,534,1
9398440,15752592,sdv-pii-bymrc,559,France,Male,37,3,663.07,2,1,0,147035.57,0,0,4,PLATINUM,817,0
1402969,14285965,sdv-pii-lfjdl,619,Germany,Female,24,1,132626.75,2,0,0,171872.99,0,0,3,PLATINUM,583,1
2396018,13187990,sdv-pii-ptjmr,531,Germany,Female,50,8,116982.42,1,0,0,96067.2,1,1,1,DIAMOND,711,4
734729,5340671,sdv-pii-tzsim,789,France,Female,47,1,123187.63,3,1,1,131909.98,1,1,1,SILVER,955,2
8611998,7704474,sdv-pii-dafcx,597,Germany,Male,51,8,102683.79,1,0,0,87872.95,0,0,1,DIAMOND,242,4
6434774,9408525,sdv-pii-u7s8d,570,Germany,Female,44,5,107991.27,1,1,0,42638.24,0,0,2,DIAMOND,549,4
15014323,10694945,sdv-pii-p30kb,570,Spain,Male,33,3,0.0,2,0,1,12254.78,0,0,3,DIAMOND,576,3
12399655,12340246,sdv-pii-njxro,572,Germany,Female,38,6,0.0,2,1,1,104665.9,0,0,1,PLATINUM,308,1
3400964,13270193,sdv-pii-ap6r5,764,Spain,Female,27,2,0.0,2,0,0,147047.61,0,0,3,SILVER,432,1
10252531,8030994,sdv-pii-3zugr,714,Germany,Female,55,8,115027.87,1,0,0,69826.87,0,1,3,SILVER,941,2
12389028,14648771,sdv-pii-4nhvp,771,France,Male,49,5,120400.94,1,0,0,82881.69,1,1,2,DIAMOND,778,0
8882973,9022353,sdv-pii-izz9a,513,France,Male,77,7,103511.33,2,1,0,80406.55,1,1,1,SILVER,723,0
3764741,7447327,sdv-pii-v965h,560,Spain,Male,31,8,0.0,2,0,1,14342.3,0,0,1,DIAMOND,308,3
122050,6641155,sdv-pii-nusfe,699,Germany,Female,49,7,106655.28,1,0,0,87606.86,0,0,3,GOLD,472,1
8306876,16417776,sdv-pii-5qmqd,734,Germany,Male,36,8,100641.97,2,1,0,132466.98,0,1,2,PLATINUM,943,0
3397289,13657671,sdv-pii-tixlw,716,France,Male,68,3,106853.82,3,0,0,30179.4,1,1,4,PLATINUM,348,0
10410718,2864647,sdv-pii-8c3yd,481,France,Female,46,8,134908.42,1,1,0,166991.83,1,1,2,SILVER,526,2
487061,1136696,sdv-pii-m8v8m,767,Germany,Female,56,4,96065.2,1,0,0,117442.99,0,0,4,DIAMOND,647,4
3103264,14437917,sdv-pii-xe9vh,532,France,Female,39,8,118111.98,1,1,0,103710.76,1,1,3,GOLD,371,2
16034851,3237830,sdv-pii-h5774,849,Germany,Male,56,7,100314.55,2,1,0,87962.38,0,0,5,DIAMOND,285,4
7193335,11054532,sdv-pii-j6fck,751,France,Female,25,5,0.0,2,1,0,46512.75,0,0,2,GOLD,829,1
15986683,14296187,sdv-pii-xkhe0,686,Spain,Female,27,5,128506.03,1,0,1,135446.25,0,0,1,PLATINUM,887,1
4461058,11784746,sdv-pii-hpif6,556,France,Female,45,5,108927.82,1,0,1,193992.82,1,1,4,PLATINUM,399,2
3193892,15473301,sdv-pii-ev2me,563,Germany,Female,31,8,162657.82,2,1,0,58312.33,0,0,3,PLATINUM,791,1
2043708,10688452,sdv-pii-qsmm3,641,France,Male,31,9,393.96,2,1,1,93375.55,0,0,3,PLATINUM,243,0
9004229,3309515,sdv-pii-wm3og,576,Spain,Female,42,6,112100.5,2,0,0,83788.47,0,0,5,PLATINUM,874,1
15675725,4757719,sdv-pii-hndqb,558,Spain,Male,42,5,235.5,2,1,0,147125.43,0,0,3,DIAMOND,467,3
6827587,14352259,sdv-pii-zv2le,843,France,Male,64,8,108049.22,1,0,0,60330.12,1,1,4,PLATINUM,429,0
4061224,5810474,sdv-pii-360ve,568,Spain,Male,39,5,0.0,2,1,0,172740.79,0,0,3,DIAMOND,994,3
12052886,122430,sdv-pii-n26a8,606,Germany,Female,54,3,109756.3,2,0,0,109629.69,0,0,3,PLATINUM,647,1
1631747,6695067,sdv-pii-wahcn,682,France,Female,64,1,121583.22,2,1,0,131181.68,1,1,1,DIAMOND,307,2
3091320,4566178,sdv-pii-mh3cp,571,Spain,Male,47,6,0.0,2,0,0,819.99,0,0,5,PLATINUM,813,3
12973377,1479976,sdv-pii-p5gxi,522,Germany,Female,47,6,129594.39,1,0,1,92960.32,1,1,1,SILVER,266,2
12325536,6608805,sdv-pii-1uz5n,734,France,Male,42,5,1356.96,2,0,1,94902.88,1,1,3,PLATINUM,335,0
12090620,4043855,sdv-pii-e1zvz,738,Spain,Female,67,2,74276.11,2,1,0,113147.02,0,0,3,PLATINUM,331,1
7564376,11256385,sdv-pii-vq0rz,694,Spain,Female,30,10,109411.27,1,1,0,77242.44,0,0,2,SILVER,415,1
8307383,7719974,sdv-pii-zq132,559,France,Female,53,9,120202.54,1,0,1,90777.61,1,1,5,DIAMOND,772,2
3265591,8348687,sdv-pii-d0626,813,Spain,Male,33,0,115103.83,2,1,0,164917.32,0,0,1,SILVER,429,3
2341787,11604193,sdv-pii-irvps,711,Germany,Female,62,5,120752.74,3,0,0,39049.0,1,1,4,GOLD,850,2
7241733,2115484,sdv-pii-r8m4h,546,Spain,Female,28,7,133240.88,2,1,0,89942.61,0,0,3,DIAMOND,838,1
10244629,1407958,sdv-pii-d7pk2,552,France,Male,60,9,1336.89,1,0,1,51187.51,0,0,3,DIAMOND,758,0
7418920,13232163,sdv-pii-osozu,607,Spain,Female,52,6,101317.46,2,1,1,172924.81,0,0,2,DIAMOND,281,1
7990775,6314075,sdv-pii-gahrt,670,Spain,Male,48,2,0.0,2,1,0,78403.81,0,0,2,SILVER,811,3
242291,8108841,sdv-pii-552si,492,Germany,Male,52,4,134707.9,1,1,1,72134.69,0,0,3,DIAMOND,774,4
7868499,14019259,sdv-pii-m7av0,563,France,Male,47,2,629.67,2,1,0,182834.07,0,0,2,SILVER,322,0
5660588,1821089,sdv-pii-5urjh,710,France,Female,60,8,152857.09,3,0,0,133617.34,1,1,5,GOLD,492,2
7262659,16519154,sdv-pii-e5axq,850,Spain,Female,22,6,0.0,2,1,0,73660.45,0,0,3,GOLD,260,1
11697273,1726076,sdv-pii-4aqqd,550,France,Female,28,4,0.0,2,0,1,188343.52,0,0,3,GOLD,654,1
4795052,9601458,sdv-pii-wdpbl,767,Spain,Female,62,5,132956.28,1,1,0,132167.61,0,0,4,DIAMOND,448,1
5488798,14618901,sdv-pii-tpd84,840,Germany,Female,51,3,119892.41,1,1,1,41101.27,0,0,2,PLATINUM,879,1
12446307,2295344,sdv-pii-az4za,496,France,Male,50,3,156035.21,1,1,0,184037.09,1,1,3,PLATINUM,657,0
10974212,6318596,sdv-pii-v3nij,522,France,Male,48,3,143090.92,3,0,0,66268.22,1,1,4,DIAMOND,766,0
15180792,16036627,sdv-pii-2qsq3,591,Spain,Female,32,8,105778.46,1,0,0,111412.84,0,0,2,SILVER,530,1
4848269,1227748,sdv-pii-95qw3,752,Germany,Female,70,10,122698.3,1,1,1,67348.83,0,0,1,GOLD,386,1
5343443,15953885,sdv-pii-nwgfw,688,Spain,Male,31,9,0.0,2,0,1,33200.02,0,0,2,PLATINUM,240,3
8949194,11263995,sdv-pii-1ban4,699,Spain,Male,35,9,0.0,2,0,0,120177.46,0,0,2,GOLD,721,3
106573,5035616,sdv-pii-5svrt,772,Spain,Female,24,3,140073.82,1,0,0,11.58,0,0,3,DIAMOND,458,1
2212545,9838956,sdv-pii-tczc2,780,Spain,Male,41,6,104.25,2,0,0,13476.5,0,0,3,DIAMOND,709,3
4303275,10505401,sdv-pii-vplq5,464,Spain,Male,19,7,0.0,2,1,0,67546.96,0,0,5,PLATINUM,393,3
7033702,15006920,sdv-pii-ka13d,674,Spain,Female,24,7,0.0,2,1,1,29227.38,0,0,4,SILVER,308,1
15406836,13831330,sdv-pii-f6zh6,575,France,Female,33,9,0.0,2,1,0,84467.54,0,0,2,DIAMOND,431,1
9513123,15397568,sdv-pii-cyc15,663,Spain,Female,37,1,114061.35,1,1,1,186669.26,0,0,1,SILVER,481,1
14032976,10822600,sdv-pii-6s3aq,751,Spain,Male,25,5,0.0,2,1,0,124002.31,0,0,3,GOLD,540,3
3027089,16490634,sdv-pii-vhl5c,559,Spain,Male,55,1,127128.11,2,1,1,38759.09,0,0,5,SILVER,834,3
495282,867072,sdv-pii-pwm7n,701,Spain,Male,31,4,0.0,2,0,1,45686.9,0,0,2,PLATINUM,519,3
15073124,7634696,sdv-pii-8viys,741,Germany,Male,31,1,140248.65,1,1,0,174358.44,0,0,4,DIAMOND,537,4
14474297,4607204,sdv-pii-6puc1,803,France,Male,44,5,128385.74,1,0,0,175201.02,1,1,3,GOLD,425,0
11791921,4115366,sdv-pii-71jlj,596,Germany,Female,43,4,95744.65,1,0,0,123805.68,0,0,2,DIAMOND,938,4
900463,11658938,sdv-pii-ndk58,563,France,Female,34,5,0.0,2,1,0,86491.22,0,0,1,PLATINUM,551,1
16318609,11533758,sdv-pii-kxvkx,538,France,Female,47,2,381.68,3,0,1,88717.31,1,1,4,PLATINUM,989,2
13730006,2261004,sdv-pii-af2uo,641,France,Female,36,2,0.0,2,1,1,69273.94,0,0,3,SILVER,272,1
15040421,12423140,sdv-pii-84fcu,571,Germany,Female,27,8,135879.88,1,1,0,136532.33,0,0,4,PLATINUM,811,1
2900905,7694999,sdv-pii-du0kg,794,Germany,Male,30,9,107828.86,1,0,0,6987.03,0,0,2,GOLD,274,0
4836049,853386,sdv-pii-04bdu,503,Germany,Female,58,8,85518.39,2,1,1,48094.28,0,0,3,PLATINUM,690,1
4998955,11409411,sdv-pii-him99,539,Spain,Male,51,3,113264.76,2,0,1,77200.94,1,1,5,PLATINUM,954,3
9844284,1390623,sdv-pii-hwxsd,682,France,Female,39,4,115129.52,3,0,0,125688.58,1,1,5,DIAMOND,752,2
13035433,10837077,sdv-pii-k3xzf,621,Spain,Male,38,5,0.0,2,1,0,14870.96,0,0,4,DIAMOND,418,3
16440456,5767039,sdv-pii-d8e0c,542,Spain,Male,25,8,130553.53,2,1,0,167263.97,0,0,3,DIAMOND,271,3
11536789,7508622,sdv-pii-teqb2,648,France,Female,43,9,0.0,2,0,0,137617.91,0,0,4,DIAMOND,260,1
3199347,3886709,sdv-pii-5qwr6,613,France,Female,42,9,121726.59,1,0,1,24393.62,1,1,5,PLATINUM,303,2
15861890,6037409,sdv-pii-18epg,561,France,Female,22,5,133540.14,2,1,0,64560.45,0,0,4,PLATINUM,389,1
10278109,16307091,sdv-pii-9bqfg,697,France,Male,46,5,109743.88,4,0,0,168723.46,1,1,2,DIAMOND,465,0
11252607,4953572,sdv-pii-qp4ur,680,Germany,Female,56,8,111155.72,4,0,0,55559.84,1,1,3,PLATINUM,327,2
7502458,11353890,sdv-pii-66x4i,594,France,Female,40,7,130319.33,1,1,0,86723.54,0,1,2,SILVER,836,2
9647849,3795309,sdv-pii-6uban,846,France,Male,26,9,0.0,2,1,0,103010.6,0,0,3,SILVER,336,0
1582462,9143667,sdv-pii-ry2gj,567,Spain,Female,33,8,261.02,2,1,1,60350.28,0,0,3,PLATINUM,954,1
6389488,10655776,sdv-pii-zi8hf,582,Spain,Male,67,8,127632.43,1,1,0,88463.44,0,0,3,GOLD,947,3
13726980,11249352,sdv-pii-mw7x5,574,Spain,Male,39,8,0.0,4,0,1,71986.45,1,1,2,DIAMOND,496,3
3601258,7349582,sdv-pii-v5hj0,683,France,Male,34,5,145223.24,1,0,1,55582.64,0,0,3,GOLD,601,0
15409970,10661312,sdv-pii-pud6c,529,France,Female,50,8,147764.64,1,0,0,111344.4,1,1,4,PLATINUM,578,2
4141054,7751142,sdv-pii-a62lv,621,France,Female,39,8,98438.64,3,0,0,151316.58,1,1,5,PLATINUM,305,2
7223125,12962911,sdv-pii-2pr5f,768,Spain,Female,34,1,102640.38,2,1,0,153380.18,1,1,4,PLATINUM,802,2
8564642,9566753,sdv-pii-rmzdj,635,France,Male,35,8,0.0,2,1,0,174926.68,0,0,3,PLATINUM,796,0
16188572,3449169,sdv-pii-vul51,693,France,Female,31,2,107902.88,2,1,0,24834.17,0,0,3,PLATINUM,898,1
2264043,1654939,sdv-pii-t33eg,745,Spain,Female,33,9,0.0,2,1,1,5128.83,0,0,3,DIAMOND,339,1
2955324,5381586,sdv-pii-eydme,676,France,Female,44,3,122005.0,1,1,0,143548.16,0,0,1,PLATINUM,438,1
8126349,12918060,sdv-pii-dr0y1,522,France,Female,34,3,128503.88,1,0,0,98818.17,0,0,3,DIAMOND,849,1
6697717,2227146,sdv-pii-x6zhk,631,Spain,Male,30,9,0.0,2,0,0,56330.28,0,0,5,PLATINUM,559,3
13916601,4826357,sdv-pii-5kmdt,594,Spain,Female,33,8,0.0,2,0,0,63132.51,0,0,3,DIAMOND,837,1
12574487,13630320,sdv-pii-i41ru,635,Spain,Male,36,7,80624.27,2,1,0,57288.65,0,0,3,DIAMOND,543,3
10916474,1112454,sdv-pii-ecyqm,526,Germany,Female,24,8,0.0,1,0,0,138377.62,0,0,1,PLATINUM,901,1
681448,2904502,sdv-pii-4t2e7,850,France,Female,22,6,151276.52,1,1,0,3414.61,0,0,5,PLATINUM,594,1
3235682,11474238,sdv-pii-u055r,642,Spain,Female,51,6,115865.95,2,0,1,17890.1,0,0,2,DIAMOND,1000,1
3342768,4052793,sdv-pii-m8afe,697,Spain,Male,38,10,423.72,2,0,0,137913.75,0,0,1,PLATINUM,848,3
13746158,9057301,sdv-pii-aiq6y,515,Germany,Female,56,3,102383.6,1,0,0,42834.57,0,1,4,DIAMOND,384,4
9245679,15001326,sdv-pii-1ew1f,712,Spain,Male,36,5,223.12,2,1,0,118985.58,0,0,4,DIAMOND,426,3
5366396,9532142,sdv-pii-i5c4q,784,France,Female,34,2,0.0,1,0,1,70623.9,0,0,1,SILVER,793,1
9698564,8169761,sdv-pii-8pg34,536,Spain,Female,42,7,0.0,2,0,1,94529.13,0,0,5,DIAMOND,1000,1
803200,12949687,sdv-pii-1nzhs,698,France,Female,27,8,0.0,2,0,1,48066.63,0,0,1,PLATINUM,754,1
8551205,3816490,sdv-pii-obtin,756,Spain,Female,36,8,0.0,2,1,0,124915.12,0,0,3,SILVER,364,1
478054,16557209,sdv-pii-o7422,587,Spain,Female,53,9,130056.32,1,1,1,145020.98,0,0,3,GOLD,403,1
1554979,11973984,sdv-pii-no8q4,577,Spain,Female,44,6,1010.24,2,0,0,31425.37,0,0,4,PLATINUM,672,1
6237650,4649163,sdv-pii-fgw7f,555,Germany,Male,65,7,133460.0,2,0,0,147325.84,0,0,4,GOLD,631,0
6879989,9912172,sdv-pii-49e7c,524,Germany,Female,35,8,141639.07,3,1,0,17826.59,1,1,4,PLATINUM,727,2
14871746,7346785,sdv-pii-nw49r,661,France,Female,38,5,132939.3,2,0,1,29335.71,0,0,3,DIAMOND,811,1
13810466,10551984,sdv-pii-ri47g,762,Germany,Male,27,3,132596.23,2,1,0,26619.88,0,0,3,PLATINUM,248,0
2334291,3110381,sdv-pii-z02xi,547,France,Male,41,3,92217.15,2,1,0,83851.12,0,0,4,GOLD,470,0
962712,12832062,sdv-pii-wlznv,774,Germany,Female,26,7,102291.17,2,0,1,62077.89,0,0,3,DIAMOND,363,4
9994080,15463881,sdv-pii-tgl7u,782,Germany,Female,21,9,105145.44,2,1,1,87104.09,0,0,1,PLATINUM,497,1
3162617,2719751,sdv-pii-sogl9,474,Germany,Female,40,1,124896.34,1,0,0,27215.56,0,0,3,DIAMOND,285,4
10038561,12006685,sdv-pii-hbj8x,751,Germany,Female,56,3,0.0,1,0,1,66154.92,1,1,4,SILVER,491,2
8124992,13999437,sdv-pii-nuruw,573,France,Male,64,1,1767.9,2,0,0,175419.27,0,0,1,SILVER,655,0
1309999,2618298,sdv-pii-b005d,522,France,Female,56,8,451.24,1,1,0,10250.02,1,1,5,SILVER,850,2
16249532,4934159,sdv-pii-irgpa,805,Germany,Male,25,1,119448.27,2,1,0,118343.52,0,0,3,DIAMOND,590,4
9763869,14893590,sdv-pii-ahix6,573,France,Male,28,4,0.0,3,1,1,174128.79,1,1,2,PLATINUM,421,0
14876679,13650727,sdv-pii-r3vgx,688,Spain,Male,58,8,151583.41,1,1,0,28991.41,1,1,5,PLATINUM,886,3
8205104,6945219,sdv-pii-xsjcs,719,France,Female,55,2,127532.73,3,0,1,130389.01,1,1,1,DIAMOND,906,2
10283881,5936747,sdv-pii-h73xu,626,France,Female,65,8,0.0,2,0,0,20018.96,1,1,2,SILVER,366,2
12318444,10043248,sdv-pii-z0msj,568,Spain,Male,23,2,141092.38,2,1,0,98818.5,0,0,1,SILVER,978,3
2820900,10522380,sdv-pii-0jaj9,551,Spain,Female,45,10,0.0,1,1,0,6361.32,0,0,4,DIAMOND,884,1
10680340,8715166,sdv-pii-4iztt,583,France,Male,39,7,0.0,2,0,1,140371.05,0,0,3,PLATINUM,898,0
5093429,16623833,sdv-pii-8ta8x,672,Germany,Male,46,4,131274.55,1,0,0,44596.07,1,1,3,PLATINUM,446,0
12095131,4430723,sdv-pii-calp8,524,France,Female,50,5,129302.12,1,1,0,161759.61,0,0,1,SILVER,847,1
3620291,2445008,sdv-pii-skxox,703,Germany,Female,33,8,120367.7,1,1,0,198940.37,0,0,1,SILVER,263,1
4678868,371789,sdv-pii-hg3ym,559,France,Female,78,2,49.27,2,0,0,84945.18,1,1,5,PLATINUM,553,2
12587865,13104180,sdv-pii-he3y9,573,Spain,Male,40,2,144081.85,1,1,1,77173.16,0,0,4,DIAMOND,807,3
13324105,7482528,sdv-pii-330ly,670,Spain,Female,31,6,0.0,2,0,1,117893.22,0,0,5,PLATINUM,786,1
3069242,7384361,sdv-pii-cm5xa,733,Germany,Female,38,5,120388.89,1,0,1,54090.81,1,0,4,DIAMOND,677,4
14409036,10948185,sdv-pii-irv17,533,Germany,Female,58,5,131368.8,1,0,0,127640.78,1,1,4,PLATINUM,288,2
1725118,14364722,sdv-pii-sxjyp,750,Spain,Female,49,8,131317.3,1,0,1,15367.03,1,1,3,SILVER,863,2
7982259,5189113,sdv-pii-1f24w,769,Spain,Male,29,8,0.0,2,1,0,3667.68,0,0,4,PLATINUM,407,3
12529184,15496953,sdv-pii-nsdrw,687,Germany,Female,52,6,158356.98,2,1,0,65364.95,1,0,2,GOLD,936,4
12868544,16759144,sdv-pii-2r8du,580,Germany,Male,67,3,116455.14,1,0,1,161068.62,1,1,4,SILVER,310,0
5276788,4130010,sdv-pii-vfu5m,618,Spain,Female,55,5,128715.91,2,1,0,151499.55,0,0,4,PLATINUM,677,1
2835826,3441792,sdv-pii-fnt45,521,Spain,Female,28,3,142541.96,2,1,0,91096.21,0,0,5,DIAMOND,791,1
3145556,2938568,sdv-pii-1v4ws,621,Spain,Female,25,1,1191.92,2,1,1,74370.98,0,0,3,DIAMOND,710,1
10554050,6951805,sdv-pii-ec81h,622,Germany,Male,29,5,0.0,2,1,1,11.58,0,0,2,SILVER,765,0
13498024,4975334,sdv-pii-95dxh,588,Germany,Male,70,5,0.0,1,1,0,103130.52,0,1,3,DIAMOND,508,4
9066603,14091611,sdv-pii-kdx5j,690,Spain,Male,35,8,0.0,2,0,0,15534.6,1,1,4,PLATINUM,686,3
3041489,14019086,sdv-pii-1hyz9,698,France,Male,29,6,0.0,2,0,0,16100.25,0,0,3,PLATINUM,913,0
3481327,2200877,sdv-pii-fhxli,850,Germany,Female,53,8,111809.14,3,1,1,45119.5,1,1,4,PLATINUM,606,2
1010091,4942100,sdv-pii-sdkad,550,Spain,Female,29,7,0.0,2,0,1,186621.24,0,0,3,SILVER,777,1
1724380,9540276,sdv-pii-9z8p8,665,France,Female,32,2,180.34,1,0,0,166792.72,0,0,4,PLATINUM,771,1
2332365,2011864,sdv-pii-a1lfg,616,Spain,Male,28,4,0.0,2,1,0,44207.69,0,0,5,GOLD,488,3
11410837,6928786,sdv-pii-dti1o,575,Spain,Female,43,4,137380.0,3,1,1,50309.54,1,1,3,PLATINUM,798,2
4874743,11056872,sdv-pii-8lau0,702,Spain,Female,42,6,0.0,2,0,0,143649.92,0,0,5,PLATINUM,492,1
7131662,8236978,sdv-pii-rej2l,808,Spain,Male,37,6,86424.27,4,0,0,24208.19,1,1,5,DIAMOND,546,3
10892616,13718676,sdv-pii-13r6p,700,Spain,Male,53,8,108608.16,4,0,0,78371.71,1,1,1,DIAMOND,914,3
5959034,12424877,sdv-pii-46rzo,530,France,Female,48,1,152851.99,2,1,0,75757.17,1,1,2,DIAMOND,333,2
14638462,9260988,sdv-pii-13h3e,666,Spain,Female,45,5,0.0,1,0,0,62290.82,1,0,5,GOLD,599,1
4446046,12608095,sdv-pii-fovou,579,Spain,Female,50,5,0.0,2,0,0,70086.58,0,0,2,PLATINUM,823,1
2924066,6416542,sdv-pii-a630c,738,Germany,Female,69,4,135660.38,2,1,0,81190.16,0,0,2,PLATINUM,636,1
4993908,14343611,sdv-pii-0ahkf,764,France,Male,28,5,0.0,2,1,1,29631.14,0,0,2,PLATINUM,925,0
3924973,3319275,sdv-pii-vayf2,691,Germany,Female,33,8,133774.61,2,1,0,84131.3,0,0,5,SILVER,765,1
1400533,2897382,sdv-pii-a3z5c,626,France,Male,64,8,127887.9,2,0,1,43709.71,1,0,2,DIAMOND,420,0
4901737,11962055,sdv-pii-tmvxm,533,Germany,Male,50,6,72942.23,4,1,1,57382.74,1,1,2,SILVER,413,0
9190832,414618,sdv-pii-iyp2t,589,Spain,Male,29,2,0.0,2,1,0,137763.7,0,0,5,PLATINUM,505,3
16088286,12581296,sdv-pii-ew078,804,Spain,Male,22,8,75126.33,2,0,0,31892.03,0,0,2,GOLD,253,3
10051720,13494528,sdv-pii-j6juu,693,France,Male,51,1,0.0,2,0,1,154173.83,0,0,5,DIAMOND,647,0
8553090,11557922,sdv-pii-zlr7z,769,Spain,Female,31,1,0.0,2,1,0,193721.96,0,0,3,PLATINUM,752,1
12207982,13209727,sdv-pii-wiup7,710,Spain,Female,29,10,124739.72,2,1,1,172478.51,0,0,5,DIAMOND,277,1
1353117,6104001,sdv-pii-nadcp,573,Germany,Female,40,8,770.09,2,0,0,59655.24,0,0,2,PLATINUM,377,1
11550604,14799502,sdv-pii-nv4sq,681,Spain,Female,47,10,144436.98,3,0,1,149839.69,1,1,4,PLATINUM,837,2
7134885,3290650,sdv-pii-x3sc7,819,Germany,Female,43,8,132444.01,1,1,0,137361.55,0,0,2,DIAMOND,340,4
15837919,8143312,sdv-pii-odej5,663,Germany,Female,45,8,104564.03,2,1,0,10281.37,0,0,3,GOLD,533,1
6121911,15508076,sdv-pii-dc9ul,592,Germany,Female,51,6,130770.2,1,1,1,4466.94,1,1,2,DIAMOND,631,4
1616580,2190586,sdv-pii-q75ld,636,France,Male,61,1,1087.93,3,0,0,156583.83,1,1,3,PLATINUM,420,0
3059272,13023236,sdv-pii-v2fcw,747,Spain,Female,64,9,138273.04,3,1,0,176113.04,1,1,5,PLATINUM,418,2
4565973,1893018,sdv-pii-e1jhz,664,Spain,Female,60,5,115125.58,3,1,0,56262.77,1,1,5,GOLD,543,2
6083408,11672683,sdv-pii-smpej,628,France,Female,45,10,132435.46,3,0,0,40982.58,1,1,3,GOLD,404,2
5622130,10954099,sdv-pii-66pl3,771,Germany,Male,40,2,0.0,2,1,0,63098.01,0,0,3,PLATINUM,496,0
7117782,13877463,sdv-pii-w8qmw,648,France,Female,27,2,112674.29,2,1,1,28975.66,0,0,5,SILVER,956,1
3937701,1740152,sdv-pii-cns6a,600,Germany,Female,48,10,60727.48,1,1,1,59971.98,0,0,3,DIAMOND,743,4
14076212,12334225,sdv-pii-z23ll,672,Spain,Female,68,9,109805.86,1,0,0,145924.97,0,0,2,PLATINUM,942,1
9108463,1966208,sdv-pii-nk4i3,656,France,Female,27,4,0.0,2,0,0,51841.23,0,0,3,PLATINUM,296,1
8580177,16478283,sdv-pii-ke19y,776,France,Female,51,8,118685.53,1,1,0,101754.79,1,1,3,GOLD,396,2
4537738,8779356,sdv-pii-stlsq,640,Germany,Female,39,3,0.0,2,0,1,120433.51,0,1,5,SILVER,742,2
16678401,14152219,sdv-pii-7b5nv,806,Spain,Male,37,9,0.0,2,1,1,92807.58,0,0,3,DIAMOND,302,3
4140616,15999588,sdv-pii-q7mqa,508,France,Male,66,9,862.08,2,1,1,185263.5,0,0,3,PLATINUM,879,0
8560166,5482845,sdv-pii-9uwfo,714,Spain,Female,35,9,94735.24,1,0,1,169752.18,0,0,3,GOLD,440,1
9338884,10071755,sdv-pii-2meyu,652,Germany,Female,32,1,137514.23,1,1,0,185416.18,0,0,2,SILVER,266,1
9145287,5955964,sdv-pii-m9vuq,689,Spain,Female,35,9,120234.87,2,1,1,136058.22,0,0,3,DIAMOND,258,1
5557991,1893724,sdv-pii-iwojr,549,France,Male,38,1,0.0,2,0,1,26004.4,0,0,5,GOLD,395,0
2155666,6666577,sdv-pii-6stm7,708,Spain,Male,32,9,134642.03,1,1,0,56000.92,0,0,3,SILVER,811,3
5554854,14020900,sdv-pii-di8w5,514,Spain,Female,25,9,118809.02,2,1,1,17356.33,0,0,5,PLATINUM,735,1
15393219,12151167,sdv-pii-nvdvu,535,Germany,Male,36,3,94159.28,3,0,0,33006.03,1,1,1,SILVER,378,0
399726,5384233,sdv-pii-a4try,603,Spain,Male,47,6,675.91,1,0,1,130174.0,0,0,4,DIAMOND,326,3
11419248,12559201,sdv-pii-9luca,677,Germany,Female,48,8,158066.7,3,0,0,99798.67,1,1,3,DIAMOND,954,4
526126,6827273,sdv-pii-vgzou,681,Germany,Female,24,2,141996.2,1,1,0,95019.39,0,0,3,SILVER,654,1
6375437,648456,sdv-pii-15230,677,Germany,Female,32,9,0.0,1,0,0,93319.78,0,0,4,SILVER,677,1
3240095,2835057,sdv-pii-ky5mr,586,Spain,Male,31,8,124999.5,2,0,0,178961.37,0,0,3,DIAMOND,685,3
988343,7189542,sdv-pii-f5fzy,617,Spain,Female,34,9,972.35,2,0,1,131347.32,0,0,3,PLATINUM,726,1
1947938,4483425,sdv-pii-vpsqb,647,France,Female,43,8,107372.0,3,0,0,117636.9,1,1,5,DIAMOND,667,2
12970091,7609880,sdv-pii-uhoki,573,Germany,Male,44,8,135402.25,1,1,0,91020.08,1,1,5,DIAMOND,852,4
2548212,6309251,sdv-pii-kuwd0,540,Spain,Female,57,8,146536.22,1,0,0,65283.27,1,1,1,SILVER,896,2
15537227,15245508,sdv-pii-8niwy,587,Germany,Female,45,9,100858.89,1,0,0,150989.68,1,1,3,GOLD,659,2
9962211,2601325,sdv-pii-2r87y,793,France,Male,39,5,0.0,2,1,1,65826.45,0,0,5,PLATINUM,830,0
15203966,8632670,sdv-pii-jsxwu,481,Spain,Female,35,3,0.0,2,1,1,95579.36,0,0,3,PLATINUM,494,1
14556947,2309791,sdv-pii-07qh5,487,France,Male,39,0,135.58,2,1,0,97447.52,0,0,3,PLATINUM,611,0
16575157,16071657,sdv-pii-2nbky,602,Spain,Male,53,9,131433.02,2,1,0,88293.82,0,0,3,GOLD,847,3
10710809,13771654,sdv-pii-by8zp,779,France,Female,48,8,139581.88,2,1,1,120534.23,0,0,4,GOLD,909,1
9827457,14674307,sdv-pii-liqf0,785,Spain,Female,31,9,141107.11,2,1,0,85653.99,0,0,4,SILVER,957,1
10400122,8897921,sdv-pii-po3wu,642,Spain,Male,27,6,121423.57,2,1,1,95749.73,0,0,2,GOLD,298,3
12068152,821488,sdv-pii-z6h4b,789,France,Male,49,6,0.0,2,1,1,122929.38,0,0,3,PLATINUM,613,0
6807368,321937,sdv-pii-qbxe3,517,France,Male,44,5,0.0,2,0,0,173234.61,0,0,3,PLATINUM,801,0
4041758,431901,sdv-pii-1wt51,599,France,Female,43,3,123249.47,1,1,0,91771.66,1,1,5,SILVER,451,2
11497139,7400104,sdv-pii-ya2q6,541,Spain,Female,57,8,0.0,1,1,0,37656.81,1,1,5,SILVER,672,2
5164968,7522618,sdv-pii-u8d7r,804,Spain,Male,25,7,0.0,2,1,0,46263.55,0,0,5,GOLD,440,3
1677675,11620664,sdv-pii-86iht,664,Germany,Female,40,4,123523.65,1,1,0,166457.74,1,1,3,PLATINUM,575,2
6796561,10325158,sdv-pii-d95ej,738,Spain,Female,54,8,927.28,2,1,1,18399.53,0,0,4,DIAMOND,502,1
16481842,16358387,sdv-pii-7ncyl,607,Germany,Female,60,9,131277.71,1,0,1,144350.77,0,0,2,SILVER,638,1
9119425,15306543,sdv-pii-olfnk,759,France,Male,59,2,108995.58,3,0,0,88933.12,1,1,4,DIAMOND,365,0
5953369,3648721,sdv-pii-s87k2,688,France,Male,40,10,142621.83,1,1,0,132780.96,1,1,1,GOLD,832,0
3863327,6828193,sdv-pii-4hq8g,585,Spain,Female,57,3,116107.06,1,1,1,82201.3,1,1,3,GOLD,526,2
13976895,14057792,sdv-pii-sjbcr,687,Germany,Female,46,9,110443.31,1,0,0,186501.91,0,0,4,DIAMOND,933,4
12086227,2911321,sdv-pii-sbitl,652,France,Female,48,6,134852.46,2,0,0,79398.75,1,1,3,GOLD,504,2
5356138,13770485,sdv-pii-mciwg,505,France,Female,28,2,1096.53,2,0,1,79199.97,0,0,4,PLATINUM,568,1
11114866,1226582,sdv-pii-03otv,805,France,Female,42,3,112173.85,3,0,0,43260.87,1,1,2,DIAMOND,548,2
12403772,8558245,sdv-pii-aotag,551,Spain,Male,38,8,123268.53,3,0,0,56515.69,1,1,3,DIAMOND,783,3
5276389,12656533,sdv-pii-y0ndd,612,Spain,Male,30,9,888.3,2,1,1,107841.72,0,0,3,GOLD,722,3
3331990,1963745,sdv-pii-a2bjk,561,Germany,Female,39,8,120089.24,1,0,0,62603.55,1,1,2,SILVER,514,2
12033606,7668729,sdv-pii-ganzu,667,Germany,Female,68,9,135708.43,2,0,0,167032.37,0,0,3,GOLD,392,1
9216449,14985151,sdv-pii-8x4mh,518,Spain,Female,45,2,467.8,2,1,0,76016.31,0,0,2,PLATINUM,613,1
15799425,14148876,sdv-pii-ks3l1,723,Germany,Female,46,6,135446.9,1,0,1,72834.93,1,1,4,GOLD,609,2
9255322,5198692,sdv-pii-lo0zn,602,France,Female,29,8,1123.63,2,1,0,140160.39,0,0,3,GOLD,456,1
4464908,2589167,sdv-pii-sttw6,543,France,Female,54,4,130910.22,2,1,0,137295.55,1,1,2,PLATINUM,481,2
16691823,5864446,sdv-pii-q6soz,528,Germany,Male,46,9,124377.37,1,1,0,161210.0,0,0,4,DIAMOND,360,4
9238829,13262340,sdv-pii-b32vk,597,Spain,Female,20,1,130538.1,2,1,0,93322.06,0,0,5,DIAMOND,808,1
4747510,13945397,sdv-pii-2flzu,554,Germany,Female,35,6,138816.44,3,1,0,100385.61,1,1,3,DIAMOND,470,4
8736951,1340232,sdv-pii-hw9hi,532,France,Female,40,4,0.0,2,1,0,177856.68,0,0,3,PLATINUM,389,1
11153070,9324894,sdv-pii-s5nqk,650,France,Female,27,8,0.0,2,1,1,128470.46,0,0,3,SILVER,522,1
15146711,9274555,sdv-pii-91ve1,527,Spain,Female,33,0,87155.57,1,1,1,184916.19,0,0,3,PLATINUM,382,1
1842208,14446392,sdv-pii-e8g5k,565,France,Male,62,10,122232.11,1,1,0,24413.08,1,1,5,DIAMOND,270,0
3494231,2236526,sdv-pii-h82x8,839,France,Male,37,7,106538.42,2,1,0,11284.53,0,1,3,PLATINUM,277,0
10530351,14021749,sdv-pii-fg0pz,642,Spain,Female,32,7,0.0,2,1,1,17429.8,0,0,1,PLATINUM,408,1
1398190,2015550,sdv-pii-qzj5g,712,Germany,Male,29,8,120087.78,1,0,1,24540.08,0,0,3,SILVER,466,0
1297036,1847744,sdv-pii-txc2v,562,France,Female,66,4,119314.53,1,1,0,66942.62,0,0,4,PLATINUM,501,1
8668658,5576733,sdv-pii-gh3pi,598,Germany,Female,34,10,122236.84,2,0,1,4568.16,1,1,3,PLATINUM,690,2
5156261,10115637,sdv-pii-g5ute,655,France,Female,32,6,417.89,2,1,1,80976.27,0,0,5,SILVER,257,1
10543602,3874669,sdv-pii-4natj,640,France,Female,31,8,108438.18,2,0,1,93558.21,0,0,5,GOLD,850,1
6673068,7411747,sdv-pii-46huy,577,France,Male,32,1,114009.37,1,0,1,172202.1,1,0,4,GOLD,612,0
11878622,9707060,sdv-pii-6o420,577,Germany,Male,63,4,84278.22,1,1,0,63853.56,0,0,5,PLATINUM,528,0
7145751,7160791,sdv-pii-lpvox,584,France,Male,44,5,0.0,2,0,1,112594.86,0,0,3,SILVER,252,0
15305653,6199930,sdv-pii-mdrxl,693,France,Female,68,5,0.0,2,0,1,40515.29,0,0,4,SILVER,657,1
11581414,1929389,sdv-pii-wc2lh,612,France,Female,60,6,0.0,2,0,0,135860.83,0,0,4,PLATINUM,275,1
2809293,12484230,sdv-pii-7waqg,629,Spain,Female,24,9,249.01,2,1,1,48780.91,0,0,3,DIAMOND,448,1
14237908,7840420,sdv-pii-lhn0u,600,Spain,Female,47,8,92.44,2,1,1,113021.74,0,0,3,PLATINUM,482,1
4275444,1106733,sdv-pii-cyqmn,647,Spain,Male,39,8,314.92,2,1,0,41539.17,0,0,5,PLATINUM,388,3
383584,5676758,sdv-pii-mmv0p,550,Spain,Male,31,5,105614.09,2,1,1,62155.71,0,0,4,PLATINUM,934,3
4792715,16703976,sdv-pii-p2dwg,519,Germany,Female,35,8,1342.73,1,0,1,34017.06,0,0,2,PLATINUM,404,1
3003041,15343248,sdv-pii-0w0nl,505,France,Female,43,8,129579.89,1,1,0,166615.11,1,1,3,GOLD,843,2
16762944,1196005,sdv-pii-igvjb,598,Germany,Female,32,3,123566.98,1,1,0,114132.67,0,0,4,GOLD,876,1
8476294,7456095,sdv-pii-7ke2r,532,France,Female,51,1,166581.74,1,1,1,38935.8,0,0,2,PLATINUM,703,1
12747331,16721683,sdv-pii-drtx8,454,France,Female,36,0,141262.53,4,0,0,177341.05,1,1,4,PLATINUM,799,2
1454281,12724522,sdv-pii-0scmf,839,Spain,Female,34,5,113730.32,2,1,0,147982.04,0,0,1,PLATINUM,299,1
8023923,15577705,sdv-pii-8uxm7,657,Spain,Female,25,6,0.0,1,0,0,96173.56,0,0,2,SILVER,481,1
10080209,12509903,sdv-pii-7rzmv,529,Spain,Male,27,8,0.0,2,1,1,115725.33,0,0,2,SILVER,779,3
13092913,3253821,sdv-pii-2grng,747,Spain,Male,31,4,105606.93,1,0,1,5176.7,0,0,1,SILVER,942,3
10536227,13095631,sdv-pii-ueuxq,525,France,Female,31,8,0.0,2,0,1,184980.08,0,0,1,DIAMOND,832,1
14116942,5619983,sdv-pii-a1nqh,679,Spain,Female,41,6,129562.46,2,0,0,110044.53,0,0,3,DIAMOND,666,1
16243234,5277287,sdv-pii-0k4zc,793,Spain,Female,36,6,111559.07,1,1,1,49343.05,0,0,2,PLATINUM,850,1
3545224,11142077,sdv-pii-ukm41,507,Spain,Male,50,8,133847.74,2,0,1,43096.89,0,0,2,DIAMOND,281,3
4448013,8886689,sdv-pii-bgy9q,666,Spain,Female,57,1,0.0,1,0,1,57026.35,0,0,3,DIAMOND,667,1
14066245,2089849,sdv-pii-99c9j,552,Germany,Female,53,6,843.32,1,0,0,88491.73,0,1,2,PLATINUM,730,2
3927897,3592200,sdv-pii-wcdjo,622,Spain,Male,28,2,87.24,2,1,0,147120.16,0,0,3,SILVER,262,3
14324957,2909411,sdv-pii-5nkuu,592,France,Male,55,1,104801.19,2,1,1,147003.92,0,0,4,SILVER,872,0
13887630,15681057,sdv-pii-iobvg,593,Spain,Male,29,7,0.0,1,1,0,99334.12,0,0,5,DIAMOND,766,3
11127466,6369945,sdv-pii-at0sv,663,Spain,Female,48,8,1208.9,2,0,0,108611.24,0,0,5,PLATINUM,254,1
7246019,10235168,sdv-pii-zq24q,551,France,Male,35,5,0.0,2,1,0,46028.13,0,0,2,SILVER,409,0
2646120,12138434,sdv-pii-gxt6b,552,Spain,Female,28,6,122662.38,2,1,1,182642.66,0,0,3,PLATINUM,620,1
4066731,12714425,sdv-pii-j0ay8,692,France,Male,24,8,120443.15,1,1,0,35881.7,0,0,3,GOLD,963,0
9703337,15046182,sdv-pii-cdey8,786,Spain,Male,35,3,0.0,2,1,1,90567.08,0,0,2,SILVER,520,3
6183913,12758800,sdv-pii-2bsvr,757,France,Female,40,2,94838.1,1,0,0,131199.69,0,0,3,DIAMOND,761,1
5827617,4698484,sdv-pii-yzws8,678,France,Female,35,5,125571.96,1,0,1,153436.91,0,0,3,GOLD,455,1
1513143,12470249,sdv-pii-qdbg2,681,Spain,Female,36,5,135882.64,2,0,0,125954.1,0,0,5,DIAMOND,307,1
8726378,1667028,sdv-pii-1c66t,508,Germany,Male,71,8,121249.27,1,0,1,162287.43,1,1,5,DIAMOND,297,4
8587163,15261715,sdv-pii-w71ed,562,Germany,Male,40,3,117912.27,2,1,1,121787.05,0,0,4,PLATINUM,401,0
3319265,9358131,sdv-pii-b54fh,712,Germany,Female,48,9,165442.0,2,1,1,37119.41,0,0,3,PLATINUM,672,1
15922028,13491433,sdv-pii-ovp2j,614,Spain,Male,32,8,470.56,2,1,0,103757.08,0,0,3,DIAMOND,979,3
8894722,15177880,sdv-pii-xpzqx,789,Spain,Male,43,8,145458.31,2,1,0,25037.84,0,0,3,PLATINUM,457,3
14799557,8952975,sdv-pii-vps0h,703,Germany,Female,40,2,1716.85,2,1,0,101230.13,0,0,3,DIAMOND,858,4
12461963,2096399,sdv-pii-en8r5,582,Spain,Female,31,8,0.0,3,1,0,74747.72,1,0,3,SILVER,923,1
9308504,5693880,sdv-pii-om7ni,581,France,Male,50,4,0.0,1,0,0,62700.54,0,0,3,SILVER,614,0
13532987,13432845,sdv-pii-hy1xf,564,Germany,Male,50,6,97247.85,1,0,1,20477.46,1,1,2,GOLD,896,0
3869586,5075151,sdv-pii-clpm3,544,Germany,Female,58,5,0.0,3,0,0,100688.94,1,1,4,DIAMOND,277,4
6914601,2362257,sdv-pii-hrmr2,639,Germany,Female,31,3,0.0,1,1,0,97047.88,0,0,1,SILVER,252,1
415751,14620164,sdv-pii-sph43,575,Germany,Male,50,8,140578.22,1,1,0,80037.76,0,0,1,DIAMOND,951,4
2222491,5211092,sdv-pii-ui57b,553,Germany,Male,41,7,105189.19,1,1,0,146429.21,0,0,1,SILVER,775,0
6721272,10252872,sdv-pii-zwzer,638,Spain,Female,31,6,0.0,2,0,1,101512.3,0,0,3,SILVER,759,1
15154792,10794571,sdv-pii-l9q74,572,Germany,Female,39,6,84166.98,1,1,1,53154.5,0,1,1,GOLD,693,1
1984812,13434905,sdv-pii-jne2c,605,Germany,Female,44,10,121442.87,1,1,0,171618.05,0,0,3,PLATINUM,622,1
4966380,11641676,sdv-pii-12pjw,548,Germany,Female,66,2,148783.0,2,1,1,6383.54,0,0,3,PLATINUM,536,1
4560659,3161328,sdv-pii-z59jd,797,Germany,Male,46,10,124720.93,1,1,0,52488.07,0,0,3,SILVER,914,0
13001014,361080,sdv-pii-ql0fx,685,Spain,Male,46,1,98539.28,2,0,1,34071.33,0,0,1,DIAMOND,728,3
2009209,6323237,sdv-pii-xok4q,749,France,Female,36,2,0.0,2,1,1,126360.93,0,0,4,GOLD,343,1
9258777,7035981,sdv-pii-ienk0,767,Germany,Female,41,3,109329.84,2,1,0,180773.91,0,0,4,DIAMOND,398,4
15227055,6598771,sdv-pii-tn2qz,766,Germany,Female,36,8,107013.32,1,0,0,147354.85,0,0,4,PLATINUM,401,1
4590975,132551,sdv-pii-dg9r3,447,Germany,Female,61,8,121892.38,1,0,1,137764.83,1,1,3,PLATINUM,860,2
10742599,8659653,sdv-pii-q99sk,714,France,Female,38,3,95832.06,3,1,0,43204.92,1,1,4,DIAMOND,516,2
13371871,12163193,sdv-pii-owcm4,728,Spain,Female,34,5,0.0,2,1,1,60918.09,0,0,3,DIAMOND,288,1
7012954,5358559,sdv-pii-1gwrz,623,Germany,Male,26,10,181.85,2,1,0,41147.48,0,0,1,DIAMOND,345,4
11577098,5322767,sdv-pii-vgk93,557,Spain,Female,36,9,139992.17,2,0,0,11.58,1,1,3,DIAMOND,557,2
10884764,15958788,sdv-pii-6gtaf,707,France,Female,34,8,0.0,2,1,1,18069.99,0,0,2,SILVER,919,1
4060576,14229305,sdv-pii-iotbx,752,Germany,Male,49,8,116151.35,4,1,1,113944.85,1,0,5,DIAMOND,944,4
14730819,10007159,sdv-pii-vk4fn,565,France,Male,21,8,105.49,2,1,1,59323.83,0,0,4,DIAMOND,662,0
7116274,4809061,sdv-pii-m4bgb,528,Germany,Male,29,3,0.0,1,1,0,53658.48,0,0,2,DIAMOND,312,4
395269,6791154,sdv-pii-y9dli,527,France,Female,39,8,81352.19,1,0,0,84490.42,1,1,5,PLATINUM,586,2
4523705,5251688,sdv-pii-62yc5,497,France,Female,41,8,131221.89,1,0,1,178577.46,1,1,2,SILVER,435,2
16491231,9137778,sdv-pii-xbvu6,550,Germany,Male,26,6,112346.67,2,1,1,54347.8,0,0,5,PLATINUM,527,0
8336147,8432481,sdv-pii-gwgbg,646,Germany,Female,39,3,119253.72,1,1,0,82471.83,1,1,3,GOLD,791,2
8282739,9728390,sdv-pii-up8d9,599,France,Female,27,8,675.48,1,0,1,29747.16,0,0,5,DIAMOND,812,1
5675545,6596804,sdv-pii-7wfmg,572,France,Female,41,2,0.0,1,0,1,77556.67,0,0,1,PLATINUM,467,1
7750740,3580089,sdv-pii-5tx54,500,Spain,Female,50,8,116471.97,1,0,0,131739.9,1,1,3,DIAMOND,382,2
6344054,7645684,sdv-pii-na34k,693,Spain,Male,36,2,890.65,2,0,0,139442.03,0,0,3,PLATINUM,934,3
91470,13083902,sdv-pii-nf3o3,757,Germany,Male,32,8,459.11,2,1,1,182862.23,0,0,3,DIAMOND,583,4
1629998,1699046,sdv-pii-bu6o8,697,France,Female,40,5,140947.65,1,0,0,42871.91,0,0,4,DIAMOND,286,1
14508350,1031353,sdv-pii-vit29,600,Spain,Female,63,9,0.0,2,0,1,39470.14,0,0,2,PLATINUM,860,1
14977662,7165460,sdv-pii-yxxql,793,Germany,Female,36,8,2426.55,2,1,0,59147.73,0,0,2,GOLD,799,1
15563737,15408962,sdv-pii-pa1gi,789,Germany,Male,26,9,93663.22,2,1,1,72637.44,0,0,4,PLATINUM,616,0
4924806,9189690,sdv-pii-vrn6m,567,France,Male,56,6,103384.53,1,0,1,156347.13,0,0,4,DIAMOND,278,0
8795409,3760770,sdv-pii-dpj5i,696,France,Female,30,4,137181.54,2,0,0,192335.71,0,0,3,GOLD,605,1
15467195,11291359,sdv-pii-jlnc7,635,Spain,Female,27,5,291.98,2,0,1,66593.73,0,0,5,SILVER,878,1
971844,10789755,sdv-pii-7273w,661,Spain,Female,46,10,137772.84,2,0,1,80273.09,0,0,4,GOLD,564,1
10074262,4910361,sdv-pii-6le2x,584,Spain,Female,52,6,129304.73,2,0,0,173740.16,0,0,1,PLATINUM,477,1
4794316,3347620,sdv-pii-jdb8g,727,France,Female,38,8,684.58,1,1,0,41386.64,0,1,4,DIAMOND,442,2
10092568,13470154,sdv-pii-3rgf2,572,Germany,Female,40,9,106777.91,1,0,1,19510.27,0,0,2,PLATINUM,761,1
5719295,1252026,sdv-pii-9ysgj,747,Spain,Male,29,6,133960.51,2,1,0,144780.76,0,0,5,GOLD,863,3
14473572,16126456,sdv-pii-x3m0g,552,France,Male,31,8,99505.96,2,1,0,34352.29,0,0,3,DIAMOND,908,0
14315658,16420130,sdv-pii-39odu,569,France,Male,42,9,114472.37,1,1,0,27297.1,1,1,1,GOLD,434,0
9619094,8352544,sdv-pii-w8loq,756,Spain,Female,27,8,244.25,1,0,1,135231.02,0,0,3,SILVER,892,1
11662179,11032383,sdv-pii-m04bt,473,Spain,Male,32,0,92790.04,1,0,0,66747.52,1,1,2,PLATINUM,383,3
8249336,15366293,sdv-pii-j1rpk,776,Germany,Female,68,8,109363.69,1,0,1,107619.3,0,0,1,DIAMOND,381,4
13601359,4697275,sdv-pii-f6ce9,586,Germany,Female,58,6,120936.0,1,0,1,29115.19,1,1,3,PLATINUM,695,2
13347647,7707504,sdv-pii-rthko,798,France,Female,28,8,120277.92,2,0,0,87653.49,1,0,3,SILVER,823,2
15145012,16025444,sdv-pii-zpnia,593,France,Male,31,9,144255.32,2,1,0,175688.9,0,0,3,DIAMOND,594,0
9551237,15455599,sdv-pii-f0581,765,France,Female,49,0,121777.39,1,1,0,120487.18,1,1,2,GOLD,843,2
10449471,6298130,sdv-pii-77ykr,758,Spain,Male,38,4,93801.61,2,1,1,71101.9,0,0,3,SILVER,874,3
4624568,13039028,sdv-pii-6fbwt,754,Spain,Male,43,5,0.0,1,0,0,77308.81,1,1,2,PLATINUM,308,3
13606155,13163356,sdv-pii-b051t,538,Spain,Male,35,5,141226.11,2,0,0,55200.44,0,0,2,GOLD,325,3
9090014,3191841,sdv-pii-p7x5x,679,Germany,Female,49,2,130972.52,2,1,0,65416.67,0,0,4,SILVER,466,1
16588676,875152,sdv-pii-c37j3,549,Spain,Male,29,8,145504.45,2,0,0,162752.93,0,0,4,PLATINUM,600,3
9359190,15244330,sdv-pii-pxj4f,850,Spain,Female,30,9,0.0,2,0,1,114226.0,0,0,5,PLATINUM,274,1
3831628,12935445,sdv-pii-wee5b,613,Spain,Male,37,3,363.48,2,0,1,40750.28,0,0,3,GOLD,384,3
10750825,9886047,sdv-pii-tsy8u,774,Germany,Female,46,9,110369.26,1,1,0,8046.7,0,0,2,PLATINUM,635,1
2896054,4054132,sdv-pii-abowo,521,France,Female,32,6,1106.86,1,1,1,129993.37,0,0,5,SILVER,971,1
1686681,1060787,sdv-pii-d9xce,659,Spain,Male,23,5,459.79,2,0,1,52849.27,0,0,5,GOLD,390,3
8125969,732921,sdv-pii-to50e,627,Germany,Female,27,6,129688.26,2,1,0,132441.37,0,0,1,DIAMOND,348,4
15498022,1116498,sdv-pii-s8oay,692,Spain,Female,51,2,165545.69,2,1,0,97060.52,0,0,5,DIAMOND,577,1
9517205,16433676,sdv-pii-sqj4l,512,France,Female,54,8,138225.54,2,1,0,76090.28,0,0,2,DIAMOND,961,1
15919893,12933925,sdv-pii-mc67l,582,France,Male,57,2,123597.2,1,1,0,141870.33,1,1,3,DIAMOND,587,0
6824840,6975724,sdv-pii-3eycf,585,Spain,Male,25,5,0.0,2,0,0,167809.21,0,0,4,GOLD,863,3
10762668,2446904,sdv-pii-aokkg,537,France,Male,33,8,747.66,1,0,0,109214.58,0,0,3,DIAMOND,594,0
14243264,9124933,sdv-pii-cxppw,779,France,Male,38,5,145558.02,1,0,0,51478.19,0,1,4,SILVER,347,0
11882509,4194323,sdv-pii-h9akv,669,Spain,Female,40,5,1577.64,2,0,0,48217.26,0,0,3,DIAMOND,958,1
3339785,15211514,sdv-pii-1dvyz,604,Spain,Female,25,4,103220.7,4,0,0,149773.14,1,1,1,GOLD,602,2
11378070,14677525,sdv-pii-mp9pm,553,France,Male,31,8,89250.12,2,0,1,24553.33,0,0,2,PLATINUM,375,0
1152090,3395173,sdv-pii-5v37m,608,France,Male,42,9,494.95,2,1,0,117084.7,0,1,5,DIAMOND,664,0
6004394,16333601,sdv-pii-mgkve,715,France,Male,42,4,72385.75,1,0,0,125851.08,1,0,3,DIAMOND,603,0
13563044,12212959,sdv-pii-sdbop,712,Germany,Female,53,8,114114.15,1,0,0,57985.1,1,1,5,GOLD,632,2
9731475,14232227,sdv-pii-l7hlt,705,France,Female,31,6,0.0,2,0,1,123741.76,0,0,5,SILVER,949,1
1122114,16238901,sdv-pii-x5prx,548,France,Female,44,8,73287.77,1,0,0,137949.79,1,0,3,PLATINUM,904,2
6266053,13801006,sdv-pii-6ownt,668,Spain,Male,30,0,156028.67,1,0,0,18146.32,0,0,3,PLATINUM,843,3
3239139,13748547,sdv-pii-ih6f4,658,France,Female,72,8,98751.27,1,0,1,11.58,1,1,4,DIAMOND,886,2
5636588,16648349,sdv-pii-p3dzj,508,France,Female,31,2,1385.85,2,1,1,145253.48,0,0,2,PLATINUM,892,1
11109065,2791907,sdv-pii-hj3fc,758,Germany,Female,33,4,108380.35,2,1,0,184669.87,0,0,3,DIAMOND,393,4
8136997,9199797,sdv-pii-u4c0q,775,Spain,Female,43,3,137947.11,2,0,0,106214.66,1,0,3,GOLD,454,1
8734169,13134834,sdv-pii-0glti,783,Spain,Male,47,6,160.34,3,0,0,100427.13,1,1,2,DIAMOND,583,3
6483097,14451690,sdv-pii-a1pmi,695,Germany,Female,55,2,76005.69,1,1,0,149193.05,1,1,1,SILVER,949,2
9352726,3621456,sdv-pii-4oadz,601,Spain,Male,35,3,85902.72,1,1,0,156699.57,1,1,2,GOLD,607,3
15436641,15767695,sdv-pii-fvfl0,797,Germany,Male,62,3,113090.74,1,1,0,140755.56,1,1,4,DIAMOND,367,4
5029246,11427104,sdv-pii-qqbad,663,Spain,Male,30,3,19.81,1,1,1,92850.65,0,0,5,DIAMOND,657,3
5592863,4890828,sdv-pii-um3dy,417,France,Male,68,8,90000.8,3,0,1,92700.41,1,1,3,PLATINUM,294,0
9747824,15705054,sdv-pii-h2bbt,544,France,Female,51,8,143915.77,2,1,1,76305.14,0,0,5,SILVER,807,1
9102412,2600588,sdv-pii-ov7lv,683,Germany,Female,48,8,118470.96,4,0,0,52610.62,1,1,4,PLATINUM,717,2
8855030,13183016,sdv-pii-oqq0w,480,France,Female,44,9,155551.48,2,0,1,101497.88,0,0,3,GOLD,439,1
2933856,10421113,sdv-pii-bbw5o,594,Spain,Male,27,1,106539.03,2,0,1,116970.27,1,1,3,DIAMOND,311,3
2955704,8438541,sdv-pii-1aez8,495,France,Female,34,8,141751.39,1,1,1,170694.75,0,0,4,PLATINUM,762,1
8369731,4929357,sdv-pii-ebf31,572,Germany,Female,58,1,117818.79,3,1,1,169381.05,1,1,4,DIAMOND,585,4
9877800,16770095,sdv-pii-atsja,554,France,Male,46,10,114281.46,2,0,0,49888.28,1,1,4,SILVER,723,0
14503276,5829210,sdv-pii-15avi,580,Germany,Female,57,8,89977.06,3,0,0,44246.54,1,1,2,SILVER,703,2
5032768,13574280,sdv-pii-delth,649,Spain,Female,37,5,2041.54,2,0,1,95978.56,1,0,4,GOLD,338,1
11158267,13656395,sdv-pii-zko4r,529,Spain,Female,42,8,104193.66,1,1,1,65493.74,0,0,5,PLATINUM,899,1
15230125,15913687,sdv-pii-sojmy,795,France,Male,29,8,0.0,2,1,1,115087.33,0,0,5,GOLD,772,0
15558785,15448335,sdv-pii-onfj3,678,France,Male,45,9,125859.72,2,1,1,70050.07,0,0,5,DIAMOND,741,0
10596100,1484148,sdv-pii-1jj76,610,Germany,Female,61,8,139971.71,2,1,0,49807.06,0,0,4,PLATINUM,974,1
15507080,5381550,sdv-pii-99pq0,814,France,Male,24,5,0.0,2,1,1,5727.0,0,0,3,GOLD,454,0
294234,14339224,sdv-pii-i7f2k,513,France,Female,43,3,959.75,2,1,0,154333.57,1,1,3,PLATINUM,945,2
7688432,487071,sdv-pii-evtwv,542,France,Male,62,5,0.0,2,0,1,38933.41,0,0,2,PLATINUM,909,0
11246359,15830872,sdv-pii-2a8ni,681,Germany,Male,64,1,100216.75,1,1,0,120695.56,0,0,5,GOLD,470,0
10565926,13912553,sdv-pii-mdd1m,556,Germany,Female,67,2,106716.9,1,1,0,47208.61,1,1,1,DIAMOND,667,4
10301345,6501308,sdv-pii-1wbn5,650,Germany,Female,25,4,138310.18,1,0,0,8596.2,0,0,3,DIAMOND,493,4
9939606,14671456,sdv-pii-5a3fm,613,France,Male,30,5,0.0,2,1,0,27634.44,0,0,3,PLATINUM,833,0
403895,8420603,sdv-pii-kwyye,699,Spain,Male,32,6,0.0,2,0,1,123322.02,0,0,5,PLATINUM,653,3
8459292,10721393,sdv-pii-2yw2r,694,Germany,Female,65,5,136441.92,1,0,0,42501.72,1,1,3,DIAMOND,974,4
15039975,14896815,sdv-pii-21gg2,717,Spain,Male,28,8,26.16,2,1,1,68271.21,0,0,3,DIAMOND,284,3
15299818,12165551,sdv-pii-uevpq,675,France,Female,30,8,112983.02,1,1,0,90963.08,0,0,5,DIAMOND,412,1
13271629,5153771,sdv-pii-l9ope,516,Germany,Female,52,8,102875.68,1,1,1,193717.86,0,0,5,DIAMOND,608,4
3028163,9529985,sdv-pii-nbj0o,774,France,Female,34,8,113318.78,1,0,0,18629.17,0,0,3,GOLD,493,1
125520,12088247,sdv-pii-vzcjf,724,Spain,Male,42,10,131625.74,1,1,0,126834.97,1,1,4,PLATINUM,576,3
8668974,10830302,sdv-pii-icf7z,687,Germany,Female,55,6,90300.87,1,1,0,29836.69,1,1,5,PLATINUM,785,2
15185494,187306,sdv-pii-85yeh,572,Germany,Female,58,5,108137.85,3,0,0,144334.35,1,1,2,PLATINUM,716,2
8468477,15995513,sdv-pii-ld1dx,562,France,Female,52,3,123.49,2,0,0,116905.1,0,0,5,SILVER,304,1
10047262,3408398,sdv-pii-fa2gs,709,Spain,Male,36,7,115439.52,1,1,0,163910.21,0,0,3,PLATINUM,775,3
1738250,7084649,sdv-pii-7hi4y,684,France,Female,24,2,146036.97,1,0,1,781.94,0,0,4,DIAMOND,929,1
4718350,1576069,sdv-pii-jpp5r,706,Germany,Female,31,8,152260.25,2,0,1,105327.46,0,0,1,SILVER,828,1
8459705,2793799,sdv-pii-lw70h,708,Spain,Female,39,9,119063.37,1,0,1,182245.46,0,0,2,DIAMOND,478,1
498328,3317842,sdv-pii-qj1iu,778,Spain,Male,59,8,0.0,2,0,0,4328.84,0,0,3,SILVER,287,3
1862102,5683959,sdv-pii-046gn,611,Spain,Male,39,5,118265.45,2,1,0,157232.52,0,0,4,GOLD,609,3
7759531,15489813,sdv-pii-srywj,771,France,Male,29,6,169.43,1,1,0,131474.29,0,0,3,PLATINUM,899,0
4199698,9826570,sdv-pii-h4cpw,553,Germany,Female,61,3,148347.03,1,0,0,26789.08,1,1,2,PLATINUM,931,2
15961693,1737414,sdv-pii-1ouas,597,France,Female,20,7,0.0,2,1,0,74021.63,0,0,5,PLATINUM,352,1
11006824,1334526,sdv-pii-r96o7,756,Spain,Female,39,5,138504.04,2,1,0,139765.17,0,0,1,GOLD,660,1
4061217,4326132,sdv-pii-o9nke,743,France,Male,45,9,919.09,2,1,0,178753.61,0,0,5,GOLD,619,0
5964984,3065935,sdv-pii-10gmj,799,Spain,Female,39,2,107911.61,3,1,0,78338.92,1,1,5,SILVER,505,2
14107513,15245198,sdv-pii-yngg0,556,France,Female,40,2,0.0,2,1,1,58781.08,0,0,1,PLATINUM,346,1
1008797,6690409,sdv-pii-luil1,714,Germany,Female,31,5,124332.31,2,0,1,116297.56,0,0,1,GOLD,762,1
6778106,3194182,sdv-pii-2iywc,559,Spain,Female,31,8,1029.4,2,0,0,170031.78,0,0,2,PLATINUM,892,1
14392825,13446311,sdv-pii-r96rj,752,Spain,Female,33,5,129978.7,1,1,1,119605.49,0,0,3,SILVER,440,1
9271024,7443291,sdv-pii-r9pve,797,Spain,Female,31,8,153507.66,2,1,1,45133.9,0,0,2,GOLD,546,1
12083082,15405072,sdv-pii-lou7o,651,Germany,Male,46,5,116509.16,1,1,1,47330.76,1,0,2,DIAMOND,273,4
14514649,1526121,sdv-pii-7fc04,583,Spain,Female,41,9,0.0,2,0,0,50698.34,0,0,3,PLATINUM,411,1
1568615,10102212,sdv-pii-gpia9,815,Spain,Female,63,1,113229.72,1,1,0,162944.11,0,0,5,DIAMOND,875,1
12753714,1355301,sdv-pii-ft1jd,459,France,Female,28,10,0.0,2,1,1,137947.75,0,0,4,PLATINUM,805,1
2403290,5317078,sdv-pii-a7hje,543,Spain,Female,25,8,137552.66,2,0,0,91861.6,0,0,5,SILVER,751,1
10579240,4469086,sdv-pii-alkpj,548,Spain,Female,33,5,126986.24,1,1,0,56451.2,0,0,2,PLATINUM,948,1
12036215,15316406,sdv-pii-u0exu,559,France,Male,43,6,116572.0,1,0,0,12620.45,0,0,3,GOLD,910,0
3944505,184375,sdv-pii-f1gfc,637,France,Female,39,8,107655.34,3,1,0,78415.5,1,1,3,DIAMOND,399,2
13267943,1355922,sdv-pii-lglff,786,Germany,Female,34,2,114599.13,2,1,1,170199.64,0,0,1,GOLD,638,1
2029205,14227972,sdv-pii-l0p8f,590,Spain,Female,24,1,0.0,2,1,0,88047.54,0,0,2,DIAMOND,755,1
1108542,4267572,sdv-pii-iyfr5,650,Spain,Female,50,9,0.0,2,1,1,19617.58,0,0,2,GOLD,435,1
4839355,90854,sdv-pii-iaju7,505,Spain,Male,38,8,0.0,2,0,0,8333.93,0,0,3,DIAMOND,249,3
10175075,15353244,sdv-pii-87vpw,802,France,Female,33,8,0.0,2,0,1,80043.83,0,0,1,DIAMOND,251,1
15155650,7195684,sdv-pii-j7o9e,543,Germany,Male,44,6,85682.75,1,1,0,94067.0,1,1,5,DIAMOND,244,4
14753760,7095514,sdv-pii-xs5j4,729,Spain,Male,35,4,103872.29,1,1,0,165218.79,0,0,3,PLATINUM,470,3
932416,1440364,sdv-pii-w48o2,829,Spain,Male,29,8,127027.54,2,1,1,49750.86,0,0,3,DIAMOND,621,3
9692649,16623223,sdv-pii-7jrg0,504,Germany,Female,48,5,131055.89,3,0,0,178353.45,1,1,4,PLATINUM,707,2
2888799,4179574,sdv-pii-kehx9,711,Germany,Male,25,8,127748.66,1,1,0,52338.99,0,0,4,DIAMOND,323,4
1075323,10280320,sdv-pii-5jras,757,Germany,Female,26,5,1837.7,2,0,1,106836.33,0,0,5,SILVER,779,1
6012237,4739385,sdv-pii-tn0wo,632,France,Female,60,9,125213.9,1,1,0,36395.82,0,0,2,PLATINUM,440,1
6551234,15972898,sdv-pii-zbqng,422,Spain,Female,45,4,98932.74,2,0,0,44296.97,0,0,5,GOLD,874,1
10467594,13319131,sdv-pii-yt8yj,530,Germany,Female,51,9,156803.36,1,1,1,80825.1,0,0,4,DIAMOND,981,4
3414156,4435122,sdv-pii-ji7d0,647,France,Male,64,5,125999.3,1,0,0,23764.28,1,1,3,DIAMOND,283,0
9038813,11791770,sdv-pii-74lrw,514,Spain,Male,46,5,473.01,2,1,1,59040.23,0,0,2,PLATINUM,924,3
14429278,3121337,sdv-pii-ohdhe,565,France,Male,46,10,0.0,2,1,0,28329.01,0,0,3,PLATINUM,875,0
4894041,15151200,sdv-pii-rm3lz,839,France,Female,61,2,114886.36,1,1,0,37877.33,1,0,1,DIAMOND,268,2
1288035,10361824,sdv-pii-ozf8v,741,France,Female,41,8,112289.7,1,1,0,113452.69,1,1,2,GOLD,904,2
9739566,8099869,sdv-pii-2opaz,544,Spain,Male,35,7,95853.24,3,0,0,70128.14,1,1,1,PLATINUM,290,3
16311782,13540850,sdv-pii-qva5u,556,Spain,Female,22,2,0.0,2,0,1,171774.34,0,0,2,GOLD,729,1
16474124,12822294,sdv-pii-u2i02,542,Germany,Male,44,9,664.13,2,0,0,78810.63,1,1,3,PLATINUM,649,0
4549098,2565659,sdv-pii-y2b54,573,France,Female,46,9,131988.63,2,1,0,187856.81,1,1,2,DIAMOND,315,2
2764036,14754832,sdv-pii-7pf7x,634,Spain,Female,24,8,0.0,1,1,0,67163.06,0,0,4,GOLD,496,1
9923101,6814189,sdv-pii-1bzhh,605,France,Male,38,1,633.71,2,0,1,59139.16,0,0,4,PLATINUM,902,0
14633784,4639705,sdv-pii-migx0,681,Germany,Female,54,5,105783.12,1,1,0,81752.24,0,0,4,DIAMOND,505,4
7685170,11782005,sdv-pii-11txa,559,Spain,Male,54,8,120783.18,2,1,0,121633.03,0,0,4,DIAMOND,461,3
2293976,1410752,sdv-pii-r4o5d,518,France,Male,44,8,55.75,1,1,0,78192.34,1,1,4,PLATINUM,707,0
1743710,14895966,sdv-pii-rrdvq,796,Germany,Female,23,5,72422.31,2,0,1,25253.3,0,0,2,PLATINUM,490,1
2948874,6035990,sdv-pii-7q2lv,678,France,Male,34,6,0.0,2,1,0,56035.11,0,0,3,PLATINUM,816,0
2066839,1242416,sdv-pii-csrh0,594,Germany,Male,49,1,103939.41,1,1,0,32769.56,1,0,5,GOLD,556,0
116137,6513431,sdv-pii-s17ir,721,Germany,Female,46,8,91088.43,1,0,0,122746.34,0,0,3,GOLD,818,1
13976776,8453610,sdv-pii-15qj3,718,Spain,Male,42,8,0.0,2,1,0,41481.0,0,0,2,PLATINUM,873,3
9481680,1282428,sdv-pii-eu37t,573,Spain,Female,34,5,127851.8,2,1,1,110227.07,1,1,1,PLATINUM,279,2
3606085,11096839,sdv-pii-gzzmz,700,Spain,Female,37,8,0.0,2,1,1,45137.43,0,0,4,DIAMOND,845,1
11691214,5488265,sdv-pii-y0sm8,675,France,Female,68,10,133918.52,1,0,0,186886.83,1,1,4,GOLD,599,2
15051620,1830824,sdv-pii-wkloy,564,Germany,Male,51,10,0.0,2,1,0,123923.11,1,1,1,GOLD,553,0
8214506,13359308,sdv-pii-9qr6m,630,France,Female,32,8,0.0,2,0,0,87133.17,0,0,3,SILVER,642,1
10332667,213942,sdv-pii-d8z0b,616,Spain,Male,38,9,419.74,2,1,0,18690.86,0,0,1,SILVER,768,3
8625751,15559289,sdv-pii-dn7b8,626,Spain,Female,21,9,580.06,2,1,1,55526.84,0,0,4,PLATINUM,562,1
863431,8719922,sdv-pii-qw58s,660,Germany,Male,36,8,121926.7,1,0,0,42512.44,1,1,1,PLATINUM,391,0
6959303,338529,sdv-pii-5yqfr,785,France,Male,37,4,101737.21,2,1,0,186964.7,0,0,1,GOLD,561,0
7777811,1079856,sdv-pii-1qtsk,730,Germany,Female,28,1,90287.21,1,1,0,104148.63,0,0,1,PLATINUM,720,1
5795105,7137993,sdv-pii-uryzc,668,France,Female,57,6,99793.52,1,0,0,97559.5,0,0,3,DIAMOND,600,1
10072989,3733099,sdv-pii-brd3f,676,France,Female,46,8,943.07,3,0,1,123293.85,1,1,1,DIAMOND,386,2
8946854,11897398,sdv-pii-p8ccm,659,Germany,Female,41,10,540.36,1,1,0,93704.71,1,1,3,PLATINUM,342,2
13576590,7415595,sdv-pii-1gd15,575,Germany,Female,38,5,122674.23,1,1,0,66349.61,1,1,2,PLATINUM,734,2
6964526,8210684,sdv-pii-7ih59,714,Spain,Male,32,5,669.14,2,1,1,103840.72,0,0,1,SILVER,359,3
540432,5959093,sdv-pii-y7hqs,795,France,Female,45,7,127392.92,1,1,0,171449.31,0,0,2,PLATINUM,449,1
9549138,12943298,sdv-pii-7ya21,763,Spain,Male,35,8,892.43,2,0,1,24541.86,0,0,5,SILVER,969,3
10824258,13510962,sdv-pii-w3cq8,554,France,Female,45,3,0.0,2,0,1,15092.02,1,1,3,DIAMOND,851,2
3868458,8852651,sdv-pii-sg84l,582,Spain,Female,29,1,1307.05,1,0,1,150084.12,0,0,3,PLATINUM,418,1
13342617,10231031,sdv-pii-xhujv,747,France,Male,41,6,0.0,2,0,1,18812.58,1,1,3,DIAMOND,627,0
9307200,13971638,sdv-pii-lr88d,799,Spain,Female,35,3,101256.15,3,0,0,127742.43,0,0,4,SILVER,625,1
2268163,7762646,sdv-pii-bhljs,559,Spain,Female,43,3,2584.02,1,1,0,55026.04,1,1,1,DIAMOND,272,2
811934,14130980,sdv-pii-wtjxv,550,France,Male,42,8,0.0,4,1,0,170349.36,1,1,3,GOLD,603,0
3945499,10908766,sdv-pii-5nyyn,473,France,Female,38,5,438.55,2,1,1,114521.59,0,0,5,PLATINUM,820,1
9728321,13210623,sdv-pii-v5mac,788,Spain,Female,40,5,101247.87,1,0,1,74129.27,0,0,3,SILVER,614,1
3950639,15183460,sdv-pii-nqxxb,823,France,Male,30,9,105463.84,1,1,0,54198.01,0,0,5,GOLD,740,0
3893554,6402814,sdv-pii-dcnbx,710,France,Male,50,8,117295.17,2,1,1,81589.83,1,1,5,DIAMOND,753,0
12923211,13722184,sdv-pii-5xevi,822,Germany,Female,42,8,2469.51,2,0,1,88720.18,0,1,3,GOLD,804,1
14195789,13238785,sdv-pii-h91yp,644,France,Male,33,5,108280.26,2,1,0,123958.11,0,0,4,GOLD,808,0
3274196,14803233,sdv-pii-b3zkp,653,Spain,Female,41,6,112947.12,2,1,0,98898.35,0,0,5,PLATINUM,807,1
7872569,11024268,sdv-pii-7weme,584,Spain,Male,25,7,0.0,2,1,0,136010.82,0,0,5,PLATINUM,915,3
13043687,10722698,sdv-pii-3wrck,623,France,Male,31,8,205.76,2,1,0,144588.24,0,0,1,PLATINUM,935,0
12946360,2728029,sdv-pii-m5s0h,777,Germany,Female,44,4,96036.91,1,1,0,2551.64,0,0,4,DIAMOND,295,4
10929375,9222053,sdv-pii-0n751,493,France,Female,63,8,102482.26,2,1,0,111001.45,0,0,4,PLATINUM,310,1
6659051,11827452,sdv-pii-we8l3,742,France,Male,36,10,1860.06,2,0,0,117379.31,0,0,4,PLATINUM,614,0
6577681,10473166,sdv-pii-jx5uh,781,Spain,Male,46,7,646.96,2,0,0,95392.59,0,1,5,PLATINUM,457,3
7149897,12540197,sdv-pii-8rm2q,488,France,Male,45,9,0.0,2,1,0,149789.25,1,1,5,PLATINUM,831,0
13538548,10464083,sdv-pii-avjan,597,France,Female,30,3,0.0,2,1,0,76923.48,0,0,3,PLATINUM,277,1
947045,8205498,sdv-pii-hd3yp,659,Germany,Male,33,8,110243.44,1,1,0,5893.33,0,0,4,GOLD,275,0
12138988,9182952,sdv-pii-tsd6o,594,France,Female,23,6,0.0,2,1,0,67717.3,0,0,3,SILVER,898,1
5117768,14439376,sdv-pii-bw29g,788,France,Female,47,7,13.71,2,0,0,155210.29,0,0,1,DIAMOND,286,1
9005734,10404665,sdv-pii-drueu,551,France,Female,37,5,0.0,2,1,1,100033.51,0,0,1,SILVER,578,1
3097611,13269664,sdv-pii-zk095,543,Spain,Female,39,8,118376.68,2,1,0,96653.9,0,0,4,DIAMOND,421,1
9021250,11355944,sdv-pii-s60fi,710,France,Male,41,6,137053.13,1,1,0,89018.06,0,0,4,DIAMOND,315,0
888265,2363104,sdv-pii-pqob8,739,Germany,Female,49,8,102720.02,1,0,0,11.58,0,1,3,PLATINUM,291,2
4770328,1134964,sdv-pii-jz009,670,France,Female,39,5,0.0,2,1,1,172537.19,0,0,3,PLATINUM,284,1
8669347,1489348,sdv-pii-sw6ib,717,Germany,Female,52,1,90807.51,1,1,0,64906.21,0,0,4,DIAMOND,895,4
11018998,15442489,sdv-pii-1umrq,642,France,Female,62,1,118045.74,1,1,1,170337.23,0,0,3,PLATINUM,911,1
9672101,4583139,sdv-pii-kqnyu,646,Spain,Male,53,8,863.38,1,1,0,135436.38,0,0,3,SILVER,390,3
10791519,3919629,sdv-pii-2yn1l,697,Spain,Male,31,3,117875.03,2,1,0,165284.48,0,0,1,GOLD,449,3
8799118,12087767,sdv-pii-kly11,627,Germany,Male,23,8,117963.53,2,1,0,69209.63,0,0,3,SILVER,226,0
8042821,2142450,sdv-pii-jizre,628,France,Male,29,5,0.0,2,1,1,100353.48,0,0,3,PLATINUM,271,0
13129884,2796437,sdv-pii-oaw7a,597,France,Male,25,6,111492.34,1,1,0,24829.65,0,0,1,GOLD,837,0
12496678,2723314,sdv-pii-z86yw,554,Spain,Male,23,1,0.0,2,0,1,75566.7,0,0,1,SILVER,470,3
16232333,2603101,sdv-pii-lkppm,621,Spain,Female,30,2,0.0,2,0,1,191399.2,0,0,1,PLATINUM,920,1
615767,9176421,sdv-pii-il2st,690,Spain,Male,58,8,111259.7,1,1,1,91191.74,0,0,5,GOLD,401,3
3613275,5916620,sdv-pii-893ev,693,Spain,Female,37,1,113345.15,2,1,1,105616.95,0,0,1,GOLD,720,1
8221542,9644062,sdv-pii-fvl6n,588,Germany,Female,44,5,130529.27,2,1,1,92756.99,0,0,3,DIAMOND,781,4
9842190,12877381,sdv-pii-r7cqt,750,France,Male,53,7,106974.76,1,1,0,75672.87,0,0,1,DIAMOND,609,0
9988977,12371052,sdv-pii-rqlfj,643,Spain,Female,44,3,142628.33,1,1,1,113635.28,0,0,2,GOLD,714,1
8180903,16193198,sdv-pii-rpxjw,558,Spain,Female,49,3,101013.8,2,0,0,26059.92,0,1,5,PLATINUM,437,2
11175485,12425157,sdv-pii-07pi4,624,Spain,Female,46,5,141251.37,3,0,1,64374.03,1,1,3,SILVER,828,2
7740970,15270193,sdv-pii-74biu,553,France,Female,40,3,153912.22,1,1,1,115438.05,0,0,3,PLATINUM,923,1
2494825,11608426,sdv-pii-kyd9o,680,Spain,Female,26,6,0.0,1,0,0,56534.95,0,0,2,DIAMOND,849,1
45813,7211815,sdv-pii-iyj4o,667,France,Male,36,8,0.0,1,0,1,65497.55,0,1,3,SILVER,912,0
11264566,15324400,sdv-pii-d2m6m,558,Spain,Female,30,5,466.56,2,1,0,97740.55,0,0,1,SILVER,650,1
5193954,13358854,sdv-pii-qcpod,665,Spain,Female,57,8,0.0,2,1,1,175950.76,0,0,3,GOLD,987,1
5563276,4106703,sdv-pii-wi3n0,591,Germany,Female,23,9,139109.29,1,0,1,32193.32,0,0,2,PLATINUM,852,1
7317950,16158727,sdv-pii-rkkfh,735,France,Female,44,1,737.11,1,1,1,128534.81,0,0,4,SILVER,761,1
11671075,10075212,sdv-pii-sv9n5,580,Germany,Female,62,5,118665.44,1,0,1,66165.57,0,0,3,SILVER,912,1
8835372,14700060,sdv-pii-w4hzg,764,Spain,Female,60,2,0.0,2,1,1,134699.13,0,0,5,PLATINUM,337,1
16327449,13820349,sdv-pii-ueuiy,766,Spain,Female,46,6,80689.77,2,0,1,143146.85,1,1,5,PLATINUM,616,2
14270445,2363866,sdv-pii-a1y3w,779,France,Male,30,1,0.0,2,1,1,103242.84,0,0,4,PLATINUM,972,0
7539368,8027107,sdv-pii-1xi2m,654,Spain,Female,40,3,137450.51,1,0,0,117099.23,0,0,1,GOLD,643,1
5558781,8187819,sdv-pii-2wzlt,715,Spain,Male,35,1,316.75,2,1,1,109102.39,0,0,2,GOLD,316,3
1498717,7092409,sdv-pii-pk5sj,607,Germany,Male,59,3,134067.67,1,0,0,142717.63,0,0,2,PLATINUM,903,0
12244139,5005607,sdv-pii-qbk23,699,France,Male,47,7,101.05,1,1,0,67432.59,0,0,2,GOLD,721,0
15878489,11483548,sdv-pii-qyr0c,610,France,Female,26,8,134510.11,1,1,0,139534.11,1,0,4,PLATINUM,389,2
11006357,1344078,sdv-pii-ph4db,775,France,Female,33,8,0.0,1,0,0,72560.79,0,0,5,SILVER,845,1
9849479,14632746,sdv-pii-8he4n,587,Germany,Male,26,4,0.0,2,1,1,76476.82,0,0,5,SILVER,324,0
10934519,9880645,sdv-pii-jyys7,550,France,Male,48,8,147190.52,1,0,0,45814.11,1,1,4,DIAMOND,636,0
9826669,1862042,sdv-pii-7dla8,631,France,Male,44,1,126779.92,1,0,0,55583.25,1,1,4,DIAMOND,803,0
7713342,18663,sdv-pii-flsoy,588,France,Female,42,7,131202.01,2,1,1,7401.6,0,0,4,PLATINUM,510,1
9009589,2716294,sdv-pii-dkpm7,510,Germany,Male,19,10,129991.99,2,1,0,70220.91,0,0,4,DIAMOND,850,4
12183228,16129500,sdv-pii-rbz34,776,Germany,Female,27,8,148788.18,1,1,0,43350.49,1,0,4,PLATINUM,940,2
6741050,6373219,sdv-pii-318tw,666,Germany,Male,40,5,146193.47,1,0,0,163313.04,0,0,3,PLATINUM,354,0
4438259,15284065,sdv-pii-hxfxr,603,Germany,Female,52,8,94512.93,1,0,0,171613.7,0,0,4,DIAMOND,552,4
9860433,12735453,sdv-pii-yluk1,562,France,Female,29,5,0.0,2,1,0,185579.64,0,0,4,DIAMOND,651,1
9754535,13295010,sdv-pii-ji51g,516,Germany,Female,49,8,128540.36,2,1,0,122454.12,0,0,1,PLATINUM,755,1
8572360,6702433,sdv-pii-9k68s,755,Spain,Female,29,9,0.0,2,1,0,183886.53,0,0,1,DIAMOND,947,1
5966026,8893683,sdv-pii-j0ecj,784,France,Female,29,4,133896.43,1,0,1,146754.84,0,0,3,DIAMOND,463,1
16112963,10049044,sdv-pii-1rmei,710,France,Female,68,4,0.0,2,0,1,74267.2,0,0,5,DIAMOND,430,1
4595062,15787876,sdv-pii-csfsx,506,France,Male,35,1,126022.17,2,0,0,102279.35,1,1,2,PLATINUM,661,0
6818989,7913861,sdv-pii-l7f7d,539,France,Female,70,5,137895.26,3,1,0,69036.55,1,1,5,DIAMOND,387,2
10060830,4117117,sdv-pii-dn6rg,692,France,Female,47,2,413.87,2,1,1,31798.72,0,0,5,PLATINUM,506,1
13405899,15327387,sdv-pii-x0fak,664,France,Male,43,8,88931.27,2,1,0,5876.91,0,0,5,SILVER,596,0
2895649,9145497,sdv-pii-9xc3f,580,France,Male,37,8,86588.88,3,0,0,46136.96,1,1,4,PLATINUM,984,0
12753370,14081446,sdv-pii-hwjll,767,Spain,Female,27,9,105367.89,2,1,1,56814.36,0,0,4,GOLD,950,1
12919907,7720959,sdv-pii-3byri,577,Spain,Female,47,9,0.0,2,1,1,132115.12,0,0,4,PLATINUM,339,1
12537453,11345028,sdv-pii-tskrn,594,France,Female,46,8,108818.9,3,0,0,176667.34,1,1,4,PLATINUM,273,2
15995202,821075,sdv-pii-hq94w,516,Germany,Female,32,5,138897.19,2,0,0,25049.47,1,1,3,PLATINUM,284,2
12164902,6758085,sdv-pii-osdst,622,Spain,Female,23,9,0.0,2,1,1,132429.12,0,0,2,SILVER,758,1
10359282,15113324,sdv-pii-8o4h2,622,Spain,Female,47,5,819.73,2,0,0,110628.24,0,0,4,DIAMOND,471,1
3617822,8383902,sdv-pii-e3qpl,711,France,Male,62,9,122639.18,2,1,0,59769.29,1,1,2,PLATINUM,795,0
4925991,5161265,sdv-pii-b5zyl,709,Spain,Female,39,7,112801.86,1,1,0,44950.38,0,0,3,GOLD,854,1
15047261,2187814,sdv-pii-lkhyp,554,Germany,Female,38,4,136251.85,1,1,0,62309.69,0,0,4,DIAMOND,689,4
588976,589593,sdv-pii-y95nw,700,Germany,Female,44,2,134115.17,2,1,0,117041.09,1,1,4,PLATINUM,778,2
3076580,5951647,sdv-pii-tf9ft,573,Spain,Female,25,8,0.0,2,0,0,186706.39,1,0,1,PLATINUM,294,1
1018084,1613545,sdv-pii-vev39,635,Germany,Female,61,2,133470.65,2,1,1,183907.15,1,0,4,SILVER,903,4
5987137,1736255,sdv-pii-2njj8,850,Germany,Female,60,7,89165.84,1,0,0,51496.18,0,0,3,DIAMOND,909,4
9710373,7151994,sdv-pii-w886h,811,France,Male,25,9,0.0,1,1,0,100025.97,0,0,3,SILVER,338,0
6868361,11419685,sdv-pii-rzlak,647,Germany,Female,49,10,105495.66,1,0,0,169471.82,1,1,1,DIAMOND,310,4
4735600,5330420,sdv-pii-u4o48,734,France,Male,40,2,124080.32,1,0,0,189962.23,0,0,5,DIAMOND,647,0
13920946,14231046,sdv-pii-va0p1,622,Spain,Male,37,4,0.0,2,1,0,68876.5,0,0,2,DIAMOND,403,3
8013325,6928945,sdv-pii-rl42o,521,Spain,Female,36,3,0.0,1,1,1,40357.75,0,0,2,SILVER,878,1
94544,5008710,sdv-pii-w4lgo,620,Germany,Male,57,10,116999.05,1,1,0,84057.39,0,0,2,GOLD,752,0
7762816,7289963,sdv-pii-36o77,849,Germany,Male,46,8,142132.51,1,1,0,142613.4,0,0,5,DIAMOND,311,4
16342800,7003849,sdv-pii-475we,826,Spain,Female,23,9,0.0,2,1,0,110208.28,0,0,1,SILVER,234,1
9652676,12339444,sdv-pii-tl5to,541,Germany,Female,39,10,131123.4,2,0,0,17369.88,1,1,3,GOLD,352,2
6029089,12246624,sdv-pii-w17oq,689,Germany,Male,49,8,121067.3,1,1,0,118449.13,0,0,3,DIAMOND,873,4
5953048,12631569,sdv-pii-xiv50,677,Spain,Female,56,9,131677.89,1,1,0,178761.28,1,0,2,PLATINUM,913,1
5735264,6638690,sdv-pii-rv72b,673,France,Male,29,6,0.0,2,1,0,65544.22,0,0,5,GOLD,406,0
4086726,2189554,sdv-pii-1ehbh,614,Spain,Male,57,8,124219.71,1,1,1,120388.14,0,0,2,DIAMOND,724,3
10179940,12293494,sdv-pii-jsreh,556,France,Male,38,3,107899.32,2,0,0,16482.44,0,0,5,SILVER,918,0
11048590,9149056,sdv-pii-880nh,621,Spain,Female,24,3,0.0,2,0,0,26242.02,0,0,3,SILVER,922,1
9720859,1417122,sdv-pii-dgzme,614,France,Male,28,3,0.0,1,1,0,163302.1,0,0,1,DIAMOND,289,0
11665316,10884625,sdv-pii-yzr9w,800,Spain,Female,37,8,879.29,1,0,0,42573.34,0,0,1,SILVER,816,1
12644790,6848605,sdv-pii-3mj2z,788,Spain,Male,64,3,0.0,1,1,0,116029.12,1,1,2,PLATINUM,997,3
16395249,9777849,sdv-pii-1aqv6,590,France,Female,65,5,801.42,1,0,0,65099.24,1,1,3,PLATINUM,380,2
10534881,540507,sdv-pii-b3ive,644,France,Male,57,6,106709.44,1,0,0,58133.96,0,1,1,PLATINUM,258,0
2496516,2742146,sdv-pii-zpkvj,791,France,Male,36,6,0.0,2,0,1,2848.33,0,0,3,DIAMOND,956,0
5218283,941194,sdv-pii-q773i,754,Germany,Female,44,2,153299.55,4,0,0,46555.29,1,1,4,GOLD,242,2
3421867,12750391,sdv-pii-zxve6,548,Spain,Male,25,8,82.1,2,0,0,21525.88,0,0,3,PLATINUM,325,3
6221410,925566,sdv-pii-pasmk,626,Spain,Male,33,5,105082.98,1,1,1,32239.47,0,0,4,GOLD,924,3
15537165,14392831,sdv-pii-j95ga,486,France,Male,49,2,142855.78,1,1,0,31873.55,0,0,5,DIAMOND,962,0
6168695,13972109,sdv-pii-mswkh,521,Spain,Female,26,3,136861.9,2,1,0,100384.68,1,0,4,DIAMOND,478,1
5742487,4891657,sdv-pii-mzq7l,669,Germany,Female,33,10,114751.68,1,0,0,127996.39,0,0,4,PLATINUM,677,1
849420,15719424,sdv-pii-oqphs,704,France,Female,24,9,0.0,2,0,1,168280.04,0,0,2,DIAMOND,415,1
2572964,4671319,sdv-pii-tqv21,764,Spain,Female,41,3,109929.43,3,0,0,43598.61,1,1,2,DIAMOND,307,2
6915109,4331068,sdv-pii-ar399,760,France,Female,28,7,136154.6,1,1,1,107717.22,0,0,2,DIAMOND,394,1
4563703,14642796,sdv-pii-cyhme,703,Germany,Female,23,5,0.0,1,0,1,92938.9,0,0,2,PLATINUM,261,1
563498,1660809,sdv-pii-my0lf,680,Spain,Male,33,7,338.05,1,0,0,110491.37,0,0,5,GOLD,820,3
12166859,12787592,sdv-pii-bnwkk,692,Spain,Female,60,10,109741.02,1,0,0,116046.73,0,1,3,PLATINUM,834,2
14680665,13512735,sdv-pii-rbmxk,754,Spain,Female,32,3,0.0,2,1,0,109288.35,0,0,3,DIAMOND,338,1
6030620,3423068,sdv-pii-y00vl,616,Spain,Female,45,3,122329.55,3,0,0,29579.59,1,1,3,PLATINUM,668,2
6543020,7429248,sdv-pii-aoah4,655,France,Female,46,8,899.38,2,1,0,33778.67,0,0,3,PLATINUM,414,1
618737,8592813,sdv-pii-ztbxm,686,France,Female,43,5,90512.64,3,0,1,101815.06,1,1,4,PLATINUM,611,2
7514678,13270116,sdv-pii-wjy2q,677,Spain,Female,43,1,116546.34,1,0,0,61729.58,1,1,4,PLATINUM,949,2
7540199,12353254,sdv-pii-lk2b9,554,France,Female,42,8,132800.38,2,0,0,107716.2,1,1,1,PLATINUM,951,2
8499193,4945534,sdv-pii-uu0kn,675,France,Female,43,1,0.0,2,0,1,79528.37,0,0,3,PLATINUM,308,1
9364230,1192264,sdv-pii-uom3o,554,Spain,Female,34,8,750.29,2,0,1,135136.55,0,0,4,PLATINUM,468,1
1886379,13973106,sdv-pii-gmdry,594,Germany,Male,29,7,0.0,2,1,0,131802.69,0,0,2,DIAMOND,259,4
8264858,8177291,sdv-pii-t81w2,543,France,Female,44,2,0.0,2,1,1,106882.1,0,0,3,PLATINUM,433,1
12623387,13643818,sdv-pii-wr08v,566,Spain,Male,24,5,0.0,2,0,1,54620.14,0,0,2,DIAMOND,785,3
13419498,1287310,sdv-pii-7rrzf,593,Germany,Female,51,5,119493.77,3,0,1,55448.37,1,1,4,SILVER,749,2
714103,12895068,sdv-pii-qn4zu,689,Spain,Male,31,5,247.54,2,1,1,84316.08,0,0,2,SILVER,379,3
9266630,11925632,sdv-pii-o0mxe,501,France,Female,44,8,114539.14,2,1,1,144272.59,0,0,3,PLATINUM,618,1
12967680,7829247,sdv-pii-mebg5,652,Spain,Female,30,8,104793.65,1,0,1,46230.98,0,0,2,PLATINUM,843,1
4256918,13077229,sdv-pii-8c1sq,693,Germany,Male,31,5,133799.36,4,0,1,50254.62,1,1,2,GOLD,959,0
7196933,15137656,sdv-pii-kxcv5,634,France,Male,44,6,0.0,2,1,0,14918.69,1,1,5,SILVER,543,0
15310514,12195889,sdv-pii-ej3xe,643,Spain,Male,31,8,0.0,2,0,1,73682.15,0,0,3,PLATINUM,866,3
2361534,8192296,sdv-pii-j0mgm,753,France,Male,38,9,129043.59,2,0,0,161045.61,1,0,1,PLATINUM,306,0
8777736,6117039,sdv-pii-vin5l,535,Germany,Female,66,9,116387.25,4,0,1,104200.14,1,1,5,PLATINUM,776,2
6471094,6066850,sdv-pii-9qh7j,743,Spain,Male,29,8,0.0,1,0,1,105089.43,0,0,5,PLATINUM,555,3
4174943,11699957,sdv-pii-wvmhy,725,France,Female,34,6,0.0,2,0,1,102987.05,0,0,4,PLATINUM,974,1
10695143,11274990,sdv-pii-zbbgx,756,Germany,Female,53,1,109008.44,1,0,1,181094.02,0,0,2,SILVER,625,1
13198746,12312074,sdv-pii-aojtg,608,Spain,Male,34,2,114211.49,1,0,0,34674.88,0,0,5,PLATINUM,386,3
7171067,11570620,sdv-pii-dzujh,664,France,Male,26,4,0.0,2,0,0,51184.46,0,0,3,PLATINUM,830,0
9361634,12466787,sdv-pii-aozx7,712,Germany,Female,62,8,886.83,3,0,1,181251.49,1,1,4,SILVER,583,2
12564023,12360115,sdv-pii-o8au9,784,France,Male,69,6,189.3,2,1,1,49107.64,1,1,4,DIAMOND,603,0
989714,1876118,sdv-pii-du7m2,615,France,Male,33,5,118274.98,2,1,0,145889.29,0,0,2,GOLD,435,0
14066813,5081534,sdv-pii-gbkk9,732,Spain,Male,35,5,111831.27,2,1,1,23025.75,0,0,1,DIAMOND,822,3
11278970,1812288,sdv-pii-holdn,531,France,Female,45,6,108486.53,1,0,0,67016.07,1,1,1,PLATINUM,473,2
14984658,14511481,sdv-pii-d9ypw,612,Spain,Male,29,5,516.44,2,1,0,80471.35,0,0,3,GOLD,366,3
5322999,15344560,sdv-pii-c2h0s,606,France,Male,45,3,149213.7,4,1,1,9374.0,0,1,3,DIAMOND,443,0
4299417,3962683,sdv-pii-dhw50,776,France,Female,61,6,141634.76,1,1,0,52461.1,0,1,3,DIAMOND,959,2
5732785,15942731,sdv-pii-io2q0,835,France,Male,63,8,116194.94,1,1,0,14448.55,1,1,3,DIAMOND,704,0
12551114,12963392,sdv-pii-c7gw5,640,Spain,Female,53,2,0.0,2,1,1,199992.48,0,0,2,GOLD,290,1
2471314,16445568,sdv-pii-39yx8,525,Germany,Male,50,9,78774.79,1,1,0,50344.44,0,0,2,GOLD,610,0
16141603,4778817,sdv-pii-w1i9j,537,Spain,Male,39,5,116265.08,3,0,0,114027.21,1,1,1,DIAMOND,764,3
3825025,14914092,sdv-pii-3q732,688,Germany,Male,35,4,798.61,2,1,0,57554.0,0,0,4,PLATINUM,607,0
5984311,15139043,sdv-pii-7f9oj,593,France,Male,38,4,0.0,2,0,0,122093.35,1,1,3,PLATINUM,542,0
7577086,11708492,sdv-pii-1acf4,560,Germany,Female,44,4,128678.63,1,1,0,148001.04,1,1,3,DIAMOND,815,4
2797670,10480402,sdv-pii-xjgg1,596,Spain,Female,47,9,101365.21,1,1,0,46974.21,0,0,3,PLATINUM,673,1
7818210,8436642,sdv-pii-m8k7b,685,Spain,Female,25,8,0.0,2,1,1,83945.07,0,0,4,PLATINUM,298,1
3069830,13764360,sdv-pii-hv32f,562,Spain,Male,29,8,0.0,2,1,1,129842.3,0,0,4,PLATINUM,841,3
11415690,8380591,sdv-pii-ng9lk,681,Germany,Male,31,9,2.01,2,1,0,56117.41,0,0,3,DIAMOND,879,4
2833459,4679825,sdv-pii-ieqp2,629,France,Male,19,6,164521.99,1,1,0,151054.07,0,0,1,GOLD,830,0
14225460,9950595,sdv-pii-al4fp,728,Spain,Male,38,7,0.0,2,1,1,66520.4,0,0,2,PLATINUM,630,3
13253164,5157113,sdv-pii-ywnlf,468,Germany,Female,74,8,118719.11,3,0,0,49774.2,1,1,2,DIAMOND,908,4
10970389,1605344,sdv-pii-e35ed,725,Spain,Female,40,3,0.0,2,1,1,71731.23,0,0,2,SILVER,327,1
6888445,14098936,sdv-pii-9dgwc,536,Germany,Male,58,8,100245.63,1,1,1,168460.95,0,1,3,SILVER,522,0
2232080,2844587,sdv-pii-4p8wl,764,Spain,Female,23,5,316.32,2,0,1,126854.91,0,1,5,DIAMOND,940,1
8482953,1747108,sdv-pii-jq129,524,Germany,Male,40,5,120932.95,3,1,0,73596.43,1,1,5,DIAMOND,272,4
7642257,11096774,sdv-pii-bim03,538,France,Male,30,8,120699.5,2,0,0,55445.79,0,0,3,PLATINUM,434,0
8543215,14621930,sdv-pii-32m4u,561,Spain,Female,26,1,436.87,2,0,1,136013.06,0,0,4,PLATINUM,797,1
6418912,13809936,sdv-pii-vf9f4,788,Spain,Female,31,8,0.0,2,1,1,170648.22,0,0,2,PLATINUM,221,1
15728161,13103984,sdv-pii-o2nxd,803,France,Male,27,5,0.0,2,1,0,168498.21,0,0,5,PLATINUM,627,0
2247177,8973851,sdv-pii-24j52,669,Spain,Male,28,2,0.0,2,1,1,51101.49,0,0,2,SILVER,388,3
15374591,7767465,sdv-pii-49rh4,567,France,Female,47,9,0.0,4,0,0,42143.79,1,1,1,PLATINUM,461,2
785380,15831719,sdv-pii-ey6gy,850,France,Male,56,1,0.0,1,0,1,115590.92,1,1,2,SILVER,952,0
2714991,8261272,sdv-pii-e5yxk,544,France,Female,44,8,137447.59,1,1,1,27731.25,1,1,2,DIAMOND,875,2
11814543,10742402,sdv-pii-ykjfj,586,Germany,Female,49,6,149046.37,2,1,1,52700.49,0,0,5,PLATINUM,967,1
4471450,10967716,sdv-pii-fqs72,643,France,Female,46,4,849.11,2,1,0,128361.71,0,0,3,PLATINUM,972,1
15904380,5236733,sdv-pii-4q9cl,762,Spain,Female,21,5,0.0,1,1,1,57601.88,0,0,3,DIAMOND,584,1
16671237,8217198,sdv-pii-a2qsn,677,Spain,Female,35,3,0.0,2,0,1,162961.48,0,0,4,DIAMOND,294,1
11251146,14987495,sdv-pii-zspt7,599,France,Male,37,8,122074.97,2,0,0,13126.45,1,1,3,GOLD,344,0
4156736,4537711,sdv-pii-kgm8f,587,France,Male,40,9,111753.62,1,0,0,37998.15,1,1,1,GOLD,285,0
14040569,10712182,sdv-pii-m4mno,676,Germany,Female,55,3,94802.66,1,1,1,39110.7,1,1,4,DIAMOND,845,4
11528303,6816615,sdv-pii-w8pbe,725,Spain,Male,39,3,127938.25,2,1,0,27742.65,0,0,5,PLATINUM,381,3
4041020,16212450,sdv-pii-u7ld1,754,Spain,Female,61,5,730.99,2,1,0,63549.38,0,0,1,DIAMOND,872,1
13292658,7162624,sdv-pii-6h7td,578,Germany,Female,45,8,129753.6,2,1,0,199992.48,0,0,3,GOLD,413,1
16485955,8533708,sdv-pii-hpg6u,555,Spain,Female,26,8,120699.81,2,1,0,104116.02,0,0,3,PLATINUM,464,1
13726315,12745839,sdv-pii-2zgby,692,Spain,Female,25,8,517.57,2,0,0,116075.35,0,0,5,DIAMOND,700,1
4247424,7059924,sdv-pii-tgeg6,664,Spain,Male,53,2,1431.89,2,1,0,40804.77,0,0,4,DIAMOND,453,3
5030522,8566218,sdv-pii-9e9td,528,Germany,Male,51,1,126518.1,1,1,0,194445.11,1,1,4,GOLD,857,0
8241569,5764419,sdv-pii-1b20j,653,Spain,Female,28,8,0.0,2,0,1,68600.3,0,0,3,PLATINUM,789,1
5153176,12849383,sdv-pii-qk4zv,710,France,Female,25,1,65313.91,1,1,1,147814.19,0,0,1,PLATINUM,290,1
14789491,11727145,sdv-pii-rwjy7,505,Spain,Female,23,9,695.42,2,0,0,3076.06,0,0,3,DIAMOND,741,1
13207627,8151214,sdv-pii-e2tbq,491,Germany,Female,60,5,125440.4,3,1,0,46349.65,1,1,3,PLATINUM,295,2
840874,8085412,sdv-pii-6ic4o,557,France,Female,45,6,0.0,2,1,0,83536.11,0,0,5,PLATINUM,760,1
8469102,1203702,sdv-pii-mixfe,567,Germany,Female,37,6,135208.34,1,0,0,93105.62,1,1,2,GOLD,806,2
1217058,7526597,sdv-pii-09ahi,569,France,Male,44,8,101024.95,2,1,0,60533.68,1,1,3,SILVER,646,0
8123922,8868748,sdv-pii-1344b,599,Spain,Male,35,2,98395.42,1,1,1,42586.78,0,0,4,SILVER,402,3
11846446,4404347,sdv-pii-yy6r9,519,Germany,Female,45,8,96684.9,1,1,0,33884.47,1,1,4,DIAMOND,633,4
14107104,16476339,sdv-pii-g8anx,558,Germany,Male,43,2,0.0,2,0,0,54820.81,1,0,5,DIAMOND,520,4
10088007,3337721,sdv-pii-p0d6s,540,France,Female,47,5,120769.01,2,0,1,181836.09,0,0,5,DIAMOND,317,1
10925527,9862006,sdv-pii-zyoad,691,Spain,Male,33,8,774.05,1,1,1,3696.61,0,0,2,GOLD,429,3
5460334,2403380,sdv-pii-s4xfx,620,France,Female,55,4,0.0,2,1,1,135361.08,0,0,3,PLATINUM,568,1
15933617,8434390,sdv-pii-zacv1,510,France,Female,46,8,189.56,2,1,0,168404.62,0,1,2,SILVER,716,2
14100758,5196983,sdv-pii-8qw6m,581,Spain,Male,34,6,133264.67,2,1,0,87153.91,0,0,3,DIAMOND,546,3
9984008,11797388,sdv-pii-vf57y,706,Germany,Female,44,8,98622.78,1,0,0,11.58,1,1,3,SILVER,336,2
7811409,12095348,sdv-pii-gelim,573,France,Female,40,2,125680.14,2,1,0,48487.3,0,0,1,GOLD,469,1
1849587,12517648,sdv-pii-rqvco,588,Spain,Female,28,6,0.0,2,1,0,134518.12,0,0,3,SILVER,490,1
5451440,16434975,sdv-pii-d7voi,516,Germany,Male,41,8,106636.92,1,1,1,17536.07,0,0,4,DIAMOND,630,4
5913421,12704771,sdv-pii-sngty,519,Spain,Male,39,5,141102.58,2,0,1,95241.09,0,0,3,SILVER,821,3
230562,4618301,sdv-pii-gpdn2,513,Spain,Female,28,9,103206.07,1,1,0,126187.97,0,0,2,PLATINUM,832,1
15787017,4846805,sdv-pii-0rx3y,565,Spain,Female,27,3,0.0,2,0,1,43308.15,0,0,2,PLATINUM,603,1
11212712,12620053,sdv-pii-giqg0,718,Spain,Female,25,10,0.0,2,0,0,37795.69,0,0,1,DIAMOND,312,1
10863287,6877117,sdv-pii-0prd5,672,Germany,Female,44,1,103278.87,1,0,0,178076.68,1,0,5,GOLD,532,2
9440146,8362297,sdv-pii-xix0f,612,Germany,Female,40,9,154811.56,2,1,0,154093.91,0,0,4,PLATINUM,394,1
3873569,2209678,sdv-pii-rypho,539,France,Female,49,8,0.0,1,0,1,129871.7,0,0,4,DIAMOND,453,1
5269356,11239266,sdv-pii-3ejtk,702,Spain,Male,46,6,0.0,1,1,1,65657.68,0,0,3,DIAMOND,783,3
14952839,14384187,sdv-pii-v7w9a,614,Germany,Male,38,8,3012.39,1,0,0,35239.59,1,1,2,PLATINUM,377,0
1536459,4965073,sdv-pii-xwo7o,795,Spain,Female,33,7,98453.77,1,0,0,38570.18,0,0,5,DIAMOND,663,1
6320102,3631338,sdv-pii-kiwai,727,France,Male,65,8,133950.62,1,1,0,129165.07,1,1,4,DIAMOND,663,0
12471100,4105610,sdv-pii-gm6p9,523,Germany,Female,48,1,168014.69,3,0,0,49005.69,1,1,4,PLATINUM,501,2
15872485,529849,sdv-pii-4us0k,676,Spain,Male,44,8,122148.93,1,1,1,85112.56,0,0,3,SILVER,579,3
14202998,5896915,sdv-pii-p97ak,502,France,Female,41,8,136999.69,2,1,1,30394.21,1,1,5,SILVER,465,2
399220,2230051,sdv-pii-1x7mf,613,Spain,Female,63,5,111555.77,1,1,1,55802.8,0,0,4,SILVER,893,1
7296865,8239213,sdv-pii-2rm7n,759,Germany,Male,40,9,108986.98,1,1,0,60384.34,0,0,2,PLATINUM,766,0
3096087,2728796,sdv-pii-chco8,698,Spain,Female,41,3,136463.18,2,1,0,6319.62,0,0,1,PLATINUM,711,1
1365824,77085,sdv-pii-1ovxv,571,Germany,Male,28,1,109002.1,1,0,0,47192.28,0,0,3,PLATINUM,280,0
11742626,5003575,sdv-pii-lmqsr,700,France,Male,37,8,122857.93,1,1,0,107896.37,0,0,4,PLATINUM,683,0
7777856,3638171,sdv-pii-grznw,569,Spain,Female,34,2,1161.29,2,0,0,105864.65,0,0,1,GOLD,426,1
11868514,15780319,sdv-pii-iludg,574,Spain,Male,24,8,0.0,2,1,1,89455.07,0,0,2,GOLD,485,3
14608742,4378740,sdv-pii-k62x8,516,Spain,Male,49,5,128385.09,1,1,1,43667.71,1,1,5,DIAMOND,273,3
15911743,5079776,sdv-pii-03ftd,472,Germany,Male,52,7,92818.93,1,1,0,59397.57,1,1,4,GOLD,546,0
5445940,12331644,sdv-pii-6rf36,582,Germany,Female,60,10,146487.28,1,0,0,57266.14,1,1,2,PLATINUM,667,2
14266834,11122129,sdv-pii-vahr0,677,France,Female,61,9,1490.38,2,0,1,125921.6,0,0,3,DIAMOND,325,1
16595041,13143139,sdv-pii-t57ui,608,France,Female,41,7,0.0,1,1,0,43456.24,0,0,3,PLATINUM,560,1
14193640,9644963,sdv-pii-omjqm,531,Spain,Male,39,1,132730.56,1,1,0,98274.98,0,0,3,PLATINUM,843,3
4720675,11308011,sdv-pii-9m79p,553,Germany,Female,63,4,133097.66,1,1,0,54378.1,1,1,5,PLATINUM,888,2
7248567,9680737,sdv-pii-ds4s5,562,Spain,Male,37,10,0.0,2,1,0,107926.27,0,0,3,DIAMOND,750,3
15847061,7896276,sdv-pii-zk72b,629,France,Male,37,6,1366.41,1,0,0,116559.43,0,0,3,SILVER,471,0
6253090,14400568,sdv-pii-tpxyc,595,France,Female,37,3,930.55,2,1,1,109041.53,0,0,1,SILVER,255,1
14957952,5861867,sdv-pii-yne2q,554,Spain,Male,57,9,0.0,2,1,1,25819.18,0,0,1,PLATINUM,809,3
10785551,3808209,sdv-pii-qgxgf,522,Germany,Female,41,8,1248.84,1,1,1,118241.39,0,0,5,DIAMOND,919,4
8425308,12357773,sdv-pii-gjtlp,725,Spain,Male,32,9,257.27,2,1,1,87067.21,0,0,3,GOLD,668,3
15325507,13027675,sdv-pii-lkqyd,707,Germany,Female,32,5,113996.27,1,0,1,30998.38,0,0,2,GOLD,952,1
13462474,3333882,sdv-pii-ltiao,709,Spain,Male,27,5,218.92,2,1,1,26163.92,0,0,4,PLATINUM,353,3
12080318,16037099,sdv-pii-i9iz0,587,France,Female,31,8,123463.64,1,1,0,38160.53,0,0,3,PLATINUM,811,1
14112265,4735103,sdv-pii-uuxan,530,Germany,Female,43,4,105034.5,1,1,0,156754.97,0,0,3,DIAMOND,633,4
10476773,5453094,sdv-pii-98yks,537,France,Male,58,7,76930.45,2,0,0,58625.7,1,1,2,PLATINUM,855,0
2809865,11835203,sdv-pii-g6yhp,558,France,Female,33,5,0.0,2,0,0,57862.13,0,0,2,PLATINUM,835,1
14077592,3659006,sdv-pii-ilby7,722,Spain,Male,29,5,60.89,2,1,0,46017.77,0,0,1,SILVER,216,3
1858435,676188,sdv-pii-rxm1z,726,France,Female,29,10,91580.21,2,0,1,151569.34,0,0,5,PLATINUM,876,1
4074750,7730684,sdv-pii-2urv4,700,France,Female,22,8,118396.95,2,1,0,87466.27,0,0,4,PLATINUM,370,1
12487411,14832337,sdv-pii-ymrj5,634,Spain,Male,41,1,109468.16,2,0,1,70046.48,0,0,2,PLATINUM,698,3
5395399,9345044,sdv-pii-6syry,654,Spain,Male,28,8,67982.1,2,1,0,52642.67,0,0,1,SILVER,555,3
10774349,5551004,sdv-pii-i700g,494,Spain,Female,35,8,144191.22,1,0,0,127132.86,0,0,3,GOLD,381,1
3899311,9147429,sdv-pii-tecue,533,Germany,Female,63,5,97089.65,1,0,0,108086.52,1,1,1,DIAMOND,856,4
3533645,1949880,sdv-pii-ulemx,587,Spain,Female,25,8,0.0,2,0,1,125087.09,0,0,5,PLATINUM,877,1
9645946,9842247,sdv-pii-tmfrv,578,Germany,Female,42,3,1412.89,2,1,0,145492.22,0,0,2,DIAMOND,903,4
285381,16086515,sdv-pii-angwu,727,Germany,Female,46,3,105983.27,1,1,0,5814.25,1,1,2,DIAMOND,328,4
10632924,6701258,sdv-pii-j015m,715,Spain,Male,25,5,52210.5,2,0,0,146714.04,0,0,3,PLATINUM,536,3
3332692,7361404,sdv-pii-5qpg1,612,Spain,Female,40,5,1289.81,2,1,0,19868.93,0,0,4,GOLD,930,1
2853877,10414531,sdv-pii-gzizo,590,France,Male,39,9,119484.04,1,1,0,41039.47,0,0,2,SILVER,281,0
10802821,522470,sdv-pii-082yq,826,Germany,Male,31,7,131248.07,2,1,0,121499.94,0,0,2,PLATINUM,825,0
13951104,12320624,sdv-pii-4ukpd,719,Spain,Female,52,5,72778.83,2,1,0,149366.29,0,0,2,SILVER,876,1
3424047,507517,sdv-pii-el3mo,690,Germany,Female,38,8,143505.01,2,1,0,158316.32,1,0,5,GOLD,269,4
8424532,8135145,sdv-pii-qb6j4,606,Spain,Male,40,2,117117.37,2,1,0,69818.31,1,1,2,SILVER,1000,3
15075105,8148567,sdv-pii-fffl7,727,Spain,Female,27,8,0.0,2,0,1,111435.05,0,0,4,DIAMOND,497,1
4635503,7543120,sdv-pii-6dh06,648,Germany,Female,32,4,116467.25,2,1,0,76646.7,0,0,5,SILVER,649,1
15103272,1070525,sdv-pii-z40gp,551,Spain,Male,66,10,107663.14,3,0,0,6899.24,1,1,4,DIAMOND,732,3
14870334,4791750,sdv-pii-uf04h,632,France,Male,39,1,120108.95,2,0,0,182715.33,0,0,3,GOLD,549,0
11001418,5540503,sdv-pii-4bqws,747,Germany,Female,55,1,124523.48,1,0,0,111950.82,1,0,4,PLATINUM,615,2
7259087,13895346,sdv-pii-w5wdd,469,Spain,Female,33,8,160784.89,1,0,1,60270.37,1,1,3,DIAMOND,542,2
6313556,9563459,sdv-pii-45chc,764,Spain,Male,65,8,45.76,2,0,0,67606.27,0,0,4,PLATINUM,626,3
2174246,13982310,sdv-pii-5vnw1,631,Spain,Female,30,8,0.0,2,1,1,108700.51,0,0,5,PLATINUM,362,1
12929435,5069384,sdv-pii-5s6zg,559,France,Female,54,5,120998.83,1,0,0,103256.68,1,1,5,DIAMOND,371,2
855661,9538885,sdv-pii-cp3fm,509,France,Female,32,5,130231.42,1,0,1,78098.34,0,0,3,GOLD,382,1
5405590,13170670,sdv-pii-xwdm6,499,Germany,Female,35,8,123649.12,3,1,0,41433.69,1,1,4,DIAMOND,730,4
14477155,4466361,sdv-pii-62cnf,532,Germany,Female,46,8,110087.76,1,0,0,180608.5,1,1,3,PLATINUM,943,2
10729747,14565426,sdv-pii-ljpqu,753,France,Male,66,8,0.0,2,0,1,72464.08,0,0,3,DIAMOND,1000,0
1379358,16160527,sdv-pii-j8m2k,687,Germany,Female,29,8,96738.48,2,1,0,121272.32,0,1,3,SILVER,583,4
13092039,3472016,sdv-pii-98pi9,597,Germany,Female,29,3,93197.09,1,1,1,141649.85,0,0,1,DIAMOND,773,4
11541032,6770681,sdv-pii-o1y7g,705,France,Female,59,9,120368.56,1,1,0,160808.4,0,0,5,PLATINUM,303,1
13021933,1408463,sdv-pii-b9dop,588,Germany,Female,23,6,82119.81,1,1,0,49510.45,0,0,3,PLATINUM,292,1
20174,6666734,sdv-pii-0w5gh,572,Germany,Female,21,2,117940.38,2,0,0,122193.69,0,0,3,PLATINUM,767,1
6488252,488830,sdv-pii-1fm3v,583,Germany,Female,30,7,111675.11,1,1,0,194631.59,0,0,3,GOLD,936,1
8661519,8761062,sdv-pii-ewto1,670,Spain,Female,37,1,22.53,1,1,1,151142.2,0,0,5,GOLD,918,1
14393051,3273410,sdv-pii-6885b,609,Spain,Male,35,1,0.0,2,1,0,65135.27,0,0,5,SILVER,433,3
9901566,16745760,sdv-pii-ebzj0,515,Germany,Female,33,10,0.0,1,1,0,174560.76,0,0,4,SILVER,796,1
820896,14550119,sdv-pii-1jddk,726,Germany,Female,25,8,113095.73,2,1,0,140056.71,0,0,4,GOLD,883,1
12643727,7439683,sdv-pii-pjjtz,539,France,Female,27,8,0.0,2,0,0,48957.82,0,0,2,SILVER,924,1
9017510,15654798,sdv-pii-sd6sk,548,Germany,Male,44,8,138934.26,4,1,0,79180.7,1,1,2,PLATINUM,484,0
8557371,1066591,sdv-pii-d5dr8,537,Germany,Female,43,3,91538.26,1,0,0,81602.2,1,1,3,PLATINUM,825,2
4853621,10958189,sdv-pii-ffuhs,595,Spain,Male,35,3,100637.61,2,1,1,57212.07,0,0,3,GOLD,268,3
7722995,6715020,sdv-pii-gj9p6,498,France,Female,24,8,111070.11,2,1,0,175048.38,0,1,4,PLATINUM,871,2
6680719,3146240,sdv-pii-metw1,523,Germany,Female,60,4,135620.02,4,0,0,165120.98,1,1,4,PLATINUM,445,2
12961342,12097287,sdv-pii-74o79,679,Spain,Female,53,7,93585.02,4,0,0,146163.66,1,1,5,GOLD,607,2
8432467,8108465,sdv-pii-30n1m,781,Spain,Female,32,2,163.05,2,0,1,96788.48,0,0,3,DIAMOND,235,1
10459901,13020372,sdv-pii-dsnto,700,Spain,Male,48,8,124033.57,2,1,0,104113.32,0,0,4,SILVER,665,3
9048334,7394924,sdv-pii-w4yje,668,France,Male,53,9,1447.17,2,0,0,48942.67,1,1,5,PLATINUM,306,0
4147183,8094440,sdv-pii-fcgax,564,Germany,Female,39,5,108314.17,1,0,0,30577.53,1,1,5,SILVER,566,2
9830441,9078763,sdv-pii-h6cii,707,France,Female,55,5,215.27,1,1,1,54646.81,0,0,3,DIAMOND,607,1
4431684,11780935,sdv-pii-m9edj,571,Spain,Male,60,6,0.0,1,0,1,149765.36,0,0,3,SILVER,419,3
12446726,6578559,sdv-pii-txt94,803,France,Male,46,3,121331.91,2,1,1,42553.48,0,1,3,DIAMOND,313,0
4044055,12913817,sdv-pii-b08i3,498,France,Female,64,9,139171.47,1,0,1,32034.12,1,1,3,PLATINUM,302,2
8272057,10863153,sdv-pii-hmur6,554,France,Female,44,6,121575.93,2,1,0,69714.28,1,1,5,SILVER,687,2
12052823,12674250,sdv-pii-iqwe3,749,Germany,Male,30,5,121250.6,2,0,1,129207.13,0,0,3,GOLD,966,0
1789994,11225706,sdv-pii-kb1dv,559,Spain,Female,42,5,1307.34,2,0,0,62756.71,1,1,1,PLATINUM,808,2
16012881,1271022,sdv-pii-u192i,695,Spain,Male,35,2,131659.16,1,0,1,125749.34,0,0,1,DIAMOND,608,3
11348545,10815892,sdv-pii-lb8km,640,Spain,Male,27,9,126880.46,2,1,0,65601.2,0,0,3,GOLD,340,3
8084788,9582639,sdv-pii-n5onx,725,Spain,Male,65,6,0.0,2,1,1,149983.05,0,0,3,DIAMOND,410,3
15752268,11073161,sdv-pii-t0usx,594,France,Female,35,5,0.0,1,0,0,43768.75,1,1,4,DIAMOND,836,2
13757369,4594475,sdv-pii-zhm05,509,Spain,Female,47,2,0.0,2,1,1,88948.16,1,1,4,GOLD,305,2
8283620,12317507,sdv-pii-zgfif,600,France,Male,50,3,110970.7,2,1,0,34293.75,1,1,1,GOLD,358,0
7718885,13031810,sdv-pii-jrewd,712,Spain,Male,32,5,0.0,2,1,0,82638.93,0,0,4,DIAMOND,943,3
10903274,7366466,sdv-pii-ceao8,628,Spain,Female,32,2,377.59,2,1,1,45435.08,0,0,3,SILVER,287,1
14120951,4040167,sdv-pii-1lm7r,678,France,Female,36,5,115997.35,3,1,0,40254.76,1,1,2,DIAMOND,836,2
8379295,14650042,sdv-pii-xa9o3,744,Spain,Male,42,5,0.0,1,0,0,45252.23,1,0,3,DIAMOND,853,3
9568358,12129380,sdv-pii-r4pb5,606,France,Female,24,3,0.0,2,1,1,125882.32,0,0,2,PLATINUM,290,1
1375163,1287216,sdv-pii-vpkik,556,Germany,Male,37,5,0.0,3,0,0,63683.81,1,1,4,DIAMOND,295,4
1441200,5951349,sdv-pii-xsiq1,530,France,Male,45,4,156704.39,1,1,0,25471.79,1,1,5,PLATINUM,626,0
983550,14451644,sdv-pii-bk449,662,France,Male,43,8,143534.4,1,0,1,13534.1,1,1,5,PLATINUM,499,0
9701065,11371099,sdv-pii-1qmh0,799,Spain,Male,31,3,141.87,2,1,0,46801.36,0,0,3,DIAMOND,733,3
3378663,2028268,sdv-pii-l6t9r,734,Spain,Male,63,8,133095.16,2,0,0,33351.96,0,0,4,DIAMOND,324,3
10282267,3588922,sdv-pii-9obbl,576,France,Male,28,5,0.0,2,1,1,27223.24,0,0,2,PLATINUM,391,0
13760017,5614565,sdv-pii-05ds2,598,Germany,Female,46,5,133098.59,2,1,1,77254.39,1,1,2,DIAMOND,297,4
3099484,7805475,sdv-pii-yl6r6,670,Spain,Female,34,5,133740.7,1,0,0,164957.94,1,1,2,DIAMOND,508,2
3206969,16226874,sdv-pii-hlh9b,637,Germany,Female,52,9,129756.2,1,1,0,150353.31,0,0,4,DIAMOND,620,4
4024739,10717670,sdv-pii-d50h7,491,Germany,Female,36,5,53259.17,1,0,1,113746.16,1,1,3,DIAMOND,603,4
7112123,4429693,sdv-pii-up6h5,498,Germany,Male,41,4,112828.49,1,0,1,82223.04,0,0,2,SILVER,278,0
13521543,8328518,sdv-pii-b6dbo,524,Germany,Female,35,3,134059.46,1,0,0,3985.32,0,0,2,PLATINUM,524,1
6867628,8826734,sdv-pii-j7zvl,523,France,Female,33,8,133429.01,2,1,0,52678.21,0,0,3,SILVER,599,1
5983999,12427180,sdv-pii-i3r6g,625,Germany,Female,46,2,126450.04,1,1,1,46443.16,1,1,1,DIAMOND,627,4
3211030,2558418,sdv-pii-ub6m7,822,France,Female,41,3,0.0,2,1,0,26404.32,0,0,3,DIAMOND,723,1
13619357,6006920,sdv-pii-kbz2y,796,Germany,Female,33,10,129110.36,1,1,0,75155.31,0,0,3,DIAMOND,391,4
1727492,12043047,sdv-pii-pojjv,760,Spain,Male,38,0,0.0,1,0,1,36002.98,0,0,3,SILVER,413,3
13855231,11181628,sdv-pii-trong,523,France,Male,37,8,105661.87,1,0,0,62303.21,1,1,3,DIAMOND,908,0
6069121,3214819,sdv-pii-mobla,748,France,Male,37,8,94146.53,2,1,0,9943.48,0,0,1,PLATINUM,357,0
13315622,14319314,sdv-pii-usyno,658,France,Female,46,2,1128.23,2,1,1,52328.27,0,0,3,DIAMOND,454,1
6297180,8052077,sdv-pii-gxq2f,769,Spain,Female,22,5,102705.91,1,1,0,84456.98,0,0,5,SILVER,603,1
15187793,5837734,sdv-pii-1ig4d,836,Spain,Female,38,10,143220.64,1,1,0,12885.09,1,1,3,DIAMOND,425,2
12685155,9071987,sdv-pii-lo50l,591,France,Female,21,8,128440.07,2,0,0,150140.06,0,0,4,SILVER,496,1
11047228,4855267,sdv-pii-yak5i,624,Germany,Female,33,8,0.0,1,0,0,130996.94,0,0,1,DIAMOND,934,4
11719174,11722194,sdv-pii-bv4ao,568,France,Female,44,7,83694.73,1,0,1,52735.5,0,0,4,PLATINUM,896,1
10225129,15913769,sdv-pii-ff5jm,619,France,Male,53,6,136830.0,3,0,0,141605.15,1,1,5,DIAMOND,606,0
76006,1878937,sdv-pii-72y31,609,France,Female,58,6,128149.34,1,1,0,96117.0,1,1,3,SILVER,873,2
6694034,10295727,sdv-pii-23ljy,695,Spain,Female,35,5,141491.21,1,0,0,51061.9,0,0,3,GOLD,414,1
13557054,3960908,sdv-pii-y3zzu,560,Germany,Female,35,9,121607.94,1,0,0,129963.55,0,0,1,PLATINUM,794,1
15741372,6206639,sdv-pii-aqxhb,517,Germany,Male,34,10,117392.61,1,1,1,161589.56,1,1,4,PLATINUM,609,0
11561399,15152860,sdv-pii-1yq04,594,Germany,Female,30,9,1933.2,2,1,0,21721.76,0,0,4,GOLD,987,1
13741512,5596624,sdv-pii-2gb19,642,Germany,Female,40,10,100615.28,2,1,0,156933.04,0,0,3,DIAMOND,653,4
6998987,16012307,sdv-pii-qkraa,613,Germany,Female,53,3,110362.73,1,0,1,63951.69,1,1,3,DIAMOND,681,4
7323921,7032121,sdv-pii-sdvwg,598,France,Female,33,7,115875.52,1,1,1,161933.38,0,0,5,PLATINUM,371,1
8974381,13699376,sdv-pii-nc2eq,621,France,Female,38,2,156456.9,2,1,1,84460.09,0,0,3,PLATINUM,980,1
663886,13104965,sdv-pii-o7use,635,France,Male,40,10,96399.17,1,1,0,131466.8,0,1,2,GOLD,476,0
15244713,6795054,sdv-pii-1vva8,564,Spain,Male,38,8,126820.65,1,0,0,18811.24,0,0,4,GOLD,649,3
4820832,9586831,sdv-pii-oi8bw,840,France,Female,39,2,1675.17,2,1,1,41233.42,1,1,3,DIAMOND,958,2
13607242,4548622,sdv-pii-oidn6,744,Germany,Female,49,8,130818.46,1,0,0,49369.16,1,1,5,PLATINUM,683,2
14179611,13611759,sdv-pii-d5mrm,525,Germany,Female,37,5,127947.24,3,1,0,144683.91,1,0,5,PLATINUM,823,2
3838752,15059701,sdv-pii-8cap3,786,France,Female,48,9,127758.13,1,0,0,82245.7,1,1,2,DIAMOND,415,2
5519443,4675556,sdv-pii-jxqh4,562,Germany,Male,43,7,124957.56,1,1,0,69312.89,1,1,4,PLATINUM,571,0
1391673,6031256,sdv-pii-p44uj,717,Spain,Male,28,3,155008.12,2,0,0,179929.54,0,0,3,GOLD,513,3
16584116,13142415,sdv-pii-wfu5h,582,Germany,Female,49,1,87785.63,2,1,1,72177.53,0,0,4,DIAMOND,266,4
16632327,8046885,sdv-pii-pmv6w,771,France,Male,39,4,87467.93,1,0,0,111754.26,0,0,4,DIAMOND,661,0
8622557,15715782,sdv-pii-qo4oz,607,Spain,Female,28,6,354.93,2,0,1,95791.76,0,0,2,PLATINUM,910,1
15939205,14567819,sdv-pii-iez8z,596,Spain,Female,26,6,0.0,2,0,1,153617.3,0,0,5,GOLD,831,1
11896262,13003454,sdv-pii-a8dfs,754,Germany,Female,44,1,156004.23,1,1,1,100095.48,1,1,4,DIAMOND,848,4
960190,2034213,sdv-pii-bvpw6,629,France,Female,32,5,117372.5,2,1,0,148098.3,0,0,5,PLATINUM,715,1
11978853,11616236,sdv-pii-wgosy,624,France,Male,39,3,139798.69,2,0,0,89661.62,0,0,2,SILVER,463,0
13921396,14764156,sdv-pii-fvpxv,556,Spain,Male,29,2,61109.96,2,0,1,156485.23,0,0,4,PLATINUM,300,3
11530651,15007993,sdv-pii-3ltge,601,Spain,Male,42,9,151439.86,2,1,1,141267.8,0,0,3,SILVER,844,3
14578077,3264835,sdv-pii-r6s56,513,France,Male,50,6,122453.91,1,0,1,46368.9,1,1,4,PLATINUM,593,0
237056,2722302,sdv-pii-g406t,662,Spain,Female,26,6,123240.45,1,1,1,154595.95,0,0,3,DIAMOND,884,1
6951111,11046625,sdv-pii-ijfrw,515,Germany,Female,28,0,140247.19,1,0,1,129707.59,0,0,3,GOLD,873,1
14048996,15360485,sdv-pii-tnxzg,487,Spain,Male,24,4,0.0,2,0,0,138739.71,0,0,4,PLATINUM,282,3
3793824,14400766,sdv-pii-oa898,662,France,Female,49,9,0.0,2,0,1,93768.33,0,0,3,DIAMOND,579,1
10174447,13356564,sdv-pii-yn0bv,541,France,Male,31,6,2562.86,3,0,0,12523.66,1,1,2,PLATINUM,554,0
3388719,2985688,sdv-pii-j4770,709,Germany,Male,67,7,113586.75,1,0,0,73148.88,1,1,4,DIAMOND,683,4
7618234,2645680,sdv-pii-t732o,765,Germany,Male,32,4,0.0,1,1,0,80241.81,0,0,3,DIAMOND,822,4
13985509,9918228,sdv-pii-b3q6r,632,France,Female,24,1,0.0,1,0,0,186040.66,0,0,2,PLATINUM,969,1
3864512,1249757,sdv-pii-rsrrm,539,Spain,Female,28,3,141362.64,3,1,1,26635.18,0,0,2,DIAMOND,839,1
4624222,15677333,sdv-pii-exbzv,730,France,Female,32,5,100352.27,1,1,1,93856.57,0,0,3,DIAMOND,798,1
14575506,114933,sdv-pii-dm4na,624,Germany,Female,39,8,102815.08,3,1,0,140736.01,1,1,4,PLATINUM,344,2
15395449,295905,sdv-pii-gl3rn,589,France,Female,48,10,102650.31,1,0,1,33394.88,1,1,5,DIAMOND,602,2
11702285,13719278,sdv-pii-oulpz,487,Germany,Female,44,5,141369.67,1,1,0,40087.88,1,1,4,PLATINUM,519,2
4386617,776969,sdv-pii-u1zi5,744,Germany,Female,50,6,119570.28,1,0,0,104118.62,1,1,4,GOLD,457,2
9317484,1215692,sdv-pii-2z80l,611,Spain,Female,42,5,81189.19,1,0,1,87152.85,0,0,3,PLATINUM,671,1
13343310,9878537,sdv-pii-jcqz3,555,Spain,Female,30,6,0.0,2,1,0,168625.64,0,0,5,DIAMOND,434,1
14591140,10046409,sdv-pii-1k33q,690,Germany,Female,61,7,135740.25,1,0,0,151649.69,1,1,4,DIAMOND,795,4
1714556,436293,sdv-pii-eesql,551,Germany,Female,27,4,114566.33,1,1,1,63585.28,0,0,3,PLATINUM,320,1
16197682,13946455,sdv-pii-ilei6,520,Spain,Female,45,1,140034.97,1,0,1,54706.99,1,1,2,PLATINUM,568,2
4324504,16484965,sdv-pii-9cmxf,710,France,Female,35,4,250.11,2,1,0,145026.21,0,0,4,PLATINUM,393,1
3805463,3517731,sdv-pii-2s66b,490,France,Male,32,4,133299.54,2,1,1,86415.48,0,0,4,PLATINUM,504,0
350136,2190320,sdv-pii-bkiyx,530,Spain,Female,50,2,604.85,2,0,1,54759.25,0,0,4,SILVER,308,1
4640336,5529993,sdv-pii-e6k4o,516,Germany,Female,43,8,108687.28,2,0,0,127948.62,0,0,3,DIAMOND,687,4
3024923,11010837,sdv-pii-graqi,485,Germany,Female,44,2,719.42,2,0,1,106493.97,1,1,5,PLATINUM,463,2
10052350,1469096,sdv-pii-pitth,681,France,Male,55,8,0.0,1,0,0,81479.59,0,0,2,DIAMOND,876,0
16576190,11910849,sdv-pii-1vxbh,661,Spain,Male,24,9,122863.88,1,0,0,17558.63,0,0,5,DIAMOND,297,3
8007604,2206622,sdv-pii-2lgse,623,Germany,Female,35,7,139728.49,1,1,1,110001.4,0,0,2,SILVER,671,1
12952908,3892385,sdv-pii-elarf,609,Spain,Male,33,9,0.0,1,0,0,102365.2,0,0,4,PLATINUM,555,3
12979051,12961334,sdv-pii-0m7eh,656,France,Male,42,6,143452.9,4,0,0,35236.02,1,1,4,PLATINUM,889,0
13150164,9770529,sdv-pii-yrmz0,511,Spain,Male,40,8,162109.68,1,0,0,44122.67,1,1,3,DIAMOND,810,3
12136569,6608233,sdv-pii-qs82i,611,Germany,Male,33,9,111959.78,2,1,0,151321.82,0,0,4,GOLD,853,0
4828048,14032613,sdv-pii-xidf7,701,Spain,Female,40,5,0.0,2,0,1,149054.71,0,0,3,DIAMOND,379,1
11343509,11190754,sdv-pii-bceld,812,Germany,Female,54,5,116995.81,1,0,1,163237.25,0,0,3,DIAMOND,848,4
12049106,15003498,sdv-pii-j4dze,495,France,Male,53,6,0.0,3,0,0,37846.44,1,1,1,PLATINUM,840,0
11271053,15257256,sdv-pii-mqs8q,488,Spain,Male,41,8,107739.98,2,1,0,88701.28,0,0,3,DIAMOND,977,3
1786715,6027136,sdv-pii-1texr,695,Spain,Female,24,3,2040.77,2,1,1,192918.55,0,0,4,SILVER,887,1
7067709,13421912,sdv-pii-u5b9i,536,Spain,Female,34,5,0.0,2,1,1,91984.63,0,0,1,SILVER,321,1
3365829,5321247,sdv-pii-jw43i,833,Spain,Female,34,5,131128.87,2,0,1,121905.79,0,0,1,GOLD,772,1
9191666,15555711,sdv-pii-vkuu2,518,Spain,Male,29,5,515.3,1,0,0,70113.64,0,1,2,PLATINUM,554,3
10787818,1472568,sdv-pii-p7chc,791,Germany,Female,29,2,88217.66,2,0,1,137649.65,0,0,4,DIAMOND,482,4
14407542,6130496,sdv-pii-sk2o9,744,Spain,Female,31,9,786.46,1,1,0,178236.75,0,0,1,SILVER,295,1
345877,14876221,sdv-pii-9jk59,583,Germany,Female,53,8,70445.3,1,1,0,181188.65,0,1,1,DIAMOND,557,4
8184736,90217,sdv-pii-xcax7,647,France,Male,56,9,0.0,2,1,1,35559.73,0,0,2,GOLD,269,0
3449530,336867,sdv-pii-ntmxx,715,France,Female,30,6,144825.54,2,0,0,36495.73,1,0,3,PLATINUM,511,2
7826621,7271087,sdv-pii-gb44h,647,Spain,Female,43,9,133656.55,1,1,0,39695.96,0,0,5,DIAMOND,482,1
8150986,6680756,sdv-pii-wse65,822,Spain,Male,28,0,121476.8,2,1,1,71644.55,0,0,2,PLATINUM,951,3
3682121,11239411,sdv-pii-vanub,535,Germany,Male,42,4,127756.54,1,1,0,48812.59,0,1,1,GOLD,464,0
12151230,16322219,sdv-pii-hefk7,564,Germany,Female,61,8,128883.19,4,1,0,24296.49,1,1,4,PLATINUM,888,2
13550837,14414724,sdv-pii-603k4,604,France,Male,50,5,2185.52,1,0,1,136565.58,1,1,5,SILVER,431,0
13521505,15318082,sdv-pii-ilwa7,684,Germany,Male,40,6,144068.27,3,0,0,179214.85,1,1,1,PLATINUM,745,0
13426065,2402841,sdv-pii-i5mcg,803,Germany,Male,31,0,905.37,2,1,0,116990.23,0,0,4,DIAMOND,294,4
7468939,7702526,sdv-pii-wp353,678,Germany,Male,32,1,109049.4,1,1,0,42167.28,1,1,5,DIAMOND,758,4
6098223,8453019,sdv-pii-9xmth,672,Germany,Female,48,3,134516.34,1,1,0,55128.35,0,1,4,GOLD,307,4
11060144,3159110,sdv-pii-vltzz,838,France,Female,37,5,0.0,2,0,0,72571.59,0,0,3,GOLD,910,1
13051188,184962,sdv-pii-hsj5l,799,Spain,Female,35,5,82382.38,1,1,1,130447.74,0,0,3,GOLD,810,1
5708684,12579122,sdv-pii-ycqop,591,Germany,Female,63,10,129243.88,1,0,1,85585.59,1,1,3,SILVER,903,2
9401070,3098024,sdv-pii-hi5s4,673,Spain,Female,39,6,0.0,2,0,1,127737.8,0,0,4,SILVER,668,1
558869,8239673,sdv-pii-iv7cw,506,France,Male,48,6,105191.84,1,1,0,93052.93,1,1,3,DIAMOND,841,0
3778995,3828619,sdv-pii-g6lop,592,France,Male,52,9,1420.03,1,1,1,4848.62,0,0,3,DIAMOND,567,0
10975812,15941345,sdv-pii-rchb6,797,Spain,Male,41,2,143864.09,2,0,1,184387.78,0,0,1,SILVER,579,3
9898936,235886,sdv-pii-86hyt,686,Spain,Male,63,2,0.0,1,0,1,154074.78,0,0,2,DIAMOND,618,3
7987974,12533654,sdv-pii-momax,681,Spain,Female,57,8,139991.84,2,1,1,153921.48,0,0,2,GOLD,898,1
5963645,10260473,sdv-pii-tfiow,850,Spain,Female,22,5,102222.23,2,1,1,111262.39,0,0,3,GOLD,539,1
7523600,4017184,sdv-pii-p9o9c,540,Spain,Female,33,9,0.0,2,0,1,156742.79,0,0,3,DIAMOND,571,1
576715,3109202,sdv-pii-jkdqx,559,Germany,Female,40,9,135874.93,2,0,1,96153.94,0,0,3,DIAMOND,897,4
1393267,8549176,sdv-pii-egi57,591,France,Male,25,8,0.0,2,1,1,175507.86,0,0,5,SILVER,598,0
7294441,15802301,sdv-pii-vqtr1,668,France,Female,38,8,110778.32,1,1,1,62662.63,1,1,5,SILVER,902,2
13130948,8138572,sdv-pii-ehtge,559,Spain,Female,50,9,97597.65,2,0,1,64960.05,0,0,2,SILVER,738,1
10190894,3232733,sdv-pii-8jssc,506,Germany,Female,48,2,172312.95,1,0,0,51477.96,1,1,1,PLATINUM,536,2
3974786,15599607,sdv-pii-7ytup,558,Spain,Female,39,1,0.0,2,1,0,44067.1,0,0,5,PLATINUM,805,1
12295213,10726503,sdv-pii-bqhbp,824,Spain,Male,29,8,629.92,2,1,0,64532.07,0,0,5,DIAMOND,792,3
7471040,14562667,sdv-pii-jbo87,506,Germany,Female,30,8,161690.15,1,1,0,105566.99,0,0,3,GOLD,874,1
4413819,8788814,sdv-pii-82l3k,611,Spain,Male,29,8,174.62,2,1,1,86749.29,0,0,3,PLATINUM,421,3
5998275,9894266,sdv-pii-0qyz7,846,France,Male,37,10,116648.67,1,1,1,163415.44,0,0,1,DIAMOND,273,0
5129285,6394472,sdv-pii-1hvum,794,Germany,Male,49,8,41.6,2,1,0,106425.13,0,0,3,GOLD,914,0
13633555,2170842,sdv-pii-3j9af,689,Germany,Male,52,8,120803.6,1,1,0,95424.67,1,1,4,PLATINUM,835,0
5244043,4693168,sdv-pii-absfp,625,France,Female,25,1,0.0,2,0,0,96487.94,0,0,4,PLATINUM,557,1
12485076,6129491,sdv-pii-zxkem,608,France,Female,51,6,122503.26,2,1,0,43638.33,0,0,3,PLATINUM,443,1
2160640,9291402,sdv-pii-h3e65,796,Spain,Male,33,8,115015.12,1,1,1,50670.07,0,0,3,GOLD,422,3
16504755,5916224,sdv-pii-ty846,798,France,Male,44,5,0.0,2,0,0,100252.84,1,1,5,SILVER,453,0
6966244,12672073,sdv-pii-fad5w,528,France,Male,34,8,0.0,2,1,1,117752.81,0,0,2,PLATINUM,948,0
3800165,16250583,sdv-pii-4yw3m,584,France,Male,24,3,0.0,2,0,1,32384.64,0,0,2,GOLD,802,0
1948714,10047088,sdv-pii-okmzu,608,Spain,Male,35,3,724.85,2,0,1,199992.48,0,0,4,GOLD,815,3
9736835,13465164,sdv-pii-meelo,778,Germany,Female,41,5,135633.01,1,1,1,43285.45,0,0,2,DIAMOND,992,4
16017776,13607542,sdv-pii-i8f0h,619,France,Male,63,5,106475.99,1,1,1,180134.2,1,0,2,PLATINUM,767,0
9848142,9151670,sdv-pii-h3vsc,604,Spain,Male,27,0,2283.21,2,0,1,83767.72,0,0,3,GOLD,222,3
3712127,6768793,sdv-pii-wm2pd,625,Spain,Female,27,1,0.0,2,0,1,74957.62,0,0,3,GOLD,882,1
8168608,8744673,sdv-pii-7f6sc,574,France,Female,33,3,0.0,2,1,1,118830.79,0,0,1,PLATINUM,950,1
15579040,6925060,sdv-pii-u7fdk,619,Spain,Male,42,8,0.0,2,0,1,47134.58,0,0,4,DIAMOND,496,3
15325893,6401111,sdv-pii-ysq77,598,Germany,Female,40,1,124391.62,1,0,1,112661.66,1,1,4,PLATINUM,972,2
2150728,12636323,sdv-pii-jsr7j,582,Spain,Female,63,3,103284.26,1,0,1,165541.96,1,0,1,SILVER,317,1
2846300,9720423,sdv-pii-0apm9,719,Germany,Male,49,10,108104.58,2,1,0,193452.58,0,0,3,DIAMOND,603,4
12080737,14523711,sdv-pii-ea0u2,669,Germany,Female,49,1,173151.01,1,0,0,164297.75,1,1,3,SILVER,370,2
9845913,8372331,sdv-pii-k1om5,666,France,Female,31,6,0.0,2,1,1,86560.12,0,0,2,GOLD,940,1
7621787,9789789,sdv-pii-63kwr,538,Germany,Female,56,5,138706.36,3,1,0,152802.01,1,1,3,GOLD,796,2
2617578,9889590,sdv-pii-9fyb2,546,Germany,Female,36,6,132949.69,2,1,0,44439.87,1,1,2,PLATINUM,431,2
2750749,15248080,sdv-pii-zs4sz,693,Germany,Female,45,4,110933.41,2,1,0,142385.43,1,1,1,GOLD,528,2
5578942,8810811,sdv-pii-gfvd5,604,Germany,Male,32,10,116377.84,1,0,0,114340.27,0,0,4,GOLD,513,0
5403587,10191695,sdv-pii-ve5tb,579,Germany,Female,34,2,117900.82,2,0,0,96726.29,1,0,1,PLATINUM,286,2
13899947,16377880,sdv-pii-14ntn,670,Germany,Female,40,4,89610.72,3,0,0,131981.08,1,1,3,PLATINUM,720,2
10399575,5301736,sdv-pii-ach7d,694,Spain,Female,40,10,153004.66,2,0,0,188570.45,0,0,4,GOLD,764,1
3537340,4802771,sdv-pii-yhkk4,513,Germany,Female,42,9,111139.93,1,0,1,45016.2,1,1,2,DIAMOND,952,4
13192549,6408705,sdv-pii-zkuvn,629,France,Female,44,10,116796.26,2,1,0,90111.09,1,1,5,DIAMOND,481,2
1019948,1307560,sdv-pii-52fy5,487,Germany,Female,42,8,124230.25,3,1,0,110646.81,1,1,4,PLATINUM,949,2
10915194,12230241,sdv-pii-dcowg,481,Germany,Female,45,10,155742.01,3,0,0,44715.78,1,1,1,DIAMOND,329,4
2809182,5510671,sdv-pii-g9ojj,653,France,Male,22,1,92033.26,2,0,0,103136.08,0,0,3,SILVER,929,0
9942787,10308489,sdv-pii-pxj8o,784,Spain,Male,27,4,150326.03,2,1,0,59584.33,0,0,3,PLATINUM,560,3
11495347,5266431,sdv-pii-h7491,740,Spain,Female,32,3,0.0,2,1,0,13560.89,0,0,1,GOLD,332,1
5646682,3666842,sdv-pii-u9u9l,714,France,Male,32,8,1025.45,2,1,1,86279.54,0,0,1,PLATINUM,776,0
10798306,9428765,sdv-pii-594a3,526,Germany,Male,49,10,140797.68,1,1,0,105474.52,1,1,4,DIAMOND,334,4
14670160,14616099,sdv-pii-e5mw1,557,France,Female,59,4,113909.37,1,0,0,8543.6,1,1,4,PLATINUM,723,2
6222721,9711459,sdv-pii-c174w,532,Germany,Female,79,3,104884.56,1,0,1,83784.58,0,0,5,SILVER,802,1
5765568,12796776,sdv-pii-kq4yr,563,France,Male,24,0,0.0,2,0,1,187475.92,0,0,1,DIAMOND,881,0
10033380,9856962,sdv-pii-p4vw1,636,Spain,Male,44,8,0.0,1,0,0,135409.54,1,1,5,DIAMOND,391,3
9208534,1750652,sdv-pii-kxybt,776,Germany,Female,50,1,139111.05,2,0,1,114551.05,0,0,3,PLATINUM,342,1
6218742,9748427,sdv-pii-wcyx0,788,France,Female,28,10,0.0,2,1,1,180938.65,0,0,5,PLATINUM,865,1
9058862,12986577,sdv-pii-3895u,539,Spain,Male,24,2,0.0,2,0,1,105325.93,0,0,3,PLATINUM,930,3
6753637,8123939,sdv-pii-d68ql,599,Spain,Male,25,7,0.0,2,0,0,58358.32,0,0,3,PLATINUM,1000,3
9080630,9080647,sdv-pii-eyatx,524,Spain,Male,53,6,118853.9,1,0,1,104015.98,1,1,3,DIAMOND,271,3
15500431,6493568,sdv-pii-f95rm,499,Germany,Male,60,7,84098.55,2,1,1,33826.29,0,0,3,GOLD,486,0
471760,9187552,sdv-pii-c81zp,850,Germany,Male,47,3,136669.97,1,1,0,28189.01,0,0,2,SILVER,734,0
8398351,6554016,sdv-pii-cixzj,599,Spain,Female,48,6,896.83,2,0,0,74595.12,0,0,3,DIAMOND,379,1
14814057,3895963,sdv-pii-co8ua,703,France,Male,38,4,0.0,2,0,0,2011.08,0,0,5,GOLD,476,0
14714013,8942554,sdv-pii-q8klq,576,France,Male,31,3,74028.35,2,0,1,149478.63,0,0,3,DIAMOND,436,0
6664650,15163923,sdv-pii-uurik,585,France,Female,29,8,92528.8,2,1,1,139884.46,0,0,2,PLATINUM,477,1
7638622,11226417,sdv-pii-01sy3,723,France,Female,31,2,0.0,1,1,1,129760.49,0,0,2,PLATINUM,373,1
2721760,2419548,sdv-pii-hjfyl,550,France,Male,24,2,122084.61,1,1,0,61153.78,0,0,2,SILVER,427,0
10670697,8932274,sdv-pii-ha0r5,528,Germany,Male,49,3,0.0,1,1,0,183799.39,1,1,1,PLATINUM,897,0
12342130,13918920,sdv-pii-9o59q,546,Germany,Female,46,3,62263.41,1,1,0,55406.02,0,0,5,GOLD,560,1
15480759,10809272,sdv-pii-lyhmg,762,France,Female,36,5,1589.03,1,1,0,77610.37,1,0,2,PLATINUM,394,2
14288325,15506929,sdv-pii-a2i7b,812,Spain,Male,24,1,496.34,2,0,1,94530.05,0,0,3,GOLD,443,3
11433024,3024135,sdv-pii-ktt4d,519,Spain,Female,49,8,102016.31,1,0,1,100975.35,0,0,4,DIAMOND,434,1
13182239,16557212,sdv-pii-lhf09,834,Germany,Male,58,8,114420.45,3,0,0,64898.56,1,1,3,PLATINUM,502,0
13165807,1682462,sdv-pii-ta0uq,622,France,Female,42,5,103054.94,2,0,0,30841.69,0,0,5,GOLD,761,1
8552855,16039577,sdv-pii-sfwdu,560,Germany,Female,57,9,102949.43,1,1,0,37470.19,1,1,5,PLATINUM,868,2
1991507,2396760,sdv-pii-g0zem,790,Spain,Female,29,8,0.0,2,0,1,70391.92,0,0,4,GOLD,244,1
10498652,14180475,sdv-pii-kzsgo,564,France,Male,33,1,0.0,2,1,0,190793.02,0,0,3,PLATINUM,489,0
102617,14805149,sdv-pii-iveew,798,France,Female,39,9,0.0,1,1,0,177327.37,0,0,4,DIAMOND,443,1
13002748,709304,sdv-pii-l0qxv,630,France,Female,33,7,96211.38,1,0,0,81858.17,0,1,2,GOLD,822,2
12809971,12703451,sdv-pii-gv6am,701,Spain,Male,47,0,0.0,2,0,0,55755.64,0,0,2,PLATINUM,657,3
16125368,9432457,sdv-pii-pbmjj,791,France,Male,23,5,87.43,2,1,1,15721.57,0,0,5,DIAMOND,704,0
1980771,16261539,sdv-pii-gqrru,788,France,Male,47,2,123967.81,1,0,0,128958.68,0,0,5,DIAMOND,465,0
13249367,1030291,sdv-pii-44m37,559,Spain,Male,33,6,0.0,1,1,0,182033.29,0,0,2,PLATINUM,497,3
13825662,11884802,sdv-pii-3jag7,669,Spain,Male,50,8,116375.28,2,1,0,4499.66,0,0,2,GOLD,291,3
1613568,6950596,sdv-pii-vq88b,530,Spain,Female,53,6,1061.72,2,1,0,91902.33,0,0,1,PLATINUM,908,1
9879825,5793709,sdv-pii-yvl3i,708,France,Male,48,9,115092.19,1,1,0,106725.75,0,0,3,GOLD,955,0
310916,6514602,sdv-pii-p9jxm,718,Spain,Female,45,8,0.0,2,0,1,108378.74,0,0,2,DIAMOND,905,1
2959328,12638167,sdv-pii-6nmwk,683,Spain,Male,44,3,110842.81,2,0,1,56646.87,0,0,5,DIAMOND,524,3
13230011,14970832,sdv-pii-i8m12,529,Spain,Female,46,1,87439.13,2,0,0,144942.29,0,0,5,DIAMOND,631,1
15862941,9741084,sdv-pii-udok6,850,Germany,Female,28,8,106022.62,2,1,0,145696.67,0,0,4,GOLD,742,1
15826443,1762770,sdv-pii-tm1eq,648,Germany,Female,51,3,64273.74,1,1,0,73707.38,1,1,3,DIAMOND,648,4
429680,11947695,sdv-pii-xuorf,822,Spain,Male,28,8,0.0,2,1,0,37631.55,0,0,3,GOLD,849,3
14426515,13703282,sdv-pii-ai2bf,695,France,Male,39,5,105564.61,1,0,0,11338.45,1,1,2,DIAMOND,474,0
2233190,13429282,sdv-pii-e53s6,663,Germany,Male,45,8,107166.95,3,1,0,119286.89,1,1,4,DIAMOND,405,4
6344356,7969171,sdv-pii-1dpzu,559,France,Female,36,6,0.0,2,1,1,37423.26,0,0,2,DIAMOND,698,1
12029992,5363411,sdv-pii-43pic,680,Spain,Female,72,4,118293.58,1,1,1,159607.96,0,0,3,SILVER,406,1
3668187,1800695,sdv-pii-icvcb,578,Spain,Male,52,3,0.0,2,1,0,47940.06,0,0,3,PLATINUM,475,3
1151156,14768313,sdv-pii-533em,585,Spain,Female,31,9,140652.17,1,1,0,28130.08,0,0,5,PLATINUM,535,1
10043303,10708046,sdv-pii-qnm3s,692,Spain,Female,35,7,1107.12,1,1,1,129034.28,1,0,5,GOLD,508,1
9696939,9833733,sdv-pii-m0bzz,497,France,Female,46,8,537.2,3,1,0,157296.25,1,1,4,GOLD,553,2
815545,3128591,sdv-pii-9yenh,554,Germany,Female,35,1,130864.85,1,0,1,59997.42,0,0,1,PLATINUM,610,1
16423638,4820690,sdv-pii-lgi2x,598,Spain,Female,49,8,98784.61,1,1,0,137058.39,0,0,4,PLATINUM,413,1
13683764,10469213,sdv-pii-yj7wt,523,France,Female,25,2,794.59,2,1,1,13586.68,0,0,1,GOLD,938,1
5482580,7150725,sdv-pii-togxy,687,Spain,Male,52,1,101651.16,1,0,0,101240.71,0,0,4,DIAMOND,274,3
3464683,9941059,sdv-pii-w2zs1,755,Spain,Male,22,7,0.0,2,1,0,74946.6,0,0,2,SILVER,963,3
6183188,7639007,sdv-pii-lcp2f,846,Germany,Female,24,3,104584.42,2,1,0,59384.56,0,0,3,PLATINUM,799,1
6163875,3227793,sdv-pii-e61yt,753,Spain,Female,25,7,151600.8,2,1,1,44022.18,0,0,3,DIAMOND,285,1
6310571,4884460,sdv-pii-n34f0,535,France,Female,26,9,85.84,2,1,0,97705.84,0,0,3,PLATINUM,406,1
4978686,10483016,sdv-pii-l0st7,580,France,Female,32,7,0.0,2,1,0,156530.94,0,0,3,PLATINUM,420,1
3031328,2431286,sdv-pii-vwr0n,755,Germany,Female,36,7,115830.14,1,1,0,177094.81,0,0,2,DIAMOND,291,4
301621,16500533,sdv-pii-ego6z,709,Spain,Male,29,9,0.0,2,1,1,182829.07,0,0,3,PLATINUM,276,3
2474157,5715725,sdv-pii-el85f,629,Spain,Female,33,1,406.64,2,0,1,29883.99,0,0,3,PLATINUM,266,1
3490867,7410240,sdv-pii-y0lo1,681,Spain,Male,51,8,0.0,2,1,1,9803.44,0,0,3,SILVER,889,3
16281333,5763657,sdv-pii-bhbbw,670,France,Male,36,8,117360.67,1,0,0,100513.67,1,1,3,DIAMOND,289,0
11893636,7032390,sdv-pii-c5zl4,583,Germany,Male,48,0,702.7,2,1,1,85538.89,0,0,4,SILVER,296,0
3067234,981920,sdv-pii-drxg1,502,France,Female,45,3,0.0,2,1,0,109104.84,0,0,2,SILVER,879,1
2669703,5503013,sdv-pii-wc43t,466,Germany,Female,71,6,1986.88,1,1,0,35585.57,0,0,4,PLATINUM,873,1
14819636,1325058,sdv-pii-14m38,591,Spain,Male,31,9,112695.88,2,1,0,42008.06,0,0,5,GOLD,249,3
8280492,1238148,sdv-pii-jjrj0,592,France,Male,33,9,88533.24,2,0,0,54605.6,0,0,2,PLATINUM,916,0
6372799,9478027,sdv-pii-u9pf6,695,Spain,Male,40,5,112092.1,1,1,0,56183.15,0,0,4,SILVER,291,3
8163269,2576264,sdv-pii-45bh1,671,Spain,Female,30,10,137002.57,1,0,1,104080.56,0,0,5,PLATINUM,907,1
7261144,15424047,sdv-pii-ranrq,625,Germany,Female,35,3,152069.22,1,1,1,59940.1,0,0,2,PLATINUM,871,1
15394456,12256977,sdv-pii-1n087,658,France,Female,40,4,0.0,1,0,0,52808.59,0,0,4,DIAMOND,766,1
11434011,16541021,sdv-pii-x2x3x,522,Spain,Female,29,3,94441.67,2,1,0,116160.55,0,0,4,DIAMOND,634,1
12831599,8285654,sdv-pii-g39u2,576,France,Female,38,4,0.0,2,1,1,56487.29,0,0,1,SILVER,883,1
1286707,16694656,sdv-pii-3p5fh,620,Spain,Male,24,8,151981.06,2,1,0,182302.97,0,0,3,GOLD,815,3
2773743,6208222,sdv-pii-xjx5j,542,Spain,Female,37,9,0.0,2,0,0,151381.16,0,0,3,PLATINUM,897,1
3837437,15286862,sdv-pii-0wnbn,681,France,Male,37,7,0.0,2,1,0,149054.73,1,1,5,DIAMOND,292,0
15085270,2739887,sdv-pii-2cemt,699,Spain,Female,32,5,234.42,2,1,1,67697.94,0,0,3,GOLD,427,1
4157046,436909,sdv-pii-8151n,572,Spain,Female,30,3,125371.4,1,1,0,61618.72,0,0,3,DIAMOND,304,1
8327921,9637992,sdv-pii-i5ib3,583,France,Female,37,8,0.0,1,1,0,63979.52,0,0,4,GOLD,890,1
760320,6789030,sdv-pii-0aleg,522,France,Female,40,9,130081.42,1,0,0,57690.7,1,1,3,DIAMOND,328,2
10285452,12577734,sdv-pii-rzvu2,596,Germany,Female,43,0,132507.9,1,1,0,43228.84,1,1,4,SILVER,850,2
734160,5727720,sdv-pii-miiaf,588,Germany,Female,44,8,109213.5,1,0,0,165370.06,1,0,3,PLATINUM,819,2
9734679,516747,sdv-pii-35gti,465,Spain,Male,27,4,120620.1,1,0,0,75435.95,0,0,2,DIAMOND,607,3
9214658,2500849,sdv-pii-3dcjh,561,Spain,Male,28,3,110014.93,2,1,0,51338.91,0,0,1,DIAMOND,241,3
3794617,3880872,sdv-pii-6w7q8,502,France,Male,40,5,123304.18,2,1,0,57056.43,1,1,1,PLATINUM,718,0
5753438,16669142,sdv-pii-b5gh1,788,Germany,Female,56,3,115796.76,2,1,1,16710.08,0,0,3,PLATINUM,406,1
8190901,2087612,sdv-pii-0tsf0,577,France,Female,35,1,129675.07,3,1,0,85123.07,1,1,1,PLATINUM,335,2
4231396,6226033,sdv-pii-u8e29,732,Germany,Female,55,8,94238.55,2,0,0,41418.69,0,0,4,PLATINUM,927,1
9108468,9229341,sdv-pii-ddje0,551,Spain,Female,30,3,114179.39,2,1,0,61539.79,0,0,2,DIAMOND,382,1
5419425,802777,sdv-pii-dfibq,786,France,Female,40,5,128866.75,2,1,1,117640.71,0,0,2,DIAMOND,981,1
3563284,211786,sdv-pii-g1vi4,718,France,Male,37,2,0.0,2,0,0,159422.35,0,0,4,PLATINUM,896,0
611596,7374371,sdv-pii-4k0th,464,Germany,Female,43,8,142772.46,1,0,1,121801.27,1,1,4,PLATINUM,858,2
11295671,5429989,sdv-pii-czrie,489,France,Female,48,9,762.77,3,1,1,129796.7,1,1,2,GOLD,838,2
16181547,15821993,sdv-pii-h7eco,764,France,Male,54,8,0.0,4,1,0,150841.02,1,1,4,DIAMOND,224,0
12838591,3838190,sdv-pii-hk0lg,570,Spain,Female,47,8,138608.63,2,0,0,142761.56,1,1,1,SILVER,923,2
3819211,2150746,sdv-pii-jrfjk,658,Spain,Female,27,5,62.33,2,0,0,159242.0,0,0,5,DIAMOND,566,1
526004,564568,sdv-pii-4cbhe,538,France,Female,32,8,339.77,2,1,1,59367.39,0,0,4,PLATINUM,297,1
15934961,5545536,sdv-pii-khwwc,802,France,Female,32,5,0.0,2,0,1,69750.28,0,0,3,PLATINUM,416,1
9912572,11067376,sdv-pii-t0081,718,Spain,Female,30,6,860.52,2,0,1,65445.23,0,0,2,PLATINUM,857,1
12489640,37218,sdv-pii-7wkn2,534,Germany,Male,60,5,116856.32,1,1,0,137709.1,1,1,4,GOLD,749,0
5470561,10058774,sdv-pii-prlvg,566,Spain,Male,58,0,0.0,1,0,0,101131.39,0,0,3,DIAMOND,868,3
13605543,14460095,sdv-pii-wmh14,589,France,Female,48,8,0.0,2,1,1,182015.1,0,0,3,SILVER,275,1
13206902,5122925,sdv-pii-4b02v,679,Spain,Male,29,9,0.0,1,0,1,43501.89,0,1,4,PLATINUM,951,3
11628585,10779321,sdv-pii-sak5m,594,Spain,Male,29,9,0.0,2,1,0,85189.88,0,0,3,GOLD,835,3
13821204,11252209,sdv-pii-9x518,786,Spain,Female,30,7,118543.18,2,1,0,154991.01,0,0,4,DIAMOND,933,1
8169520,5761852,sdv-pii-rg0gk,547,Germany,Female,35,8,123974.57,1,1,1,44660.94,0,0,1,GOLD,982,1
5395943,6539076,sdv-pii-hk3eb,708,Spain,Male,24,3,0.0,2,0,0,125983.2,0,0,3,DIAMOND,666,3
12808123,14764074,sdv-pii-9oa5w,774,Spain,Male,43,2,115423.85,1,0,0,28076.42,0,0,2,DIAMOND,273,3
14151833,6964481,sdv-pii-87t5z,633,Spain,Female,26,8,0.0,2,1,1,43028.53,0,0,3,PLATINUM,418,1
2449335,8702826,sdv-pii-ojpr3,534,France,Female,50,6,126827.05,1,0,0,82844.27,1,1,5,PLATINUM,655,2
13548592,12547756,sdv-pii-gsqd1,724,France,Male,48,10,90701.96,1,0,0,144576.14,0,0,2,GOLD,278,0
11438213,2705889,sdv-pii-hbgmj,613,France,Female,31,5,0.0,2,1,1,38446.16,0,0,3,PLATINUM,257,1
2237645,11498613,sdv-pii-4t2qy,697,Spain,Male,60,7,0.0,2,0,0,5117.52,0,0,1,SILVER,864,3
4974414,6576231,sdv-pii-s68fd,513,France,Male,46,5,125148.3,2,1,1,13389.75,0,0,5,DIAMOND,925,0
15032350,10507634,sdv-pii-hlic6,564,Germany,Male,46,8,124485.33,1,1,0,65014.89,0,0,3,GOLD,491,0
10200889,15727505,sdv-pii-krfa6,766,France,Female,29,5,102764.12,2,1,1,152163.73,0,0,4,SILVER,247,1
11841826,8197969,sdv-pii-zqjvz,640,France,Male,37,9,98118.36,2,1,1,169542.3,0,0,2,GOLD,968,0
12781513,10928214,sdv-pii-zaay3,542,France,Female,52,8,127865.48,4,1,0,102733.05,1,1,2,GOLD,480,2
13662350,4479802,sdv-pii-shm8c,613,Spain,Male,45,6,150875.22,2,1,1,62917.56,0,0,3,PLATINUM,355,3
6757568,4071928,sdv-pii-v0r4d,807,Spain,Male,28,8,94011.76,2,0,0,61155.64,0,0,4,PLATINUM,837,3
16666665,14351743,sdv-pii-xias5,582,Spain,Female,28,3,60.88,2,0,1,134571.08,0,0,2,PLATINUM,232,1
2341459,7099023,sdv-pii-sgpwu,781,Spain,Female,39,5,0.0,2,0,0,66236.28,1,0,2,SILVER,463,1
333611,7228100,sdv-pii-wnses,615,Spain,Female,36,0,0.0,2,1,0,185087.55,0,0,3,DIAMOND,526,1
15221356,2269690,sdv-pii-u9g2t,671,France,Female,55,5,0.0,2,1,0,121509.8,0,0,5,PLATINUM,316,1
5833859,7229591,sdv-pii-lllid,783,France,Female,25,4,67083.15,1,1,1,125730.96,1,0,5,GOLD,701,1
6167773,16141354,sdv-pii-b4ghm,553,Spain,Female,46,3,79646.84,2,0,0,55567.84,0,0,3,GOLD,659,1
8385144,2554881,sdv-pii-6ts1d,557,Spain,Male,46,8,110619.51,2,0,0,73291.06,0,0,5,PLATINUM,932,3
4077137,5471261,sdv-pii-qiche,754,Germany,Female,36,3,113826.65,1,0,1,80677.45,1,1,3,DIAMOND,780,4
1999092,6419480,sdv-pii-xpxiu,730,Spain,Male,27,7,146153.56,2,1,1,156502.81,0,0,2,DIAMOND,481,3
1779601,10715047,sdv-pii-8wnpg,567,France,Female,44,5,125903.49,2,1,1,89408.84,0,0,4,GOLD,431,1
3025092,2011611,sdv-pii-notyo,523,Spain,Female,35,8,103684.23,2,1,0,86027.92,0,0,1,PLATINUM,972,1
4363793,7425450,sdv-pii-h9w65,629,Spain,Male,51,6,151944.26,1,0,1,84127.94,1,1,1,PLATINUM,261,3
11460532,5143755,sdv-pii-1lsnt,529,France,Male,58,4,543.91,1,1,0,83873.55,0,0,5,PLATINUM,764,0
4205090,5989106,sdv-pii-2c34l,679,Germany,Male,39,8,0.0,1,0,0,62938.53,0,0,2,SILVER,384,0
9464762,12037133,sdv-pii-4nceu,755,France,Female,45,5,229.83,3,1,0,29713.14,0,1,3,SILVER,725,2
312883,2611620,sdv-pii-ud5f2,593,France,Male,49,8,118872.56,2,0,1,110451.88,0,0,1,SILVER,493,0
6859364,15251354,sdv-pii-f6skm,779,Spain,Female,47,4,92117.48,2,1,0,71079.3,0,0,2,PLATINUM,821,1
399466,988955,sdv-pii-ccwjd,525,Spain,Female,47,8,325.17,2,0,0,174502.53,0,0,5,GOLD,964,1
15672888,10490296,sdv-pii-kw3x9,572,France,Female,24,2,120759.72,2,1,1,8328.33,0,0,2,PLATINUM,565,1
744810,11825596,sdv-pii-tittl,709,France,Male,42,3,123276.04,2,1,0,110659.76,1,1,1,PLATINUM,348,0
15540863,11412354,sdv-pii-kgvbh,676,France,Female,56,1,0.0,1,0,1,37912.72,0,0,3,DIAMOND,503,1
15146222,2600104,sdv-pii-sc475,604,Spain,Male,27,3,107347.04,1,0,1,72395.42,0,0,3,DIAMOND,595,3
1905365,15132543,sdv-pii-vv4m2,777,Spain,Male,33,6,0.0,2,1,1,70258.52,0,0,5,PLATINUM,244,3
3397098,15912294,sdv-pii-gmv5r,838,France,Male,34,1,141407.22,1,1,1,92983.28,0,0,1,SILVER,932,0
5522918,13602195,sdv-pii-0u7rq,667,France,Male,51,2,116036.15,3,1,0,32299.56,1,1,3,PLATINUM,334,0
15028584,12761006,sdv-pii-7hebj,544,France,Female,46,10,103818.72,2,0,0,125679.98,1,1,5,PLATINUM,345,2
15971674,5598596,sdv-pii-t5x1k,574,Spain,Male,30,9,1895.41,2,1,0,192262.34,0,0,3,SILVER,642,3
10032895,4799947,sdv-pii-3flqv,497,Germany,Female,49,8,83423.85,1,1,1,173696.77,0,0,5,DIAMOND,943,4
15474142,8395531,sdv-pii-ihlt8,510,France,Female,31,5,103010.59,2,0,1,74830.42,0,0,5,PLATINUM,869,1
14537611,14099856,sdv-pii-1kzjc,809,Spain,Male,36,1,107454.95,2,1,1,100389.15,0,0,3,SILVER,239,3
1368548,2227874,sdv-pii-pqi8y,686,Germany,Female,66,5,114756.93,3,1,1,117524.6,1,0,1,SILVER,595,4
13572226,263558,sdv-pii-6jduo,770,France,Male,42,2,1249.28,2,1,0,74189.88,0,0,1,PLATINUM,895,0
13432883,15362468,sdv-pii-h9a5o,561,France,Female,32,9,0.0,2,1,0,113106.77,0,0,2,SILVER,596,1
13172751,11296378,sdv-pii-ez5pi,450,France,Female,29,3,0.0,2,0,1,130177.35,0,0,5,GOLD,878,1
13557393,8850766,sdv-pii-3m4dh,524,France,Male,27,10,0.0,2,1,1,16471.56,1,1,2,PLATINUM,550,0
12854801,780328,sdv-pii-joq1f,762,France,Female,40,8,137302.05,4,0,0,176214.95,1,1,3,PLATINUM,770,2
584300,7677189,sdv-pii-p66dr,584,Germany,Male,42,5,104367.56,1,1,0,178094.44,1,1,4,SILVER,432,0
10119099,13423005,sdv-pii-i0pks,490,France,Male,53,10,0.0,2,1,0,120495.75,1,1,3,DIAMOND,492,0
9894062,9144331,sdv-pii-ahicf,562,France,Female,31,5,151565.63,1,1,1,174673.34,0,0,3,PLATINUM,497,1
4355726,3459560,sdv-pii-ewz1k,485,Germany,Female,67,10,137486.32,1,0,1,58394.0,1,1,2,PLATINUM,451,2
6962574,8531958,sdv-pii-vdudm,811,Spain,Female,33,2,126623.4,2,0,0,77017.34,0,0,3,PLATINUM,325,1
10240236,4447384,sdv-pii-ew12c,599,France,Male,36,8,0.0,2,1,0,23245.71,0,0,5,DIAMOND,920,0
14086533,3765249,sdv-pii-tt2s4,496,France,Female,38,9,248.49,3,0,1,32994.61,1,1,2,DIAMOND,937,2
7668234,10784392,sdv-pii-u49fo,565,Germany,Female,51,8,95656.71,1,1,1,29164.33,1,1,5,SILVER,840,2
1152329,15960255,sdv-pii-90332,548,France,Male,45,9,114426.46,1,1,0,86638.29,0,0,2,DIAMOND,342,0
1159655,9580727,sdv-pii-o916o,639,France,Female,27,5,127182.6,2,0,1,59882.06,0,0,2,PLATINUM,611,1
15087318,15276293,sdv-pii-f0ci9,682,Spain,Male,30,5,1298.3,2,1,0,160417.85,0,0,4,PLATINUM,370,3
12793978,6869578,sdv-pii-0vtl2,554,Germany,Female,34,5,121477.68,1,0,0,68816.14,0,0,3,DIAMOND,501,4
3701421,13252193,sdv-pii-tolit,719,Spain,Male,41,9,128323.31,1,1,1,100749.77,0,0,1,PLATINUM,392,3
1729987,1693353,sdv-pii-y5p70,638,France,Male,30,6,0.0,2,0,1,26816.7,0,0,5,PLATINUM,470,0
15355542,7348977,sdv-pii-p7w6d,511,Germany,Female,44,5,133294.05,1,0,0,32128.21,1,1,4,PLATINUM,893,2
3867830,15031593,sdv-pii-d1la9,774,Spain,Female,44,1,76784.74,1,0,1,61307.6,1,1,3,PLATINUM,989,2
6666720,15921420,sdv-pii-emgzy,594,Spain,Male,61,7,141927.63,1,0,0,174589.77,0,0,3,PLATINUM,897,3
9027768,14014207,sdv-pii-8o6od,627,France,Female,26,8,1098.21,2,1,1,47942.79,0,0,2,GOLD,315,1
10453240,8888009,sdv-pii-dhysa,670,France,Female,38,8,107671.42,1,1,0,128030.12,0,0,5,SILVER,898,1
2567990,15341339,sdv-pii-5jopg,486,France,Male,34,3,0.0,2,1,0,125501.6,0,0,1,DIAMOND,692,0
7804669,2073199,sdv-pii-6oc8q,621,France,Female,45,5,0.0,1,0,1,53271.74,1,1,4,PLATINUM,864,2
7136865,3809200,sdv-pii-g8d95,535,France,Female,69,9,112081.49,1,0,1,22545.47,1,1,2,PLATINUM,463,2
1954314,15968089,sdv-pii-g7iux,687,Spain,Male,34,6,0.0,2,1,1,66956.18,0,0,2,DIAMOND,740,3
1921822,7657743,sdv-pii-bvdgf,512,Germany,Female,34,5,104984.94,2,1,0,117095.54,0,0,4,GOLD,666,1
12554142,7863143,sdv-pii-so4c6,562,Spain,Male,26,8,0.0,2,0,1,119376.37,0,0,3,DIAMOND,294,3
793449,4361640,sdv-pii-vgf9m,517,Spain,Male,51,8,1600.18,2,0,0,47373.23,1,1,3,PLATINUM,279,3
10646883,12427877,sdv-pii-2mmbf,546,Spain,Female,22,7,98055.99,2,1,0,87024.33,0,0,5,GOLD,747,1
7398214,14454235,sdv-pii-k7avc,469,France,Female,49,5,1377.42,1,1,1,73667.74,0,0,4,PLATINUM,940,1
12040027,11400623,sdv-pii-sclct,595,Spain,Male,26,3,715.58,2,0,0,161338.54,0,0,3,PLATINUM,856,3
3373513,4181425,sdv-pii-hzthf,549,Germany,Female,41,2,130327.25,2,1,0,76276.88,0,0,4,GOLD,893,1
3731303,13640221,sdv-pii-kyn8v,637,Germany,Female,34,3,97634.57,1,1,0,178018.54,0,0,3,GOLD,743,1
12854403,9470656,sdv-pii-0ps3x,630,France,Female,27,5,0.0,2,1,1,47754.49,0,0,3,SILVER,779,1
3724687,9746702,sdv-pii-f3dk8,497,France,Female,66,8,137094.62,1,0,0,45755.48,1,1,5,DIAMOND,585,2
5540761,10429595,sdv-pii-4hi95,524,Spain,Male,46,0,128346.61,2,0,1,136482.2,0,0,2,GOLD,920,3
9372630,594880,sdv-pii-rcfj6,818,Germany,Female,59,3,95116.37,1,1,0,149491.31,1,1,5,SILVER,841,2
2567946,11024068,sdv-pii-nnet7,587,Spain,Female,41,8,151346.34,3,0,0,50675.53,1,1,5,GOLD,326,2
8114130,2812645,sdv-pii-xe1to,775,Spain,Female,66,9,95016.13,1,0,1,34391.2,0,0,4,DIAMOND,671,1
6356403,2889614,sdv-pii-9vhlj,495,France,Female,37,6,96040.21,1,0,0,52297.41,1,1,3,SILVER,917,2
1121909,15036447,sdv-pii-w90pc,553,Spain,Female,26,9,105560.76,1,0,1,191599.96,0,0,2,DIAMOND,698,1
2400809,7375362,sdv-pii-xgp3d,655,France,Male,60,3,1284.56,1,1,0,28202.84,0,0,2,DIAMOND,416,0
2804251,5804112,sdv-pii-sa2ds,557,Germany,Female,53,4,148206.27,1,1,0,92943.37,1,1,4,PLATINUM,326,2
1592962,9407066,sdv-pii-ueqh6,627,Germany,Female,41,3,108391.98,2,0,1,89845.91,0,0,4,GOLD,464,1
3509448,1817760,sdv-pii-mleb7,562,Spain,Male,50,2,145423.89,2,1,1,72482.65,0,0,3,SILVER,557,3
14357380,12899612,sdv-pii-ggr98,556,Spain,Male,35,3,139064.34,2,1,0,104525.99,0,0,3,PLATINUM,274,3
14907826,4248952,sdv-pii-z3i4s,609,France,Male,34,9,125021.46,2,1,0,73378.79,1,1,3,PLATINUM,309,0
5492478,13674894,sdv-pii-o4bhb,719,Spain,Male,32,7,118652.34,2,1,1,39656.17,0,0,3,GOLD,684,3
280876,16392878,sdv-pii-vn9zl,544,France,Female,54,8,119664.11,1,1,0,136482.07,1,1,3,PLATINUM,345,2
6611209,10212680,sdv-pii-oug8s,801,Spain,Male,42,1,151427.17,2,0,0,106976.65,0,0,3,PLATINUM,615,3
11989502,6394225,sdv-pii-ku8oz,730,Spain,Female,28,5,0.0,2,0,0,148380.17,0,0,5,SILVER,676,1
9541102,10449,sdv-pii-agd2s,705,France,Male,64,3,1648.4,2,1,0,52839.13,1,0,3,DIAMOND,588,0
8544483,13729568,sdv-pii-tm2zj,482,France,Male,69,8,139017.31,1,0,0,112269.84,1,0,3,PLATINUM,758,0
9952396,7326740,sdv-pii-qifwi,612,Spain,Female,39,1,122649.81,1,0,1,194092.82,0,0,1,SILVER,361,1
2758297,8025409,sdv-pii-lnafq,845,France,Female,64,8,143648.33,4,0,0,51116.74,1,1,2,PLATINUM,505,2
772532,8740602,sdv-pii-5zfww,593,Spain,Female,44,5,114934.6,1,1,0,32726.48,1,1,5,PLATINUM,874,2
12725937,11844079,sdv-pii-kzkfb,758,Spain,Male,33,8,89.14,2,1,1,54603.79,0,0,2,DIAMOND,320,3
526142,9933595,sdv-pii-cbhg3,617,Spain,Male,47,2,83607.45,2,0,1,106228.94,1,1,4,DIAMOND,256,3
1181835,9975882,sdv-pii-7e0rf,602,Spain,Female,33,8,132842.99,2,1,1,61217.36,0,0,3,SILVER,770,1
5419221,12041165,sdv-pii-zrzd1,805,Spain,Female,55,3,118433.63,2,0,0,137699.4,1,1,3,PLATINUM,399,2
6621838,12497212,sdv-pii-v2jsg,709,Spain,Female,31,3,109967.91,2,1,0,100179.5,0,0,5,DIAMOND,817,1
15182921,13716363,sdv-pii-yib1a,776,France,Male,33,4,138871.67,2,0,0,163579.86,0,0,5,SILVER,465,0
16200723,2461223,sdv-pii-smye4,584,Spain,Male,47,3,115.46,2,0,0,40708.55,0,0,5,DIAMOND,742,3
568481,7569537,sdv-pii-dg9zk,552,Germany,Male,45,3,119818.04,2,0,0,130761.66,0,0,2,DIAMOND,521,4
2075539,5989288,sdv-pii-oop32,693,France,Female,39,3,59.06,4,0,0,113587.44,1,1,2,GOLD,320,2
5876105,14974985,sdv-pii-346h7,681,France,Female,46,9,116190.8,1,1,0,48032.75,0,0,3,DIAMOND,732,1
4632831,8260559,sdv-pii-wvkae,732,France,Female,34,5,0.0,2,1,0,131952.83,0,0,3,SILVER,280,1
2138357,11892011,sdv-pii-wf22p,773,Spain,Male,31,5,35.45,2,1,1,43473.31,0,0,5,SILVER,659,3
4699965,685877,sdv-pii-makv5,783,Spain,Male,30,8,0.0,2,1,0,136985.5,0,0,2,DIAMOND,505,3
9712594,883022,sdv-pii-o6047,531,Spain,Male,38,5,0.0,1,0,0,163284.03,0,0,3,DIAMOND,523,3
7575302,15348260,sdv-pii-aini4,489,Spain,Male,40,8,53323.24,2,0,1,16106.34,0,0,5,GOLD,515,3
4500793,13501861,sdv-pii-jim3f,571,France,Female,46,2,0.0,2,1,0,38918.2,1,1,3,SILVER,827,2
12323040,15774067,sdv-pii-jt9td,602,Spain,Female,29,2,0.0,2,0,1,157110.51,0,0,5,SILVER,417,1
6738788,12395650,sdv-pii-29lw1,569,France,Male,31,5,0.0,2,0,1,182376.89,0,0,3,DIAMOND,878,0
15671441,13060662,sdv-pii-rq9ij,567,Germany,Female,60,8,96251.21,4,0,1,17937.17,1,1,4,PLATINUM,860,2
11223876,14385149,sdv-pii-ak517,630,Spain,Male,21,9,0.0,2,1,1,95304.45,0,0,1,PLATINUM,926,3
13637506,12190501,sdv-pii-o1p3m,572,Germany,Female,37,9,108541.49,1,1,1,187310.73,0,1,3,DIAMOND,390,4
15855421,9220641,sdv-pii-lplfj,811,Spain,Male,31,2,136237.84,1,1,0,133505.89,0,0,3,DIAMOND,824,3
1898859,770985,sdv-pii-rsxvq,601,Germany,Male,40,2,166415.92,2,1,0,89006.37,0,0,2,DIAMOND,755,4
9066107,8280201,sdv-pii-t68ig,624,Germany,Male,51,9,112129.53,1,0,0,53188.99,1,1,4,DIAMOND,649,4
10937165,14899660,sdv-pii-vv0ah,725,France,Female,52,9,136213.97,1,1,0,43594.78,0,0,2,GOLD,593,1
741139,1800013,sdv-pii-h4emp,840,Spain,Female,21,8,145828.06,2,0,1,167271.2,0,0,2,DIAMOND,849,1
6817266,8275200,sdv-pii-v1ghq,587,Spain,Female,36,6,122375.97,1,1,0,53859.49,0,0,2,GOLD,807,1
12700685,10292193,sdv-pii-8qzwm,578,Germany,Female,38,8,122008.68,1,1,0,125075.84,1,1,3,DIAMOND,585,4
3400053,4989734,sdv-pii-5270z,556,Germany,Female,24,5,85441.65,1,0,0,6904.73,0,0,2,GOLD,694,1
4243296,14291655,sdv-pii-5003d,606,Spain,Female,26,2,119108.09,2,1,1,153635.08,0,0,4,DIAMOND,292,1
10927422,4993127,sdv-pii-igv8z,618,France,Male,33,6,107166.08,2,0,0,67659.43,0,0,1,DIAMOND,774,0
8451988,8645331,sdv-pii-bl9wo,662,Germany,Female,39,1,123689.82,1,0,0,111136.16,0,1,3,DIAMOND,843,4
4560507,1861550,sdv-pii-q56c2,520,Germany,Female,49,7,382.22,1,1,1,54521.93,0,0,3,PLATINUM,325,1
2543155,8622950,sdv-pii-6nzoe,766,France,Female,36,9,0.0,3,0,0,37750.7,1,1,4,SILVER,810,2
13736079,8268928,sdv-pii-cbiza,623,France,Female,40,6,110099.01,2,0,1,136578.43,0,0,4,GOLD,678,1
6611652,730211,sdv-pii-r34dw,629,France,Male,44,2,0.0,2,0,1,41454.39,0,0,4,PLATINUM,510,0
1037825,2169085,sdv-pii-wktat,792,Spain,Female,32,5,0.0,2,1,0,121051.63,0,0,1,GOLD,710,1
13106439,6619759,sdv-pii-rwfhy,628,Germany,Female,42,9,151874.81,1,1,1,79671.35,1,1,2,PLATINUM,434,2
10071671,8230942,sdv-pii-nf3f9,779,Spain,Female,24,3,147644.54,2,1,1,119006.55,0,0,3,DIAMOND,230,1
10723527,13151184,sdv-pii-eqeca,616,Spain,Male,38,8,87408.1,1,1,1,20104.06,0,0,3,PLATINUM,803,3
3622959,2700955,sdv-pii-48wjm,774,Germany,Male,40,8,119942.01,1,0,0,108455.82,1,1,4,PLATINUM,806,0
5498731,13143690,sdv-pii-h9r4z,629,Germany,Female,59,2,121970.79,3,0,0,46154.38,1,1,2,PLATINUM,654,2
4195394,8769106,sdv-pii-cjq2f,545,Germany,Male,43,5,126379.74,1,0,1,121280.02,1,1,1,DIAMOND,297,4
6297836,5822005,sdv-pii-uyfgy,595,France,Female,44,5,120882.68,4,1,0,76068.74,1,1,2,DIAMOND,750,2
6231617,2301734,sdv-pii-clcqr,591,Germany,Male,61,3,15.99,2,1,1,50248.62,0,0,2,PLATINUM,807,0
11343500,15255967,sdv-pii-8z5ks,704,Spain,Male,34,5,0.0,2,0,0,41115.36,0,0,3,GOLD,286,3
5599056,14763488,sdv-pii-t2fqw,543,Germany,Male,44,5,132710.62,2,1,0,49059.18,0,0,4,DIAMOND,802,4
8236519,7764345,sdv-pii-skwhq,482,France,Male,50,8,103.02,2,1,1,95122.2,0,1,2,SILVER,324,0
12647066,14332689,sdv-pii-a6hbr,698,Spain,Female,47,6,89264.28,2,0,1,81081.77,1,1,3,SILVER,965,2
448191,404241,sdv-pii-e18uk,592,Spain,Female,22,1,514.46,2,0,1,76263.91,0,0,2,GOLD,830,1
12986899,3232098,sdv-pii-x80mo,461,Spain,Female,32,1,604.55,2,0,1,199992.48,0,0,5,SILVER,294,1
15344483,15286320,sdv-pii-728d0,669,Spain,Male,35,5,138224.11,2,0,1,81254.35,0,0,3,DIAMOND,395,3
4917767,171339,sdv-pii-hrxqj,522,France,Female,42,1,150107.51,1,0,1,142636.82,0,1,1,DIAMOND,611,2
4518451,1956728,sdv-pii-uw9sv,574,France,Female,39,9,0.0,1,0,0,144304.21,1,0,4,PLATINUM,853,2
289909,14934169,sdv-pii-9f4u5,711,Spain,Male,53,2,168360.38,2,1,0,59302.7,0,0,3,PLATINUM,680,3
11814323,6638495,sdv-pii-rcyey,698,Germany,Female,44,6,121324.81,1,0,1,149228.3,1,0,4,DIAMOND,910,4
9620036,4818711,sdv-pii-9fkk1,732,Germany,Female,27,8,0.0,2,1,1,88669.55,0,0,3,GOLD,264,1
5915083,11887106,sdv-pii-107lw,696,France,Male,29,2,114398.65,1,0,0,50416.92,0,0,1,GOLD,482,0
1108258,6605244,sdv-pii-klcij,773,France,Female,60,1,149802.86,3,0,0,47989.7,1,1,3,PLATINUM,478,2
10123866,5206085,sdv-pii-ae7o6,643,France,Female,31,10,375.54,2,1,0,50314.52,0,0,5,PLATINUM,371,1
9330220,15295181,sdv-pii-tgtu1,535,France,Female,48,7,99206.31,1,1,1,66404.42,1,1,1,PLATINUM,782,2
14120475,1719049,sdv-pii-d1gu1,513,France,Male,39,5,928.94,2,1,0,33436.13,0,0,2,PLATINUM,440,0
5619216,7407340,sdv-pii-loduq,505,France,Female,44,8,2715.38,2,0,1,109428.26,1,1,4,GOLD,630,2
6112525,4133638,sdv-pii-38lo2,617,France,Female,59,1,0.0,2,0,0,46888.03,0,0,3,GOLD,813,1
976729,13926635,sdv-pii-kzptp,784,Germany,Female,59,3,148907.5,1,1,0,32430.12,0,0,5,DIAMOND,830,4
5343591,2000662,sdv-pii-w6bf3,491,France,Female,27,2,1473.75,2,1,0,11.58,0,0,4,PLATINUM,214,1
3433660,10121531,sdv-pii-rfyyn,516,France,Male,41,5,88632.72,2,1,0,95692.1,0,0,2,SILVER,441,0
655155,3790589,sdv-pii-caq0h,504,France,Female,64,5,121781.74,2,0,1,55923.43,1,1,3,SILVER,922,2
14956700,5051870,sdv-pii-emxx0,800,France,Male,26,8,144470.59,1,1,1,159914.2,0,0,5,PLATINUM,497,0
6243555,3387940,sdv-pii-gfxhz,642,France,Male,37,1,69401.78,2,0,0,93110.36,0,0,1,GOLD,638,0
639080,13785042,sdv-pii-7ap6w,529,Spain,Male,36,3,105630.49,1,0,1,58203.79,0,0,2,SILVER,880,3
5419428,14526131,sdv-pii-2q257,532,France,Female,37,7,79993.82,1,0,0,65623.78,0,0,5,GOLD,542,1
14499720,4388440,sdv-pii-fclv9,540,Spain,Male,46,9,118034.19,2,1,0,165409.16,0,0,5,DIAMOND,611,3
11234715,13203341,sdv-pii-f4gy4,836,Germany,Male,29,8,110225.81,2,0,1,144287.3,0,0,2,GOLD,746,0
2141929,7789090,sdv-pii-u6odw,807,Spain,Female,38,3,106766.03,2,0,1,137454.77,0,0,2,SILVER,875,1
9124278,3796785,sdv-pii-feg4c,796,France,Male,23,9,1007.54,2,1,1,179666.97,0,0,3,GOLD,641,0
4985753,11999584,sdv-pii-abtbg,565,France,Male,34,3,101707.7,1,1,0,79668.29,0,1,1,GOLD,481,0
11782210,2430011,sdv-pii-23u3d,581,Spain,Female,25,6,0.0,2,1,0,105219.38,0,0,2,DIAMOND,311,1
12377610,1498806,sdv-pii-2xxhu,700,Spain,Female,29,6,0.0,2,1,0,56072.41,0,0,2,GOLD,577,1
10373744,9322094,sdv-pii-ntl5r,620,Spain,Female,32,6,102862.35,2,1,1,37835.99,0,0,2,DIAMOND,936,1
12399478,7749762,sdv-pii-u4q23,734,Spain,Female,23,8,0.0,1,1,0,76843.18,1,1,4,PLATINUM,749,2
14541914,3374718,sdv-pii-gmylh,652,France,Female,40,1,150734.56,3,0,0,116493.86,1,1,4,PLATINUM,382,2
12335248,12059171,sdv-pii-bjwu3,653,Germany,Female,34,10,145100.12,2,0,0,71578.02,1,1,1,PLATINUM,956,2
14374319,2036806,sdv-pii-okdxu,705,Spain,Female,42,5,0.0,2,1,0,47597.47,0,0,1,GOLD,743,1
15435095,461162,sdv-pii-7lvw8,498,Spain,Female,39,8,119174.55,1,1,0,11.58,0,1,4,PLATINUM,832,1
9078925,13508808,sdv-pii-bgw6e,850,France,Female,54,10,130665.25,3,0,0,118849.47,1,1,5,DIAMOND,479,2
4735402,6145499,sdv-pii-do61e,600,France,Male,51,1,117331.43,1,1,0,57400.29,1,1,3,SILVER,841,0
3460214,9057510,sdv-pii-wzuyw,761,Spain,Female,51,3,126737.52,2,0,1,158387.81,0,0,5,PLATINUM,444,1
4338336,4746279,sdv-pii-upg82,697,Spain,Male,38,5,123972.5,2,1,0,141006.37,0,0,2,PLATINUM,574,3
8678196,11945389,sdv-pii-1cotn,509,France,Male,36,10,78276.53,2,0,0,26708.62,0,0,2,GOLD,902,0
708330,10752113,sdv-pii-haczw,652,Spain,Male,44,9,0.0,1,0,1,45644.34,0,0,3,PLATINUM,312,3
11439174,2055410,sdv-pii-70f0r,586,France,Male,71,9,107149.04,1,0,0,42493.48,1,1,3,PLATINUM,289,0
3648120,1693273,sdv-pii-3eess,672,France,Female,47,2,114453.42,3,0,0,34038.62,1,1,4,SILVER,794,2
7118401,16711250,sdv-pii-trput,569,Spain,Female,22,5,1826.6,2,1,1,99504.38,0,0,3,GOLD,873,1
8021451,1142775,sdv-pii-rsjy2,756,Germany,Female,52,10,106608.46,3,0,1,120372.11,1,1,5,DIAMOND,627,4
12751656,8008298,sdv-pii-oct3p,584,Germany,Female,30,6,137379.39,2,1,0,63469.24,0,0,4,DIAMOND,956,4
7503744,4242936,sdv-pii-uzuz3,765,Germany,Female,44,0,0.0,1,1,0,86413.5,0,0,3,DIAMOND,869,4
15966081,13527467,sdv-pii-8zk8z,600,Spain,Male,31,6,0.0,2,1,1,76792.54,0,0,3,DIAMOND,542,3
4073362,1868178,sdv-pii-pffum,697,Germany,Male,36,9,1233.44,2,1,0,93636.24,0,0,4,DIAMOND,800,4
6220248,11824210,sdv-pii-bujyn,601,Germany,Female,68,10,129901.12,1,1,0,183517.54,1,1,3,GOLD,703,2
14814227,7804910,sdv-pii-v1rps,595,France,Female,34,6,116951.81,2,0,0,146706.63,0,0,3,DIAMOND,549,1
2077622,8952922,sdv-pii-0oifi,771,Germany,Female,52,8,113071.57,1,1,1,62330.58,1,1,3,GOLD,650,2
9280265,3109734,sdv-pii-li2v6,596,Spain,Male,39,7,120239.22,2,1,0,43023.58,0,0,3,DIAMOND,388,3
4025781,5549679,sdv-pii-n9rn8,746,Germany,Male,27,1,0.0,2,0,1,98565.22,0,0,2,PLATINUM,208,0
8076627,1809925,sdv-pii-cn6ng,681,France,Male,27,10,79838.12,2,0,1,104428.52,0,0,5,SILVER,871,0
918153,15554640,sdv-pii-a9ff4,703,Germany,Male,28,9,72018.8,1,1,0,18371.97,0,0,5,GOLD,665,0
16068872,4340507,sdv-pii-vnwas,569,Spain,Male,29,3,109137.72,1,0,1,1811.5,0,0,3,DIAMOND,552,3
1374327,15099394,sdv-pii-z8sdy,562,Germany,Female,47,8,134462.07,1,1,0,97850.06,0,0,4,DIAMOND,442,4
13048099,3277979,sdv-pii-p4tog,760,Spain,Female,23,9,143975.35,2,1,1,119323.55,0,0,5,DIAMOND,574,1
5558307,10978304,sdv-pii-z458l,589,France,Female,28,5,2537.83,2,1,1,119939.13,0,0,4,PLATINUM,943,1
7531364,7030166,sdv-pii-9vf9e,597,France,Male,30,10,109639.1,2,1,0,172881.46,1,1,2,DIAMOND,664,0
1591755,13073698,sdv-pii-c8z2q,715,France,Female,41,8,1544.33,1,0,1,169641.87,0,0,2,PLATINUM,468,1
15566528,6358855,sdv-pii-pq8rw,771,France,Female,63,8,114001.23,2,1,0,41559.62,0,0,2,DIAMOND,941,1
16766275,16178907,sdv-pii-ta8wc,670,Germany,Female,64,8,147520.73,1,1,0,48235.4,0,1,2,PLATINUM,608,2
10769297,3710630,sdv-pii-x6ja6,781,Spain,Male,34,8,124526.17,1,1,0,107075.31,0,0,3,PLATINUM,328,3
3708828,5171375,sdv-pii-gkpg6,566,Spain,Female,31,4,0.0,2,1,0,66394.96,0,0,3,GOLD,538,1
4780804,8396184,sdv-pii-gmb92,532,Spain,Female,26,5,133957.83,1,0,1,108721.19,0,0,1,PLATINUM,299,1
16463595,5132206,sdv-pii-9vcpm,601,Spain,Female,31,5,109859.3,1,1,1,115500.26,0,0,1,SILVER,469,1
13764066,9563938,sdv-pii-o1zth,567,Spain,Male,38,8,114313.11,1,1,0,89562.36,0,0,3,DIAMOND,413,3
11172333,13061249,sdv-pii-lfh0d,617,Germany,Female,43,9,0.0,1,0,0,22404.38,1,1,2,PLATINUM,872,2
10662616,963051,sdv-pii-urc93,652,Spain,Female,25,2,91386.22,1,0,0,105325.27,0,0,5,PLATINUM,868,1
12897978,9455999,sdv-pii-lbjqb,574,Germany,Female,34,1,110446.22,1,1,0,61761.62,0,0,1,GOLD,229,1
3886767,11276444,sdv-pii-y8nxa,527,Spain,Female,40,2,102484.26,2,1,1,133772.83,1,0,3,DIAMOND,268,1
7330269,5988079,sdv-pii-gksl6,669,France,Female,31,8,1035.02,1,0,0,106948.3,0,0,4,GOLD,868,1
1307097,9633516,sdv-pii-ivpnf,570,Germany,Female,58,9,125956.48,1,1,1,51427.29,0,0,1,GOLD,751,1
12195340,5448925,sdv-pii-aahbl,688,Spain,Female,37,7,0.0,2,0,0,172759.61,0,0,1,GOLD,778,1
5064164,13753855,sdv-pii-ls2bf,738,Spain,Female,34,8,151170.08,1,1,0,59550.42,0,0,5,SILVER,291,1
288614,3568853,sdv-pii-pbi9f,661,Germany,Female,47,5,167434.02,1,1,0,111836.56,1,1,3,GOLD,605,2
10254657,11470027,sdv-pii-gmi5r,732,Spain,Male,34,7,0.0,2,1,0,48819.55,0,0,1,PLATINUM,637,3
15642270,8396593,sdv-pii-vun5z,545,Spain,Male,51,10,460.91,2,1,0,82189.93,0,0,5,SILVER,688,3
12324085,1483564,sdv-pii-addxt,827,France,Female,34,6,2463.0,2,1,0,143505.05,1,1,3,DIAMOND,780,2
4800847,639972,sdv-pii-z1fwa,556,Germany,Female,39,8,107038.9,3,1,1,74842.51,1,0,3,DIAMOND,897,4
15445272,2593705,sdv-pii-7f1bv,692,Spain,Male,63,5,0.0,2,1,1,154924.01,0,0,3,GOLD,618,3
1398144,16011319,sdv-pii-rxcca,517,Germany,Female,38,7,143686.82,1,0,1,195885.16,0,0,3,SILVER,360,1
2613390,1280490,sdv-pii-zbwx5,544,France,Female,39,8,123683.55,1,1,1,55640.01,1,1,3,PLATINUM,884,2
62791,10429933,sdv-pii-1gcv6,780,France,Female,52,8,109390.43,1,0,0,104313.23,1,1,2,DIAMOND,587,2
5393009,12517159,sdv-pii-1h5en,650,Spain,Male,29,8,112059.71,1,0,0,135225.27,0,0,5,SILVER,283,3
2994737,10248105,sdv-pii-g151b,541,France,Male,61,8,129937.65,3,0,0,148423.17,1,1,4,DIAMOND,1000,0
16447387,16461947,sdv-pii-vve1z,672,Spain,Female,24,5,1325.04,1,1,0,91958.31,1,1,2,PLATINUM,866,2
12925604,390788,sdv-pii-og6fr,838,Germany,Female,30,1,90660.19,2,0,0,85412.98,0,0,3,DIAMOND,651,4
14166723,1988851,sdv-pii-ghod8,662,Germany,Female,27,5,124804.32,1,0,1,187404.36,0,0,2,SILVER,941,1
4613367,10805130,sdv-pii-4gsi6,526,Germany,Female,37,4,125323.79,2,0,0,186585.38,0,0,3,DIAMOND,512,4
2084853,11311624,sdv-pii-1efuv,574,France,Female,53,6,105695.95,3,1,0,126978.18,1,1,4,GOLD,817,2
16451779,6689621,sdv-pii-a7pvz,850,Spain,Female,25,8,1283.5,2,0,1,109539.62,0,0,3,GOLD,670,1
3334922,7489236,sdv-pii-vnw74,746,Spain,Male,41,9,186.15,1,1,0,40709.77,0,0,3,PLATINUM,954,3
5302171,14895390,sdv-pii-qsurd,641,France,Male,43,8,73029.05,2,1,0,80127.6,1,1,5,SILVER,531,0
8460920,1419039,sdv-pii-xj084,576,Germany,Male,64,7,132674.27,1,1,0,154653.27,0,0,1,DIAMOND,865,4
8225233,11653508,sdv-pii-9j5gg,756,France,Female,37,4,134616.33,1,0,0,125437.24,1,1,5,GOLD,494,2
16775155,12162124,sdv-pii-5a7ww,724,France,Female,29,4,2486.85,2,0,0,88367.11,0,0,3,SILVER,938,1
10906148,2350392,sdv-pii-0agpi,672,Germany,Female,21,1,147539.11,2,0,0,74886.6,0,0,5,PLATINUM,661,1
13795691,4428396,sdv-pii-qm60g,750,France,Female,32,4,0.0,1,1,0,104230.78,0,0,4,SILVER,485,1
12020765,14915240,sdv-pii-vrii4,764,France,Male,46,8,112958.94,3,0,0,13638.45,1,1,2,DIAMOND,392,0
4166318,7406381,sdv-pii-5ydje,583,Germany,Female,43,1,110865.64,3,1,0,114481.0,1,1,2,DIAMOND,398,4
8928434,4153941,sdv-pii-fh3uj,609,Germany,Female,38,5,167692.44,2,1,0,35365.06,0,0,1,PLATINUM,256,1
6796502,15406565,sdv-pii-rgtqn,606,France,Female,43,10,129037.67,1,1,0,143064.32,1,1,2,PLATINUM,634,2
1993550,15640296,sdv-pii-qisxf,736,Spain,Female,59,4,0.0,2,0,1,61180.42,0,0,2,PLATINUM,536,1
9455802,8728013,sdv-pii-5q53h,513,Spain,Male,29,0,1427.15,2,1,1,30845.73,0,0,3,GOLD,281,3
5792096,7092564,sdv-pii-lns0z,613,France,Female,44,8,121585.48,4,0,0,11618.08,1,1,3,DIAMOND,661,2
4035222,2680584,sdv-pii-0q7tg,670,Spain,Male,33,9,0.0,2,1,0,128362.29,0,0,3,PLATINUM,513,3
7527162,4514125,sdv-pii-zrrxc,850,Spain,Female,29,8,81948.3,3,1,0,41180.52,0,0,5,DIAMOND,788,1
4038306,4254863,sdv-pii-l2oc6,554,France,Female,63,9,136920.54,4,0,0,154224.74,1,1,1,SILVER,821,2
14374934,15177906,sdv-pii-e021e,698,Germany,Male,38,3,71655.35,2,0,0,118325.9,0,0,4,DIAMOND,812,4
3894666,12781859,sdv-pii-40qhg,645,Spain,Male,25,1,947.25,1,0,0,77919.35,1,1,1,DIAMOND,916,3
2278194,2710401,sdv-pii-lxkrj,645,France,Female,42,3,126036.96,1,1,0,37553.17,1,1,5,DIAMOND,465,2
12411485,10831594,sdv-pii-vl5fi,592,Germany,Female,39,9,132927.72,1,1,1,101393.74,0,0,3,GOLD,597,1
1217131,15870374,sdv-pii-shuev,482,France,Female,47,3,576.7,2,0,1,90703.65,0,0,1,PLATINUM,830,1
14142815,6615106,sdv-pii-x8s7i,569,Spain,Female,41,5,0.0,2,0,0,101799.96,0,0,3,SILVER,365,1
13733409,13321703,sdv-pii-f9pho,518,France,Female,34,1,114858.59,2,1,1,160095.72,1,1,5,DIAMOND,388,2
10829098,14892280,sdv-pii-k184g,715,France,Female,44,1,116526.26,2,1,0,45160.39,1,1,5,DIAMOND,437,2
62357,5826711,sdv-pii-dwm19,706,Spain,Male,35,5,100554.92,1,1,0,19856.24,0,0,5,GOLD,325,3
8143995,14380602,sdv-pii-ez7nm,782,Germany,Female,56,3,138757.64,1,1,0,144451.76,1,1,3,PLATINUM,857,2
12985918,15635203,sdv-pii-rx3b8,452,Germany,Female,63,5,117709.49,1,0,0,156502.29,1,1,5,GOLD,443,2
3316687,10613611,sdv-pii-osjff,560,Spain,Female,37,7,103236.11,1,0,0,6739.68,0,0,3,GOLD,658,1
941683,12399788,sdv-pii-fynr8,618,Spain,Female,51,1,93726.06,2,0,0,92153.33,1,1,1,PLATINUM,319,2
8758889,16043408,sdv-pii-nsd55,770,Spain,Male,26,10,0.0,2,0,1,108605.99,0,0,2,PLATINUM,421,3
13522660,8411279,sdv-pii-vissi,544,Germany,Female,67,3,99408.46,1,0,1,186552.89,1,1,4,DIAMOND,525,4
679407,3476534,sdv-pii-s2iio,535,France,Female,56,8,86284.13,4,1,0,35222.47,1,1,4,SILVER,621,2
12123693,11071820,sdv-pii-va8c7,795,France,Female,25,9,0.0,2,1,1,157921.36,0,0,3,DIAMOND,539,1
6468194,13236185,sdv-pii-ppncf,561,France,Male,30,8,665.36,2,0,0,141805.43,1,0,3,DIAMOND,866,0
11083442,15451732,sdv-pii-c78xr,545,Spain,Female,21,8,0.0,1,0,0,72493.93,0,0,3,DIAMOND,434,1
2620942,15181467,sdv-pii-2zyqk,786,France,Female,42,5,94675.78,3,1,0,37249.89,1,1,2,SILVER,298,2
3322161,15683364,sdv-pii-px8q8,667,Spain,Male,40,5,0.0,2,0,0,59919.73,0,0,1,PLATINUM,466,3
1817619,15080448,sdv-pii-88l1r,645,Spain,Male,30,8,102722.03,2,1,0,186266.89,0,0,3,DIAMOND,684,3
12945323,9867306,sdv-pii-hru0t,609,Spain,Male,32,1,264.87,2,0,1,130029.78,0,0,3,DIAMOND,668,3
1684425,1640080,sdv-pii-hiz3u,791,Spain,Female,28,6,8.19,2,1,0,175287.96,0,0,2,PLATINUM,832,1
2952009,9947254,sdv-pii-ibshf,576,Germany,Male,37,7,106136.01,1,1,0,91055.69,0,0,1,GOLD,299,0
8002573,4300100,sdv-pii-rjzx4,704,Spain,Male,24,7,2597.65,2,0,1,64983.43,0,0,4,PLATINUM,362,3
3520259,12606870,sdv-pii-t73qu,769,France,Male,61,3,133450.97,4,0,0,55532.24,1,1,3,DIAMOND,621,0
14438373,372665,sdv-pii-9bkwp,571,France,Male,52,6,0.0,1,0,0,22114.12,1,1,5,DIAMOND,885,0
3467784,13581567,sdv-pii-abs9k,720,Spain,Female,29,2,117084.39,2,1,1,145659.61,0,0,4,GOLD,281,1
2783852,12200249,sdv-pii-jyy3j,649,Spain,Female,28,1,192.17,2,0,0,142152.71,0,0,2,SILVER,542,1
5892197,6847145,sdv-pii-jizd4,530,Germany,Female,38,8,112846.31,1,0,1,170076.9,0,0,2,PLATINUM,251,1
12411398,3757083,sdv-pii-jr4rs,701,Spain,Female,31,9,143825.28,2,0,1,184708.2,0,0,3,DIAMOND,449,1
4785645,3247798,sdv-pii-2r4ll,800,France,Male,32,1,0.0,2,0,1,20734.08,0,0,2,PLATINUM,821,0
16254464,8597206,sdv-pii-nx80a,513,France,Male,37,2,0.0,2,1,1,188432.86,1,1,2,DIAMOND,897,0
3348358,13809370,sdv-pii-wsbvm,668,Germany,Male,47,8,128826.45,3,0,0,166854.68,1,1,4,DIAMOND,820,4
10044937,3143176,sdv-pii-5e57y,805,Spain,Male,58,3,82313.66,2,1,1,107829.71,0,0,3,PLATINUM,340,3
1591390,3087737,sdv-pii-yxlzr,542,Spain,Female,36,4,0.0,2,1,1,35933.16,0,0,3,SILVER,282,1
12879272,16772135,sdv-pii-5x04j,592,Spain,Female,30,8,79319.17,2,0,1,68792.81,0,0,3,PLATINUM,525,1
7729497,6625500,sdv-pii-zux1i,750,Germany,Male,68,0,96204.61,1,1,0,67219.63,0,0,4,DIAMOND,887,4
2808067,4798473,sdv-pii-dkp4i,581,France,Female,28,7,125244.93,2,0,1,11.58,0,0,4,PLATINUM,976,1
5738475,5265111,sdv-pii-lu4py,839,Spain,Male,34,4,0.0,2,1,0,74258.7,0,0,3,PLATINUM,575,3
12627712,8822551,sdv-pii-s5mzy,650,Germany,Male,45,2,126672.96,2,1,0,67932.44,1,1,4,SILVER,305,0
14609345,13071535,sdv-pii-7quaa,552,Spain,Female,40,8,1705.76,2,1,0,10494.05,0,0,4,SILVER,721,1
8591205,14269919,sdv-pii-afjk7,459,Germany,Female,50,9,132085.84,3,0,0,28812.18,1,1,2,DIAMOND,279,4
9285771,13479415,sdv-pii-vqghk,610,France,Male,46,4,10.55,2,0,0,125717.93,1,1,4,PLATINUM,638,0
8261088,5486970,sdv-pii-jw5gf,797,France,Female,23,5,0.0,2,1,0,186796.67,0,0,4,DIAMOND,927,1
2616204,8065209,sdv-pii-fszy5,671,Germany,Female,43,4,175845.67,2,0,0,102546.08,0,0,4,PLATINUM,955,1
8891820,9153146,sdv-pii-9463f,573,France,Male,34,6,0.0,2,1,0,120723.08,0,0,3,PLATINUM,493,0
927212,14111280,sdv-pii-py8pz,463,Germany,Male,52,3,55.67,3,0,1,139945.35,1,1,4,PLATINUM,760,0
14514161,10511312,sdv-pii-87p86,746,France,Female,33,3,97300.89,2,1,0,186777.63,0,0,4,SILVER,767,1
14029532,8150715,sdv-pii-67ry7,626,France,Female,22,8,0.0,1,0,1,84415.55,0,0,3,DIAMOND,461,1
12059185,13538087,sdv-pii-mnku4,507,Spain,Female,27,6,90144.82,1,1,1,34606.72,0,0,3,DIAMOND,900,1
9767310,15984485,sdv-pii-kcam7,650,France,Female,32,8,139827.34,2,0,0,53948.03,0,0,4,GOLD,815,1
16777172,14181056,sdv-pii-la8tj,593,Germany,Female,47,9,124062.41,1,1,0,46744.79,0,0,1,SILVER,517,1
3945744,2531748,sdv-pii-3st4e,640,France,Female,36,8,110358.1,4,0,0,140078.9,1,1,4,GOLD,897,2
16303645,15057374,sdv-pii-1rb0m,663,France,Female,47,8,0.0,2,1,0,41219.88,1,1,5,PLATINUM,459,2
1077440,11478128,sdv-pii-llqqh,645,France,Male,39,6,0.0,2,0,1,186382.65,0,0,3,PLATINUM,624,0
2475761,2614796,sdv-pii-fw33j,639,Spain,Female,36,8,1741.57,2,1,0,138186.39,0,0,2,PLATINUM,990,1
9313772,8783730,sdv-pii-kl5iz,638,Spain,Female,64,2,94005.2,1,0,0,164107.23,0,0,5,PLATINUM,948,1
12524622,874085,sdv-pii-mq8oy,542,France,Female,49,7,0.0,2,0,1,42431.27,1,1,3,PLATINUM,556,2
15716867,5220544,sdv-pii-s0k5l,504,France,Male,43,5,99387.94,2,0,1,6374.99,0,0,3,PLATINUM,665,0
16708183,8563751,sdv-pii-r3141,453,France,Female,40,2,88082.3,3,0,0,41935.46,1,1,1,SILVER,870,2
5586851,9440714,sdv-pii-haume,839,Spain,Male,33,4,1756.53,2,0,1,191833.12,0,0,3,PLATINUM,296,3
13790827,9825112,sdv-pii-ynewu,775,France,Female,71,8,89349.53,1,0,1,145689.1,1,1,5,DIAMOND,656,2
11437544,9986707,sdv-pii-t6lc8,569,Spain,Male,53,9,139734.57,2,1,0,51511.87,0,0,1,PLATINUM,530,3
4729796,3764342,sdv-pii-ciwqt,760,France,Female,31,8,0.0,2,0,0,166345.01,0,0,4,GOLD,279,1
4311965,1113171,sdv-pii-f3efw,678,Spain,Female,35,5,0.0,2,0,1,179227.82,0,0,2,SILVER,277,1
8738582,4431407,sdv-pii-nl4vp,850,Spain,Male,27,9,0.0,2,1,1,147818.62,0,0,3,DIAMOND,295,3
494987,4597421,sdv-pii-dw1j8,634,France,Female,48,8,120000.0,3,1,0,156442.8,1,1,5,PLATINUM,928,2
2345966,11003341,sdv-pii-3vdsb,623,France,Female,23,9,137394.86,2,1,1,101343.39,0,0,2,GOLD,782,1
8224537,15699938,sdv-pii-26y5i,806,Germany,Female,53,0,97059.62,1,1,0,138229.82,0,1,1,DIAMOND,939,4
14063152,7066495,sdv-pii-7a41z,531,France,Male,24,8,0.0,1,0,1,180318.33,0,0,2,DIAMOND,254,0
5561029,9203755,sdv-pii-sq05j,672,Germany,Female,35,8,107234.38,1,1,0,139015.1,0,0,4,PLATINUM,934,1
7528447,9940278,sdv-pii-0wzxg,661,Spain,Female,21,3,101.46,2,1,1,96961.92,0,0,3,GOLD,403,1
13462646,1605369,sdv-pii-oh19k,584,Spain,Male,24,8,0.0,2,1,1,80557.14,0,0,3,DIAMOND,548,3
3612248,16218763,sdv-pii-zx7ev,697,Germany,Female,37,9,117594.02,1,0,0,81379.45,1,0,4,DIAMOND,803,4
7095748,16187233,sdv-pii-a72hd,831,France,Male,40,10,0.0,2,0,0,115818.56,1,0,5,PLATINUM,392,0
8992962,13630050,sdv-pii-5n698,491,Spain,Male,33,2,110418.29,1,1,0,58647.46,0,0,2,PLATINUM,666,3
13087361,10900284,sdv-pii-fia44,775,Spain,Male,36,5,142710.67,2,1,1,183073.89,0,0,2,DIAMOND,785,3
12493979,5106394,sdv-pii-9f9gd,663,Germany,Female,38,3,116088.79,1,1,0,62318.35,1,0,2,PLATINUM,871,2
16392926,14703113,sdv-pii-wvugr,713,France,Male,41,8,118254.18,2,1,0,88155.21,0,0,4,GOLD,387,0
8126979,16614479,sdv-pii-gohpy,704,Germany,Female,57,3,118433.01,2,0,0,182494.38,0,0,3,DIAMOND,761,4
7290964,16683327,sdv-pii-w2dry,748,Spain,Female,35,2,154463.88,1,0,1,42551.42,0,0,3,PLATINUM,692,1
15902562,4877801,sdv-pii-hmakm,850,Spain,Male,29,8,0.0,2,1,1,52023.07,0,0,3,DIAMOND,626,3
5317366,776517,sdv-pii-zbzd0,647,France,Male,43,2,131248.65,1,0,0,115995.91,1,1,3,SILVER,442,0
8160859,6986298,sdv-pii-1h8q3,597,France,Female,41,1,189.36,3,0,0,156021.37,1,1,5,DIAMOND,918,2
71507,8257273,sdv-pii-srsnu,850,France,Female,27,3,0.0,2,0,1,18627.34,0,0,2,GOLD,532,1
2463716,2086473,sdv-pii-shtar,635,France,Male,42,10,95878.95,3,1,0,55610.63,1,1,4,DIAMOND,268,0
15035716,1107593,sdv-pii-5mqtd,571,Spain,Male,22,1,0.0,1,0,1,75935.76,0,0,3,DIAMOND,568,3
1150286,5041704,sdv-pii-b6n2v,698,Germany,Female,28,5,151851.77,1,0,0,120973.61,1,1,3,GOLD,986,2
9949312,3114858,sdv-pii-fkgmm,574,Spain,Male,38,3,1375.28,2,1,0,160721.02,0,0,1,PLATINUM,965,3
15695305,682324,sdv-pii-5daki,572,Spain,Male,39,4,100483.5,2,1,0,161850.19,0,0,3,DIAMOND,944,3
12078416,13466345,sdv-pii-1ydul,621,France,Male,46,0,0.0,2,1,0,83165.33,0,0,4,PLATINUM,833,0
14130194,12951071,sdv-pii-rqeup,780,France,Male,49,1,0.0,1,0,0,23653.74,1,1,2,PLATINUM,944,0
16620521,8987775,sdv-pii-dd285,619,Spain,Male,67,3,107854.63,4,0,0,150764.59,1,1,3,SILVER,702,3
9937597,8689242,sdv-pii-xoktg,592,Germany,Female,22,9,120075.04,2,1,0,47377.66,0,0,2,GOLD,185,1
6024353,5191314,sdv-pii-dwj26,634,Spain,Male,37,10,151991.83,2,0,0,92017.94,0,0,1,PLATINUM,843,3
9843307,12811405,sdv-pii-kpona,572,Germany,Female,60,7,124295.68,1,1,0,39982.42,1,1,4,GOLD,655,2
7780587,7263900,sdv-pii-8wle8,612,Spain,Female,32,7,0.0,2,0,1,180787.5,0,0,4,DIAMOND,530,1
1666838,13535436,sdv-pii-prxcv,736,France,Male,46,5,113519.78,2,0,0,45727.45,1,1,3,DIAMOND,815,0
10160199,7706773,sdv-pii-bgr0f,724,Germany,Male,48,3,160816.75,1,1,1,108790.93,0,1,2,GOLD,608,0
6160672,7692243,sdv-pii-l2ge2,662,Spain,Male,33,3,96822.31,2,1,1,134028.55,0,0,3,DIAMOND,484,3
9012129,9583573,sdv-pii-nq7m8,505,Germany,Female,44,8,122383.45,2,1,1,112729.47,1,1,3,GOLD,455,2
4357107,12522354,sdv-pii-o745n,684,France,Female,37,2,105179.82,2,1,1,181523.16,0,0,1,PLATINUM,231,1
9189870,926911,sdv-pii-31pdq,576,Spain,Male,44,9,498.47,2,1,1,83169.57,1,1,2,SILVER,361,3
57086,4017244,sdv-pii-5rs02,542,Spain,Female,34,3,152618.29,2,1,1,97374.44,0,0,2,DIAMOND,814,1
15768002,2447777,sdv-pii-gwa51,725,Spain,Male,51,4,89998.33,1,1,0,36427.65,0,0,3,DIAMOND,670,3
1738548,14530267,sdv-pii-hblmh,501,Spain,Female,39,6,142116.8,2,0,1,151647.01,1,1,1,PLATINUM,304,2
11222611,6696370,sdv-pii-tsu7m,698,France,Male,33,8,0.0,2,0,0,66395.68,0,0,3,PLATINUM,420,0
5068615,15587762,sdv-pii-9msu4,788,France,Female,21,2,0.0,2,1,1,67755.16,0,0,1,DIAMOND,315,1
12965541,7209682,sdv-pii-l1i56,579,France,Female,31,9,0.0,2,0,0,115148.63,0,0,4,GOLD,785,1
9388903,9621408,sdv-pii-fv4yx,692,Germany,Female,55,5,108694.39,1,0,0,57931.05,1,1,2,DIAMOND,949,4
3475307,12655768,sdv-pii-jwcga,447,France,Female,55,9,102179.89,3,1,0,111120.7,1,1,3,PLATINUM,825,2
7655025,6810550,sdv-pii-yvoku,513,Spain,Male,26,6,0.0,2,1,0,56527.38,0,0,2,SILVER,294,3
5771267,6628245,sdv-pii-i2s70,780,Spain,Female,41,3,0.0,2,1,1,89057.93,0,0,5,GOLD,921,1
933212,3894416,sdv-pii-vhsyr,741,France,Male,66,5,129709.93,3,0,0,104563.22,1,1,3,DIAMOND,928,0
7611204,5019305,sdv-pii-rxlma,546,Germany,Female,27,3,124213.68,2,0,1,139274.53,0,0,2,DIAMOND,777,4
3656184,351272,sdv-pii-ubqdg,664,Spain,Male,67,0,134422.03,1,1,1,188452.6,0,0,1,DIAMOND,669,3
8583713,240589,sdv-pii-lgczl,689,Germany,Female,33,7,134651.79,2,1,0,106725.37,0,0,4,SILVER,663,1
8220230,734850,sdv-pii-qi1ou,770,Spain,Male,43,6,0.0,2,0,0,113062.31,0,0,3,DIAMOND,930,3
10492707,631555,sdv-pii-espve,617,Spain,Male,40,9,146897.04,1,1,1,13917.59,0,0,3,DIAMOND,933,3
14593990,7306361,sdv-pii-xddcg,764,Spain,Female,28,8,0.0,2,1,0,129725.38,0,0,2,GOLD,763,1
655063,14089582,sdv-pii-nwxov,850,Spain,Female,38,5,510.38,2,1,0,73154.43,0,0,3,DIAMOND,368,1
14014046,8299333,sdv-pii-3jkah,688,Spain,Male,33,5,144771.46,2,0,0,189151.42,0,0,4,SILVER,407,3
1326161,15844161,sdv-pii-riffn,691,Spain,Male,42,6,123317.11,1,0,1,135744.48,0,0,3,DIAMOND,271,3
11816631,3938986,sdv-pii-m5omw,850,France,Female,30,6,1698.29,2,1,0,89887.07,0,0,5,GOLD,946,1
9792940,9025248,sdv-pii-0n6ym,841,Spain,Female,27,8,120034.38,1,1,1,134654.75,0,0,1,DIAMOND,758,1
4299532,16153447,sdv-pii-kv14r,779,Germany,Female,39,10,135905.75,2,1,0,37106.75,1,1,4,DIAMOND,866,4
5529541,2785641,sdv-pii-mnjh8,581,France,Female,32,1,0.0,2,1,0,96563.07,0,0,3,SILVER,636,1
15812886,11688715,sdv-pii-qplc0,640,Spain,Male,51,8,144310.74,2,0,1,24098.34,0,0,3,PLATINUM,502,3
11943275,669444,sdv-pii-ockmg,780,Germany,Male,55,3,101952.31,1,0,0,161576.87,0,0,2,DIAMOND,930,4
10136599,6635020,sdv-pii-wcbfx,558,Germany,Female,38,7,128608.56,2,1,1,150382.69,0,0,2,PLATINUM,875,1
11972372,9172817,sdv-pii-27m1v,734,Spain,Female,41,8,0.0,2,0,1,101063.34,0,0,1,GOLD,838,1
6575362,2240090,sdv-pii-iai1u,600,Spain,Female,42,5,1918.87,2,0,1,65220.52,0,0,4,DIAMOND,442,1
9423001,2375610,sdv-pii-z7o4m,696,Spain,Female,33,5,0.0,2,0,0,32355.42,0,0,5,GOLD,734,1
15293750,15329194,sdv-pii-ismv6,705,Germany,Female,38,6,118166.31,1,1,1,56568.66,0,0,3,DIAMOND,639,4
11328019,2025523,sdv-pii-fsqyu,787,Germany,Male,53,2,113248.16,1,1,0,41011.54,1,1,4,DIAMOND,904,4
15453968,11139889,sdv-pii-6ihoh,613,Germany,Female,56,8,111636.87,1,1,0,157344.31,1,1,3,PLATINUM,702,2
6765846,11597302,sdv-pii-z36c5,542,Germany,Male,55,8,117540.68,2,1,0,84151.91,0,1,1,GOLD,267,0
13591089,8525200,sdv-pii-c0jvh,611,Spain,Male,38,6,231.97,2,1,1,105492.54,0,0,2,PLATINUM,831,3
6173358,13846524,sdv-pii-wgha8,735,Germany,Male,65,3,107985.32,1,0,0,165762.51,1,1,1,DIAMOND,899,4
2346414,10585395,sdv-pii-te7sd,565,Germany,Male,47,7,108591.05,2,1,0,59226.45,0,0,4,DIAMOND,303,4
86052,798821,sdv-pii-p5r14,647,Germany,Female,43,7,1802.4,2,0,0,82005.34,0,0,3,GOLD,454,1
10241881,5594653,sdv-pii-ce56n,532,France,Female,52,3,143109.8,2,1,1,74770.01,0,0,3,PLATINUM,619,1
13607069,5746560,sdv-pii-vqe23,607,France,Male,37,5,128161.18,1,0,0,181818.13,1,1,3,DIAMOND,378,0
7123116,15588690,sdv-pii-xpu0k,711,Germany,Female,28,10,106948.97,1,1,0,42118.48,0,0,3,DIAMOND,274,4
3743091,8124337,sdv-pii-zjlt7,476,Spain,Female,41,0,123796.05,1,0,1,50591.45,0,0,2,PLATINUM,286,1
6575035,1984499,sdv-pii-q8exn,478,France,Male,37,8,108585.61,1,0,0,86031.23,1,1,5,DIAMOND,271,0
3816308,4165354,sdv-pii-0q19i,547,Spain,Female,36,8,128870.01,2,0,1,67882.11,0,0,3,PLATINUM,864,1
2769707,12544018,sdv-pii-4nsc2,774,Spain,Male,36,5,0.0,2,1,1,49259.63,0,0,2,PLATINUM,492,3
13570078,4144350,sdv-pii-sk0c5,715,France,Female,52,9,139157.02,1,0,0,107391.7,1,1,2,DIAMOND,609,2
15657730,6920924,sdv-pii-kkzi8,606,France,Female,29,0,137646.73,1,1,0,23962.54,0,1,1,GOLD,433,2
1066660,1117357,sdv-pii-p0704,588,Spain,Male,41,8,0.0,1,1,0,185295.87,0,0,3,DIAMOND,845,3
12687823,9037506,sdv-pii-ulbdu,517,France,Female,30,6,0.0,2,1,1,98354.75,0,0,2,PLATINUM,264,1
1080262,14259932,sdv-pii-625j5,732,Germany,Female,33,8,96483.19,1,0,0,58514.08,0,0,2,GOLD,725,1
1476978,5658847,sdv-pii-8nrj3,611,France,Female,45,9,82599.27,2,1,1,51349.23,1,1,5,PLATINUM,295,2
15428626,3243100,sdv-pii-7a6ip,764,Germany,Female,31,8,91054.52,1,0,0,177933.16,0,0,2,DIAMOND,919,4
9229488,8586478,sdv-pii-1bb72,627,Spain,Female,48,1,0.0,2,0,1,179808.0,1,1,4,DIAMOND,559,2
3222642,15135434,sdv-pii-6fs1o,491,France,Female,35,5,119426.9,2,0,0,67320.4,1,1,5,PLATINUM,413,2
5525300,166748,sdv-pii-en7fp,523,France,Female,33,5,197.9,2,0,0,177878.27,0,0,5,PLATINUM,490,1
11753416,1251228,sdv-pii-jft2m,599,Spain,Female,43,1,70.8,3,1,0,56478.53,1,1,3,PLATINUM,728,2
8516567,10743692,sdv-pii-txy2q,682,France,Male,39,2,132730.58,1,0,0,113638.77,1,1,4,SILVER,474,0
14915752,8582813,sdv-pii-tlqea,559,Spain,Male,24,5,0.0,2,1,1,121466.86,0,0,3,PLATINUM,851,3
10283126,3408454,sdv-pii-9qxop,584,Germany,Female,26,8,111442.57,2,1,0,192587.02,0,0,2,PLATINUM,557,1
16177522,1735647,sdv-pii-6cry6,632,Spain,Male,35,9,128508.29,2,1,1,148873.14,0,0,3,SILVER,272,3
12666803,5739283,sdv-pii-f35oo,555,Germany,Female,50,9,50713.49,1,1,0,149348.42,0,0,5,DIAMOND,771,4
8895868,15047349,sdv-pii-4mh3z,759,Germany,Male,34,8,138875.8,1,1,1,173056.43,0,0,4,SILVER,583,0
2649573,16545945,sdv-pii-mxo48,601,Germany,Male,44,8,88015.06,1,0,0,1809.42,1,1,5,DIAMOND,610,4
2926695,12943863,sdv-pii-yn4eb,769,Germany,Female,34,0,0.0,2,0,1,36252.68,0,0,5,SILVER,919,1
6164299,11782904,sdv-pii-iw9e8,628,Spain,Male,46,5,109552.75,2,0,1,28119.27,0,0,3,DIAMOND,605,3
9733263,16011297,sdv-pii-u9r4v,549,France,Female,55,6,135877.51,3,0,0,52117.36,1,1,2,PLATINUM,849,2
7096075,515360,sdv-pii-sqsyi,758,Spain,Female,69,5,87019.16,2,0,0,82339.54,1,1,5,PLATINUM,324,2
581945,12196198,sdv-pii-y7xhj,504,Germany,Female,69,0,123218.7,1,1,1,127512.3,0,0,2,DIAMOND,590,4
7537783,14150208,sdv-pii-ty50q,627,France,Female,26,5,0.0,2,0,1,149595.27,0,0,2,PLATINUM,784,1
11351504,157941,sdv-pii-ahqll,599,Germany,Male,31,6,0.0,2,0,0,157578.51,0,0,5,DIAMOND,549,4
6914524,2674340,sdv-pii-o8jr1,631,France,Male,34,9,102260.27,2,1,0,85955.52,0,0,3,SILVER,329,0
11918186,3303861,sdv-pii-hv6n0,563,France,Male,38,6,692.8,2,0,0,51310.25,0,0,2,PLATINUM,497,0
1688500,12110641,sdv-pii-ewqqq,811,Germany,Male,45,6,107011.36,1,0,1,33767.44,1,1,1,GOLD,834,0
1613301,15461691,sdv-pii-4odql,508,France,Female,39,2,447.13,2,0,0,51292.21,0,0,3,PLATINUM,892,1
629893,12940346,sdv-pii-wz5pk,618,Germany,Female,23,1,144905.14,2,0,0,127993.78,0,0,1,DIAMOND,765,4
11958637,8105709,sdv-pii-sdj37,543,Spain,Female,23,10,129270.13,2,0,1,42764.38,0,0,4,DIAMOND,633,1
11012333,8612999,sdv-pii-5y4g6,702,Spain,Female,45,10,108707.12,1,1,0,100682.15,1,1,4,DIAMOND,504,2
11637271,1889191,sdv-pii-d51gm,561,France,Female,45,8,119859.39,3,0,0,51717.68,1,1,5,SILVER,427,2
5975885,9205543,sdv-pii-9waey,758,France,Female,32,8,135558.35,1,0,0,2464.48,0,0,3,PLATINUM,470,1
5636302,5193250,sdv-pii-23k8g,702,Germany,Female,51,8,108209.24,1,0,0,63493.99,1,1,3,GOLD,308,2
14254947,2506460,sdv-pii-httdq,566,France,Female,42,10,0.0,3,0,0,11.58,1,1,4,DIAMOND,302,2
4760673,9325746,sdv-pii-s5xto,648,Germany,Female,30,10,119610.31,1,1,1,148774.86,0,0,4,DIAMOND,772,4
6421786,15800323,sdv-pii-l1wxf,625,Germany,Male,42,3,109863.96,1,0,1,47634.61,0,0,3,GOLD,863,0
3935716,8473754,sdv-pii-tnlog,685,France,Female,52,3,110759.67,2,1,1,65459.77,0,0,4,PLATINUM,831,1
4088127,4267428,sdv-pii-rpvs9,587,France,Female,52,1,109735.56,2,0,1,99519.11,0,0,2,PLATINUM,933,1
1037920,7057517,sdv-pii-9tvk4,603,France,Female,25,1,115292.72,1,1,1,93082.72,0,0,4,SILVER,850,1
7213527,9015772,sdv-pii-kmudj,682,Germany,Male,47,8,91005.34,3,0,0,147465.29,1,1,4,PLATINUM,533,0
9502849,11448212,sdv-pii-8hmfu,730,France,Male,37,5,116851.83,1,1,1,186042.67,0,0,3,DIAMOND,832,0
424649,14731853,sdv-pii-numwj,594,Spain,Female,38,9,107258.57,1,0,0,89140.44,1,0,5,DIAMOND,562,1
10487109,5323286,sdv-pii-jwr4d,714,Spain,Male,31,10,131692.66,2,1,0,42282.19,0,0,2,PLATINUM,801,3
10064427,9946543,sdv-pii-fz08u,850,France,Male,21,3,0.0,2,0,1,113757.82,0,0,3,DIAMOND,870,0
14136735,16581340,sdv-pii-2b3mp,654,Spain,Female,46,8,137353.28,2,1,1,42632.5,0,0,4,PLATINUM,578,1
2716592,8362142,sdv-pii-srmej,524,Spain,Male,33,9,280.96,2,1,1,6819.77,0,0,5,SILVER,495,3
11829427,5931956,sdv-pii-k3fqm,574,France,Female,57,5,91424.36,2,1,0,59611.78,0,0,4,GOLD,924,1
16467633,1813157,sdv-pii-g3zjm,609,Germany,Female,38,4,127770.97,3,1,0,78018.71,1,1,4,SILVER,543,2
10586266,2399236,sdv-pii-yerib,555,France,Female,39,3,56411.05,2,1,0,50104.7,0,0,3,DIAMOND,360,1
9997360,472245,sdv-pii-mc4s7,597,Germany,Female,61,9,124323.19,1,0,0,176339.29,0,0,3,DIAMOND,552,4
1441610,11981422,sdv-pii-9ljj8,530,Spain,Male,25,2,129838.44,2,1,0,22293.54,0,0,3,DIAMOND,395,3
5861006,13122763,sdv-pii-u52zw,576,Spain,Female,43,8,136806.91,2,0,0,81874.91,1,1,4,DIAMOND,880,2
13108858,11306595,sdv-pii-rax6a,739,Spain,Male,50,7,1119.83,2,0,0,57952.82,0,0,5,PLATINUM,917,3
13682425,11435731,sdv-pii-woi6p,489,France,Male,44,6,505.71,2,0,0,142917.39,0,0,4,PLATINUM,576,0
8983687,929015,sdv-pii-isvms,689,Spain,Male,23,5,97036.08,2,1,0,47356.38,0,0,5,GOLD,613,3
7861627,128896,sdv-pii-yctvh,573,Germany,Female,28,5,113560.41,1,0,0,67534.24,0,0,3,DIAMOND,814,4
416870,14929905,sdv-pii-hn3fq,581,Spain,Female,63,8,0.0,2,0,0,161237.82,1,1,1,GOLD,893,2
3051147,9379606,sdv-pii-vydwc,720,Germany,Female,49,5,90628.51,2,1,0,128344.82,1,0,4,DIAMOND,627,4
1939919,13894556,sdv-pii-h6ie1,694,Germany,Female,42,8,125696.1,1,1,0,73422.97,0,0,4,DIAMOND,847,4
8501637,14130152,sdv-pii-s5qs3,800,Spain,Female,24,5,333.72,2,1,1,133315.83,0,0,4,DIAMOND,477,1
7332134,6522334,sdv-pii-dxgrf,678,Germany,Female,47,4,122559.24,1,0,0,126090.81,1,1,4,PLATINUM,544,2
3831786,10237575,sdv-pii-3t6h2,788,France,Male,39,6,1200.8,2,0,0,164529.83,0,0,3,DIAMOND,504,0
15086754,15643863,sdv-pii-0ivf6,506,Germany,Female,55,5,124508.28,3,0,0,58078.21,1,1,4,SILVER,414,2
4460047,4333029,sdv-pii-bbenh,725,Spain,Male,30,5,117272.34,2,1,0,167728.82,0,0,2,PLATINUM,569,3
15469928,10619323,sdv-pii-sz1g4,593,France,Female,37,7,134147.79,2,1,0,194574.21,0,0,1,PLATINUM,827,1
10649114,9187808,sdv-pii-x5w80,730,Germany,Female,40,5,168829.15,2,1,0,71594.5,0,0,4,DIAMOND,859,4
2045857,1838215,sdv-pii-0o8w7,619,Spain,Male,32,8,274.7,2,1,0,55755.32,0,0,3,GOLD,517,3
9212214,725530,sdv-pii-qb9l2,705,France,Male,37,5,0.0,2,0,1,83583.51,0,0,3,PLATINUM,321,0
6577416,12982337,sdv-pii-0h61e,697,France,Female,38,6,95066.62,1,0,0,174794.07,1,1,3,DIAMOND,406,2
12939734,12670628,sdv-pii-mmcin,772,Spain,Female,25,1,0.0,2,1,1,34447.48,0,0,3,DIAMOND,778,1
3414124,9414932,sdv-pii-448a8,492,Spain,Female,47,5,1270.16,2,1,0,122397.06,0,0,3,DIAMOND,889,1
3463462,16755189,sdv-pii-oyno8,625,France,Female,45,1,146136.31,2,0,0,54910.27,0,0,4,DIAMOND,348,1
8586556,5587783,sdv-pii-0zgad,564,France,Male,31,8,1086.46,2,1,1,73615.73,0,0,5,DIAMOND,806,0
153551,911738,sdv-pii-4m0yc,591,Spain,Female,30,3,0.0,1,0,0,78300.77,0,0,3,DIAMOND,784,1
14470045,5264560,sdv-pii-gdpvj,689,Spain,Female,34,4,0.0,2,1,0,40080.34,0,0,3,SILVER,289,1
7479321,7368516,sdv-pii-oeq14,701,France,Female,57,5,132222.86,1,1,0,184071.93,0,0,3,DIAMOND,675,1
14380824,12572845,sdv-pii-ywpoh,838,Germany,Female,57,9,115450.02,2,0,1,50856.84,0,0,3,PLATINUM,854,1
12343374,14193355,sdv-pii-ltt4v,623,Spain,Female,24,2,934.11,1,0,1,23940.0,0,0,3,SILVER,806,1
2705236,2870879,sdv-pii-v6gy7,691,Spain,Female,32,3,137638.42,1,1,0,170286.65,0,0,5,DIAMOND,593,1
6970141,11535012,sdv-pii-f4szm,744,Spain,Female,24,5,91791.01,2,1,1,101989.93,0,0,3,DIAMOND,747,1
14374294,11726231,sdv-pii-lv5ne,567,Germany,Female,41,9,111324.91,1,1,0,162298.91,0,0,1,SILVER,947,1
3809500,8826056,sdv-pii-74sku,617,Germany,Female,46,3,118452.47,2,0,1,20109.51,1,0,3,GOLD,265,2
9120819,6371633,sdv-pii-zvq19,674,Germany,Male,49,5,130517.14,1,1,0,27947.34,1,1,2,GOLD,877,0
2309203,99496,sdv-pii-w6s68,444,Germany,Female,45,2,117290.07,1,0,0,153158.95,0,0,1,DIAMOND,953,4
15377261,1647699,sdv-pii-nprpb,671,Spain,Male,33,5,0.0,2,1,0,58987.94,0,0,5,PLATINUM,467,3
14577895,13555654,sdv-pii-jsak8,695,France,Male,31,5,1346.8,2,1,1,46097.36,0,0,3,PLATINUM,981,0
6387473,1170097,sdv-pii-4j7tn,694,France,Female,44,2,111868.99,4,0,1,126485.46,1,1,5,PLATINUM,588,2
5334660,2515042,sdv-pii-1ajxc,829,Germany,Female,56,8,129494.23,3,0,0,127099.04,1,1,4,DIAMOND,529,4
9304177,15319294,sdv-pii-da923,697,France,Female,60,4,141559.55,4,0,1,108258.51,1,1,4,PLATINUM,764,2
10406045,4349796,sdv-pii-b2cm7,631,France,Male,51,8,385.41,2,1,0,169329.12,1,1,2,PLATINUM,883,0
13116535,15057190,sdv-pii-oi6f7,706,Spain,Female,26,1,0.0,2,0,1,183418.13,0,0,3,DIAMOND,845,1
12891271,8073484,sdv-pii-n740y,634,Spain,Male,48,9,89678.82,2,0,1,76320.19,0,0,3,PLATINUM,916,3
10114219,2461790,sdv-pii-m7mr9,736,Germany,Female,44,5,134567.55,1,1,1,169148.48,0,0,2,PLATINUM,884,1
3397411,3446106,sdv-pii-77vvw,589,Spain,Female,28,6,106243.3,2,0,1,18439.02,0,0,2,DIAMOND,696,1
16319705,12563058,sdv-pii-7xas2,745,Spain,Male,30,10,0.0,2,0,0,47605.09,0,0,5,PLATINUM,887,3
3246915,13338104,sdv-pii-6l4i5,618,Spain,Female,48,5,0.0,2,0,1,166902.45,0,0,3,PLATINUM,415,1
8535584,9020354,sdv-pii-8qg0l,752,Germany,Female,53,8,113518.56,1,0,0,115949.06,1,1,3,DIAMOND,830,4
2730251,8327107,sdv-pii-whuuz,766,France,Female,32,6,1188.81,2,0,0,192453.82,0,0,5,DIAMOND,503,1
5801466,5313651,sdv-pii-w24yv,487,Spain,Female,38,6,0.0,2,1,1,99232.98,0,1,5,DIAMOND,281,1
10658560,12010708,sdv-pii-85qwc,565,France,Male,38,8,77516.37,1,1,0,154850.29,0,0,2,DIAMOND,607,0
2018228,1127836,sdv-pii-n9opg,591,Germany,Male,50,4,75949.66,2,0,0,63786.31,1,1,3,DIAMOND,780,4
7024075,5039955,sdv-pii-9gjez,512,Germany,Male,50,6,126870.2,4,1,0,81753.52,1,1,1,DIAMOND,896,4
7609161,1726845,sdv-pii-lwr3v,696,Spain,Male,28,5,0.0,2,1,1,39264.75,0,0,5,SILVER,916,3
6611105,7204992,sdv-pii-oe3mr,535,France,Female,30,3,141360.71,1,0,1,94294.46,0,0,2,SILVER,387,1
12947035,1452939,sdv-pii-hepeo,569,Spain,Male,42,8,611.04,2,1,1,84183.77,0,0,5,PLATINUM,999,3
12895715,2672521,sdv-pii-gos22,768,France,Female,42,8,106846.41,3,0,1,59022.35,1,1,5,GOLD,958,2
10800335,3385021,sdv-pii-bgg8j,481,France,Female,67,8,109327.8,1,1,1,82677.95,1,1,3,SILVER,874,2
3714162,12712124,sdv-pii-wp1wl,507,Germany,Female,39,5,148855.81,1,1,1,99210.23,0,0,3,SILVER,498,1
13595822,13814800,sdv-pii-oiw6b,744,Spain,Male,35,3,137107.49,3,0,1,101552.81,1,1,3,PLATINUM,302,3
7194193,5394742,sdv-pii-jlrp5,664,Spain,Male,35,9,125936.63,1,1,0,178391.0,0,0,3,GOLD,554,3
11336068,4442630,sdv-pii-lijzu,726,Germany,Female,38,3,111403.85,2,1,0,166613.29,0,0,1,GOLD,644,1
12836644,16510666,sdv-pii-x99gq,629,France,Female,35,8,1004.08,1,0,1,71893.04,0,0,3,PLATINUM,572,1
12475058,7116190,sdv-pii-dy1gm,612,France,Male,48,10,0.0,2,0,1,70130.11,0,0,1,PLATINUM,323,0
7796981,2912132,sdv-pii-5iwdg,577,Germany,Female,18,10,132360.03,2,1,1,63481.11,0,1,2,PLATINUM,695,2
15517099,6174814,sdv-pii-2xqpr,556,France,Female,27,3,0.0,2,1,1,118531.43,0,0,4,SILVER,368,1
7340076,16041497,sdv-pii-76tzs,586,France,Female,36,8,146288.99,1,0,1,124346.87,0,0,3,DIAMOND,698,1
2154305,14537554,sdv-pii-neeqv,552,Spain,Female,43,7,135652.21,1,1,0,12201.6,0,0,3,PLATINUM,672,1
15368881,3366566,sdv-pii-7jfo3,736,Spain,Male,43,9,137373.33,2,1,0,168532.95,0,0,4,DIAMOND,486,3
2453992,3775018,sdv-pii-71yzm,567,Germany,Female,41,7,119637.47,2,1,0,106010.99,0,0,3,GOLD,968,1
15373720,15315816,sdv-pii-syts4,599,France,Female,61,8,121558.87,1,1,0,192735.76,1,0,3,GOLD,689,2
6578806,16694958,sdv-pii-4eyri,602,Spain,Male,27,6,0.0,2,0,1,88653.45,0,0,4,GOLD,777,3
10880392,12248590,sdv-pii-q4w4w,716,Spain,Female,44,5,0.0,1,1,1,62427.11,1,0,5,PLATINUM,461,1
10729377,2562377,sdv-pii-1oiqe,633,Germany,Female,45,5,130301.13,1,1,0,139288.4,0,0,2,DIAMOND,863,4
14167179,13428938,sdv-pii-3iwdy,629,France,Male,64,2,594.97,1,0,1,57406.52,1,1,3,PLATINUM,506,0
14852441,7092803,sdv-pii-a6raf,643,Germany,Female,33,8,115040.88,2,1,0,63851.93,0,0,3,GOLD,717,1
4272724,13522043,sdv-pii-ydf6f,750,Germany,Female,35,8,86777.17,1,1,0,45214.69,0,0,1,PLATINUM,681,1
12428773,7027729,sdv-pii-ol6fn,762,Germany,Female,40,3,137674.07,1,1,1,42181.57,0,0,1,GOLD,830,1
2939201,3252897,sdv-pii-523k3,619,France,Female,34,8,128084.28,2,0,0,84031.63,0,0,5,SILVER,680,1
3443228,3261338,sdv-pii-24ne4,610,Spain,Female,43,8,99239.04,2,0,1,56329.0,0,0,3,DIAMOND,955,1
5318278,15369653,sdv-pii-yv1eg,530,France,Male,48,4,85018.36,1,0,1,175813.78,1,1,2,SILVER,295,0
184641,16312615,sdv-pii-vwej9,758,Spain,Male,63,3,94570.91,2,0,0,55315.2,1,1,5,PLATINUM,350,3
3945721,16511592,sdv-pii-wyr7b,786,France,Female,25,8,111702.58,1,1,1,148893.56,0,0,5,SILVER,658,1
312180,8997375,sdv-pii-2vvax,546,Spain,Female,51,6,0.0,1,1,1,106183.09,0,0,2,DIAMOND,899,1
7149051,5742280,sdv-pii-r16lx,582,France,Female,32,5,0.0,2,1,1,83545.52,0,0,5,DIAMOND,290,1
13732172,7198210,sdv-pii-0tdp5,614,Spain,Male,26,3,128.35,2,1,0,10894.39,0,0,2,GOLD,668,3
11241964,6143401,sdv-pii-cljn2,593,France,Female,67,8,81345.16,2,0,0,166604.86,1,0,3,PLATINUM,204,2
4644101,5002309,sdv-pii-u4bgv,787,Spain,Male,26,7,98496.77,2,1,0,141443.81,0,0,3,DIAMOND,740,3
13628639,755129,sdv-pii-58g95,527,Germany,Female,24,2,636.24,2,1,1,142676.75,0,0,4,PLATINUM,946,1
6545284,15371473,sdv-pii-zlm95,593,France,Male,28,7,115350.29,2,1,1,110769.64,0,0,3,PLATINUM,640,0
16475661,5922169,sdv-pii-y6esg,520,Spain,Male,27,10,0.0,1,0,0,157494.78,0,0,3,DIAMOND,716,3
7842600,13728088,sdv-pii-crdjj,489,Germany,Female,51,9,130189.58,1,0,1,157458.79,1,1,1,GOLD,851,2
2545492,13915013,sdv-pii-8t1f4,595,France,Male,38,8,100755.11,4,0,0,113997.6,1,1,1,GOLD,857,0
15081954,14129047,sdv-pii-5ypeu,699,Spain,Female,33,1,120704.89,2,1,1,80280.66,0,0,4,PLATINUM,523,1
10060607,5747428,sdv-pii-21c8r,529,Germany,Female,70,6,147590.32,1,1,0,67240.2,0,1,3,SILVER,515,4
306018,2314820,sdv-pii-7smpl,590,France,Female,42,1,928.97,2,0,1,15995.27,0,0,1,PLATINUM,575,1
85772,7354475,sdv-pii-hv9yq,707,Spain,Female,39,8,137830.72,1,0,1,116512.15,1,1,4,PLATINUM,867,2
9053906,13026924,sdv-pii-jin5u,492,Germany,Male,66,8,91326.13,1,0,0,79651.32,1,1,4,PLATINUM,327,0
16046033,10943671,sdv-pii-cclve,697,Germany,Female,66,4,122441.5,2,1,1,28625.1,0,0,5,GOLD,362,1
1658969,8059892,sdv-pii-563r5,508,France,Female,49,9,143984.31,2,1,0,23291.97,0,0,1,SILVER,924,1
15259048,9859888,sdv-pii-s9rvr,759,France,Female,41,8,84210.57,2,0,1,141632.2,0,1,1,SILVER,474,2
2388447,9394401,sdv-pii-oiiwn,705,Spain,Female,31,1,0.0,2,1,1,159685.73,0,0,5,DIAMOND,349,1
9232257,15283413,sdv-pii-rgizo,689,Spain,Male,29,8,0.0,1,1,1,48688.7,0,0,3,DIAMOND,350,3
4748347,10043335,sdv-pii-usni0,540,France,Male,55,8,119194.67,3,1,0,31386.36,1,1,4,SILVER,538,0
14331784,8794322,sdv-pii-vt7k1,573,France,Male,27,5,98.51,2,0,0,159989.6,0,0,3,SILVER,349,0
9554879,141443,sdv-pii-ui11o,554,France,Female,43,4,114488.11,1,0,1,49240.94,1,1,4,PLATINUM,745,2
11533434,16107113,sdv-pii-nhtlx,599,Spain,Male,33,1,0.0,2,1,1,68494.51,0,0,2,SILVER,404,3
7806525,7558266,sdv-pii-4cwir,528,France,Female,38,3,2081.05,2,1,1,67136.59,1,1,3,PLATINUM,338,2
8691027,10882784,sdv-pii-6r2j6,553,France,Female,45,9,121478.46,3,1,0,111133.79,1,1,3,DIAMOND,890,2
5734888,15803536,sdv-pii-vt8v5,522,Spain,Male,54,5,107955.12,1,0,0,137391.76,0,0,2,PLATINUM,643,3
5685076,11861092,sdv-pii-omp5l,545,Germany,Female,59,9,132867.42,1,0,0,65248.88,1,1,4,SILVER,577,2
9063201,10550080,sdv-pii-7tt5v,557,Spain,Male,24,9,0.0,1,1,0,102445.07,0,0,4,DIAMOND,406,3
1873767,3560134,sdv-pii-ozowf,496,Spain,Female,37,9,123613.93,1,1,1,141154.17,1,1,3,PLATINUM,647,2
15916744,2522590,sdv-pii-4pvbl,601,Spain,Male,33,5,0.0,2,0,1,60914.37,0,0,2,DIAMOND,836,3
1465878,978877,sdv-pii-rk8h0,705,France,Female,44,5,109959.47,1,1,0,112719.14,0,0,3,PLATINUM,275,1
7700941,10509126,sdv-pii-jfn8w,726,France,Female,28,4,139284.55,2,0,1,29465.88,0,0,2,PLATINUM,671,1
2237718,12641164,sdv-pii-3fo9w,693,France,Female,41,3,144934.21,4,0,0,97055.11,1,1,5,SILVER,359,2
13736404,5691126,sdv-pii-telri,735,France,Female,26,8,0.0,2,0,0,99942.49,0,0,3,SILVER,872,1
14927157,5413387,sdv-pii-pwbym,704,Spain,Female,32,5,0.0,2,1,0,60560.12,0,0,5,PLATINUM,639,1
13318576,1000574,sdv-pii-36dcu,521,Spain,Female,45,10,100428.39,1,0,0,118663.94,0,0,1,PLATINUM,1000,1
10113148,12128079,sdv-pii-19uh8,637,Spain,Female,31,8,0.0,2,0,1,109051.18,0,0,5,DIAMOND,786,1
7368795,5048837,sdv-pii-95dcx,673,Spain,Male,39,5,124409.53,1,0,0,102852.01,1,1,1,PLATINUM,664,3
1751247,6812071,sdv-pii-8to3s,464,France,Male,32,2,0.0,2,0,1,199466.47,0,0,3,SILVER,718,0
4833558,6659539,sdv-pii-ldjox,506,Spain,Male,27,8,106947.58,2,0,0,103253.87,0,1,4,DIAMOND,400,3
5555321,10041263,sdv-pii-yynxl,736,France,Male,30,5,273.1,1,0,1,127271.93,0,1,3,DIAMOND,941,0
11455991,12109608,sdv-pii-rkak4,727,Spain,Male,35,2,2996.73,2,0,0,141945.35,0,0,4,DIAMOND,430,3
13056863,2503962,sdv-pii-q7sv0,551,France,Male,39,6,834.03,2,1,1,61358.47,0,0,4,DIAMOND,755,0
8354246,6682867,sdv-pii-lvcfo,784,France,Male,42,5,0.0,2,1,1,57227.16,0,0,2,GOLD,502,0
7458934,438583,sdv-pii-6hpwu,668,Germany,Female,50,5,131474.23,3,1,0,44088.26,1,1,4,DIAMOND,531,4
11140558,5701894,sdv-pii-xzw3a,703,Germany,Female,46,3,92713.25,1,1,0,63087.62,0,0,2,GOLD,950,1
53478,12512520,sdv-pii-srs45,697,Germany,Male,31,3,100793.9,1,1,0,192881.39,0,0,3,GOLD,309,0
12988227,6503444,sdv-pii-nyxe4,609,Germany,Male,37,4,86670.48,1,0,0,53774.22,1,1,5,PLATINUM,793,0
15238840,16743855,sdv-pii-t2upm,647,Germany,Female,36,7,0.0,2,1,0,139004.75,0,0,1,PLATINUM,437,1
4870240,15231611,sdv-pii-3vr01,597,France,Female,41,6,118360.94,1,0,0,11182.07,1,1,3,SILVER,296,2
1087279,10330833,sdv-pii-ileuh,758,Spain,Male,31,5,68911.31,2,1,1,43950.08,0,0,4,GOLD,626,3
6019354,14754246,sdv-pii-hoz63,549,France,Female,31,8,0.0,2,0,1,44446.58,0,0,3,SILVER,940,1
10398693,6599275,sdv-pii-czjnc,715,France,Female,33,8,119844.66,1,1,0,150231.91,0,0,4,PLATINUM,899,1
14407327,1778216,sdv-pii-cfmhr,600,France,Male,45,8,105803.09,1,0,0,124178.66,1,1,2,DIAMOND,331,0
15397157,9175980,sdv-pii-2rqjf,751,Spain,Male,37,3,0.0,2,0,1,194547.89,0,0,4,DIAMOND,919,3
3870011,1803373,sdv-pii-yofd2,710,Spain,Female,22,8,133248.39,2,0,1,35836.56,0,0,5,SILVER,927,1
11738711,6537479,sdv-pii-7lajm,567,France,Female,53,10,129408.59,3,0,0,144148.81,1,1,5,SILVER,845,2
5172754,4651640,sdv-pii-yiojy,542,Spain,Male,51,9,118615.84,2,0,0,180968.35,0,0,3,SILVER,636,3
10950527,13892133,sdv-pii-lmtql,798,France,Male,34,8,0.0,2,0,1,119206.09,0,0,3,DIAMOND,379,0
12616805,9336571,sdv-pii-dj430,480,Germany,Male,68,5,101084.68,1,1,0,60447.28,1,1,1,PLATINUM,913,0
9569915,7509167,sdv-pii-nyqxw,686,Spain,Female,39,9,0.0,2,1,0,120461.25,0,0,3,GOLD,829,1
7886202,16508250,sdv-pii-tn1xk,664,France,Male,27,1,0.0,2,0,0,44479.59,0,0,2,PLATINUM,340,0
7999324,16402278,sdv-pii-fp6qu,525,Germany,Female,42,8,102786.78,1,1,0,110797.77,1,1,2,SILVER,549,2
812474,11199060,sdv-pii-fuiad,668,Germany,Female,51,3,115863.59,2,0,0,45764.79,0,0,4,PLATINUM,875,1
6681279,6000721,sdv-pii-qltnr,522,France,Female,27,5,0.0,2,0,1,16172.22,0,0,2,DIAMOND,326,1
9142471,8516054,sdv-pii-7g975,571,France,Female,48,10,111145.46,1,0,0,184658.21,1,0,5,GOLD,800,2
12012079,229627,sdv-pii-hn803,720,France,Female,25,6,164514.76,2,0,1,27798.88,0,0,2,DIAMOND,837,1
13358773,6570411,sdv-pii-ass76,706,Spain,Male,53,8,0.0,1,0,0,70643.39,0,0,2,PLATINUM,470,3
4120335,5795600,sdv-pii-9xda3,552,France,Male,29,6,109236.56,2,1,0,63000.27,0,0,3,DIAMOND,610,0
2214664,2866163,sdv-pii-shqoq,779,Spain,Male,28,4,133954.19,2,1,0,101495.42,0,0,3,DIAMOND,973,3
13454677,11340300,sdv-pii-zpg34,494,Germany,Female,58,7,144007.34,1,1,1,160410.44,0,0,1,GOLD,901,1
14769060,10057016,sdv-pii-6ska0,653,France,Female,30,5,113510.02,1,1,0,99087.09,0,0,3,SILVER,821,1
670299,1961571,sdv-pii-2lqf9,549,France,Female,50,6,98501.26,1,0,1,76632.91,1,0,1,PLATINUM,735,2
3015210,8967368,sdv-pii-vjai6,519,Spain,Male,43,5,1666.43,2,0,1,105335.65,0,0,3,SILVER,918,3
4823439,9300169,sdv-pii-vrla6,729,Germany,Male,46,5,98269.97,1,1,0,68468.8,0,0,1,SILVER,608,0
11594463,9183813,sdv-pii-472gd,693,Germany,Female,59,8,108999.2,3,0,0,46647.26,1,1,3,SILVER,554,2
1650132,1100420,sdv-pii-93hhb,554,Spain,Male,43,8,112174.6,1,0,0,26346.5,0,0,3,SILVER,559,3
1025180,14197413,sdv-pii-0194i,608,France,Female,25,3,101931.06,2,1,1,128134.86,0,0,1,SILVER,849,1
209893,706032,sdv-pii-7twfu,636,Germany,Female,41,7,115778.07,1,1,0,67095.76,1,1,3,SILVER,486,2
6571925,8054624,sdv-pii-3351j,495,France,Female,27,10,100540.69,2,1,1,149685.6,0,0,5,PLATINUM,840,1
14052848,13603810,sdv-pii-rdu8f,561,Spain,Female,24,9,131446.13,2,1,0,13076.38,0,0,5,DIAMOND,523,1
7782156,11388490,sdv-pii-vgtnr,555,Germany,Female,30,8,136406.3,2,1,0,47872.77,0,0,4,DIAMOND,857,4
1809118,14858236,sdv-pii-dhehi,720,France,Female,37,4,143903.3,3,0,0,100858.28,1,1,3,SILVER,889,2
4652310,5106647,sdv-pii-peft2,617,France,Male,29,10,0.0,1,0,1,132551.86,0,0,3,SILVER,670,0
11108756,13896765,sdv-pii-d5brx,599,Germany,Female,62,7,109800.74,1,0,0,96473.36,1,1,3,DIAMOND,876,4
10753365,11991778,sdv-pii-vw18c,688,Germany,Female,50,6,125237.89,2,1,0,144453.02,0,0,2,GOLD,367,1
5205353,9647199,sdv-pii-59js8,578,France,Female,30,5,54.46,1,1,0,154751.74,0,0,3,GOLD,437,1
7672917,2748254,sdv-pii-v4yfn,710,Germany,Male,28,6,107415.95,1,1,0,56188.95,0,0,3,DIAMOND,851,4
16404093,13104305,sdv-pii-b094l,652,Spain,Female,52,10,101837.21,1,0,0,138454.57,0,0,5,DIAMOND,442,1
8108216,7816479,sdv-pii-9009r,569,Germany,Female,61,8,103012.05,2,1,0,26533.23,1,1,1,PLATINUM,860,2
16326852,12262291,sdv-pii-ayc6s,548,Spain,Male,37,8,0.0,2,1,0,99256.36,0,0,3,SILVER,498,3
1612848,3808860,sdv-pii-6e7ox,499,Spain,Male,54,2,361.53,4,1,1,110330.05,1,1,3,PLATINUM,821,3
839440,12716835,sdv-pii-3co4l,720,Germany,Male,35,8,129561.19,2,0,1,127491.34,0,0,2,DIAMOND,948,4
12913795,7980944,sdv-pii-aani5,584,Germany,Female,39,8,1564.87,2,1,0,77002.74,0,0,4,PLATINUM,656,1
163781,11610247,sdv-pii-wj0xw,506,France,Male,32,2,95033.37,2,1,0,75088.46,0,0,5,DIAMOND,846,0
14575052,12938982,sdv-pii-whfuc,703,Germany,Male,30,1,0.0,2,1,0,64950.11,0,0,3,DIAMOND,274,4
2382090,4663126,sdv-pii-pp4ez,730,Spain,Male,41,8,1254.3,2,1,1,10120.81,0,0,4,PLATINUM,282,3
12200131,3058767,sdv-pii-bfq2e,794,Germany,Female,25,9,135982.94,2,1,1,21635.82,0,0,1,SILVER,260,1
4432503,8341113,sdv-pii-mnm1l,520,Germany,Male,60,5,2363.6,3,0,0,149803.41,1,1,4,PLATINUM,457,0
5441618,15024058,sdv-pii-ctsi7,529,France,Female,52,8,131377.12,1,1,0,161322.41,1,1,4,DIAMOND,389,2
9092511,2014661,sdv-pii-nqaio,815,France,Male,40,8,126800.25,2,1,0,21254.55,1,1,3,GOLD,602,0
7413170,5771785,sdv-pii-88q0x,811,Germany,Female,43,8,100586.0,1,0,1,111733.74,0,0,4,DIAMOND,815,4
13283083,12464581,sdv-pii-aw44z,713,Spain,Male,25,5,131739.87,1,0,0,128050.82,0,0,4,GOLD,525,3
10068963,9529949,sdv-pii-49p9q,615,France,Male,48,6,117232.04,2,1,1,96345.63,0,1,3,PLATINUM,987,0
2117417,3471620,sdv-pii-na5xh,525,France,Male,34,5,149.12,2,1,1,181586.83,0,0,5,SILVER,449,0
8624252,4032231,sdv-pii-7mqur,526,Germany,Female,41,8,108547.36,2,1,0,12480.17,0,0,4,DIAMOND,971,4
7038081,15391927,sdv-pii-zphj7,525,Germany,Female,37,5,131174.48,1,1,0,99358.79,1,1,3,PLATINUM,883,2
2063186,4517095,sdv-pii-brxzd,565,Germany,Male,57,8,121093.83,3,0,0,141240.72,1,1,3,GOLD,895,0
8095932,2541047,sdv-pii-nlff8,782,France,Female,32,3,111319.91,1,1,0,7249.39,0,1,3,PLATINUM,402,2
125600,4274931,sdv-pii-fudtf,542,Germany,Male,37,3,143024.64,2,1,0,43494.73,0,0,3,GOLD,619,0
13621442,1665044,sdv-pii-yclss,825,Spain,Male,22,8,0.0,2,0,0,104288.79,0,0,2,PLATINUM,782,3
12082331,8940149,sdv-pii-doegw,661,Spain,Female,31,5,135744.67,1,1,1,44361.45,0,0,4,DIAMOND,878,1
349501,9638687,sdv-pii-0tlue,807,Spain,Male,24,8,0.0,2,1,1,122406.69,0,0,3,DIAMOND,753,3
135706,12295193,sdv-pii-y1y6n,566,Spain,Female,46,8,132121.08,1,0,1,153954.33,0,1,1,PLATINUM,584,1
14781442,3806494,sdv-pii-6esd5,684,Germany,Female,40,8,159403.63,1,1,0,149652.59,0,0,4,PLATINUM,377,1
7228030,12256550,sdv-pii-mzpu7,503,France,Female,60,7,0.0,1,0,1,11.58,1,1,4,PLATINUM,931,2
15963351,11928383,sdv-pii-9vqdh,655,Spain,Male,37,6,126779.74,2,0,0,155217.05,0,1,3,PLATINUM,447,3
4029968,5196338,sdv-pii-q7wpx,511,France,Female,66,3,102615.48,2,1,0,29699.32,0,0,2,PLATINUM,617,1
5933716,1139044,sdv-pii-pk5jz,581,Spain,Male,49,5,125493.64,1,1,0,37569.54,0,0,5,SILVER,628,3
12470474,10855294,sdv-pii-3dqip,679,Germany,Female,38,8,126517.09,1,0,0,9349.32,1,1,4,DIAMOND,421,4
8381068,4683232,sdv-pii-q7m5y,559,France,Male,35,1,121385.9,2,0,1,145584.58,1,0,1,GOLD,731,0
2806279,274939,sdv-pii-x61cu,507,France,Male,47,8,142527.5,2,1,0,92922.77,0,0,5,PLATINUM,892,0
4922952,12042729,sdv-pii-t4210,758,France,Female,56,1,0.0,2,0,0,106366.15,0,0,3,PLATINUM,463,1
11433009,5144073,sdv-pii-1b3n8,609,France,Female,41,6,32.85,2,1,0,41326.85,0,0,3,PLATINUM,993,1
16701005,7916167,sdv-pii-yjb7d,728,Germany,Male,35,5,128207.07,1,1,1,76804.84,0,0,5,DIAMOND,375,4
13731908,16005086,sdv-pii-ev4we,704,France,Female,32,6,0.0,1,0,1,49453.12,0,0,4,SILVER,478,1
13779702,1206720,sdv-pii-4gj38,617,Germany,Female,62,5,85366.22,1,0,0,52806.6,1,1,4,PLATINUM,408,2
15702920,1235546,sdv-pii-wq4e7,536,Germany,Female,49,6,99449.94,1,1,1,86528.9,1,1,4,GOLD,390,2
14954585,6439802,sdv-pii-ymzlh,564,France,Female,52,3,600.24,2,0,0,189457.83,0,0,2,SILVER,344,1
10615369,12661263,sdv-pii-6voeu,698,Germany,Male,55,8,118065.93,2,1,0,9955.91,1,1,3,DIAMOND,307,4
3740316,8680044,sdv-pii-cc5mw,669,Germany,Male,40,3,102332.6,2,0,0,116058.26,0,0,3,DIAMOND,435,4
4453479,12468220,sdv-pii-q9smr,804,Spain,Male,28,5,224.49,2,0,1,128770.27,0,0,4,GOLD,796,3
16342460,4730172,sdv-pii-sogm0,570,Spain,Male,25,3,0.0,2,1,0,84552.19,0,0,2,SILVER,339,3
14623499,10437461,sdv-pii-m4wr6,670,Germany,Female,28,5,122698.82,2,1,1,97884.95,0,0,3,GOLD,920,1
7494617,7134028,sdv-pii-qe8i5,726,France,Male,50,5,107720.74,2,0,1,90751.19,0,0,2,GOLD,486,0
15783472,2608416,sdv-pii-8idaa,524,Germany,Male,45,3,121028.9,4,0,1,170260.45,1,1,2,SILVER,642,0
4662590,8176080,sdv-pii-q6qok,537,France,Female,33,7,0.0,2,0,1,159692.9,0,0,5,SILVER,834,1
1496550,10760434,sdv-pii-snqtp,785,Spain,Female,26,9,155158.89,1,0,0,152686.71,0,0,3,PLATINUM,612,1
8474087,15414111,sdv-pii-7jj8t,708,Spain,Male,23,5,114881.14,2,0,0,52632.84,0,0,3,PLATINUM,357,3
11779401,556061,sdv-pii-wa3dj,752,Germany,Female,47,2,123763.05,4,0,0,9357.76,1,1,5,PLATINUM,874,2
13868308,10466655,sdv-pii-42drd,686,Spain,Female,50,6,1698.96,2,1,1,57613.22,0,0,1,DIAMOND,385,1
2265631,4470650,sdv-pii-rgdc4,512,France,Female,36,2,1747.37,2,0,1,104506.45,0,0,4,SILVER,388,1
15941938,11487160,sdv-pii-qufd2,672,Spain,Female,29,6,110317.33,2,0,1,85379.27,0,0,5,SILVER,747,1
7977263,9066370,sdv-pii-logfd,698,France,Male,31,4,0.0,2,1,1,118059.04,0,0,3,GOLD,636,0
4762695,9386467,sdv-pii-gaemq,693,Spain,Male,33,3,0.0,2,1,0,18283.11,0,0,3,GOLD,551,3
8253646,5636418,sdv-pii-p9fkg,711,France,Female,30,8,933.79,2,0,0,98600.72,0,0,4,PLATINUM,464,1
10541251,7551770,sdv-pii-mnour,700,France,Female,40,10,139095.3,1,0,0,124029.33,1,1,5,SILVER,994,2
13724064,3073470,sdv-pii-3sdeq,689,Spain,Male,36,8,0.0,2,1,1,18723.17,0,0,4,DIAMOND,326,3
16218681,1246335,sdv-pii-ky0ij,626,France,Male,52,1,115430.41,3,1,0,196838.79,1,1,2,PLATINUM,284,0
10436928,1027368,sdv-pii-heayd,642,Germany,Female,25,8,141552.7,1,1,0,35139.59,0,1,5,PLATINUM,975,2
14087834,2262302,sdv-pii-60hbw,697,France,Male,24,9,95791.74,1,0,0,176984.05,0,0,2,GOLD,428,0
4928857,12553313,sdv-pii-bhqep,476,Spain,Male,42,2,480.06,2,0,0,105828.21,0,0,4,DIAMOND,268,3
9238540,10368503,sdv-pii-zzg67,566,Spain,Female,43,10,116643.7,2,1,1,90954.12,0,0,3,GOLD,942,1
579799,2444001,sdv-pii-iimvs,532,France,Female,26,9,118971.12,2,0,1,108880.67,0,0,3,DIAMOND,892,1
7362399,10428590,sdv-pii-z0w6g,728,Spain,Male,35,1,105529.9,2,1,0,11441.82,0,0,3,PLATINUM,703,3
5877285,11652105,sdv-pii-xkjvb,689,Germany,Male,36,7,117878.91,1,0,0,18518.6,1,1,1,DIAMOND,482,4
5242199,1422208,sdv-pii-vv9k1,732,Spain,Male,61,3,0.0,2,1,1,136045.68,0,0,3,DIAMOND,444,3
13051447,11531595,sdv-pii-ubudo,786,France,Female,38,1,127010.74,1,1,1,69224.31,1,0,4,GOLD,879,1
1088782,16490977,sdv-pii-g8fld,495,Spain,Female,43,8,527.61,2,0,0,132325.46,0,0,3,DIAMOND,705,1
14542781,5197967,sdv-pii-u81wo,790,Spain,Male,32,3,150005.62,1,0,0,133612.09,0,0,3,PLATINUM,654,3
7704070,9847727,sdv-pii-3gw5f,550,France,Female,34,8,1289.3,2,1,0,57343.66,0,0,5,PLATINUM,802,1
7501248,13461675,sdv-pii-jf1dr,537,Germany,Female,58,8,132983.99,1,0,0,23603.66,1,1,5,GOLD,866,2
1349416,15303932,sdv-pii-r4xtm,684,Germany,Female,51,8,145764.13,1,1,0,141268.28,0,0,3,PLATINUM,549,1
7046714,619937,sdv-pii-9qqr8,614,France,Female,50,8,126084.75,2,0,0,173790.95,1,1,1,DIAMOND,867,2
12980225,5610173,sdv-pii-903m6,759,Spain,Female,65,3,123584.64,2,1,0,115067.16,0,0,5,PLATINUM,721,1
6046628,14250271,sdv-pii-z6sk9,603,France,Male,48,4,138896.89,1,0,0,74855.33,1,1,2,PLATINUM,372,0
14533258,16713167,sdv-pii-nld2m,478,France,Male,49,2,136186.91,3,1,0,105021.66,1,1,5,DIAMOND,532,0
1281274,2155497,sdv-pii-nl275,560,Spain,Male,57,0,0.0,2,0,0,158944.79,1,1,2,PLATINUM,584,3
8293308,14177641,sdv-pii-mbyd2,612,Spain,Male,40,9,102012.62,1,0,0,48649.62,0,0,4,PLATINUM,845,3
16211348,13452063,sdv-pii-wdsmc,664,Spain,Female,34,1,0.0,2,1,1,152359.23,0,0,1,PLATINUM,266,1
829598,4182034,sdv-pii-gt18o,757,Germany,Female,64,8,119650.38,1,0,0,137869.44,0,1,1,GOLD,348,2
2731357,10577415,sdv-pii-f78x7,781,France,Female,60,3,116892.9,4,0,0,163344.01,1,1,5,PLATINUM,922,2
5402712,3436301,sdv-pii-9uq8d,760,France,Male,32,5,119559.43,1,1,1,75712.41,1,1,1,DIAMOND,662,0
10393607,13781734,sdv-pii-3iycd,789,Spain,Male,33,5,97646.5,2,0,1,21516.73,0,0,3,PLATINUM,274,3
1766571,3766832,sdv-pii-unw44,751,Spain,Female,25,8,107841.2,1,0,0,60544.35,0,0,3,GOLD,878,1
14808675,6631738,sdv-pii-ymk7x,613,Spain,Male,28,1,140910.72,1,1,0,30186.04,0,0,3,GOLD,677,3
11946055,6542692,sdv-pii-09bvk,695,Spain,Female,31,9,124618.94,1,1,0,117916.73,0,0,4,SILVER,752,1
996000,1794073,sdv-pii-veulu,565,Spain,Female,57,3,285.02,1,0,0,150175.18,0,0,3,GOLD,466,1
7489528,4131662,sdv-pii-p7wyj,602,France,Male,30,4,891.43,2,0,1,117309.05,0,0,2,PLATINUM,635,0
4848911,8894051,sdv-pii-7nj9h,621,Spain,Female,29,6,0.0,1,0,0,6770.08,0,0,3,SILVER,946,1
11130191,35960,sdv-pii-u4mog,680,Germany,Female,58,9,123234.33,1,0,1,90990.8,0,0,3,DIAMOND,541,4
9399177,9476044,sdv-pii-d1zl2,653,France,Female,57,5,129699.23,1,1,0,46211.58,0,0,4,DIAMOND,267,1
9696877,12134063,sdv-pii-kp6bx,782,France,Female,47,5,109425.78,1,0,1,80466.21,0,0,3,PLATINUM,807,1
6222866,6851547,sdv-pii-lw44z,629,Germany,Female,54,5,108527.58,1,0,0,54024.53,1,1,4,GOLD,640,2
7284906,9994940,sdv-pii-5w0k6,707,France,Female,39,5,131956.07,1,0,0,176445.24,1,1,2,PLATINUM,483,2
2451602,13327031,sdv-pii-ikz8s,742,Germany,Male,36,8,117534.06,1,0,1,65724.6,0,0,2,PLATINUM,930,0
5973071,919158,sdv-pii-k5xek,780,Germany,Male,36,1,150145.44,2,1,1,79975.54,0,0,4,GOLD,834,0
2222521,14199020,sdv-pii-o62pa,774,France,Female,50,8,130648.93,1,1,0,182519.7,0,0,1,DIAMOND,448,1
16290269,15987657,sdv-pii-jy2o8,709,Spain,Female,40,5,962.08,1,0,1,124728.41,0,0,1,GOLD,507,1
5890155,5522842,sdv-pii-379s6,501,Spain,Female,46,9,162047.34,1,1,1,86164.58,0,0,3,GOLD,252,1
2391357,11428170,sdv-pii-92izz,684,Spain,Male,45,5,73.54,2,1,1,185144.55,0,0,2,SILVER,866,3
8146687,13252425,sdv-pii-orfiz,584,France,Male,37,8,118354.88,2,1,0,58287.28,0,0,4,DIAMOND,359,0
6881723,7624367,sdv-pii-dvtht,604,Germany,Female,40,5,102929.83,2,1,0,100878.74,0,0,3,SILVER,933,1
2020358,4520156,sdv-pii-tifpf,535,Spain,Female,52,8,170122.62,3,0,0,129835.46,1,1,5,DIAMOND,664,2
4179598,11948191,sdv-pii-lgoxf,590,Spain,Male,32,6,117111.66,2,1,1,8816.04,0,0,1,GOLD,922,3
15852603,154095,sdv-pii-ienc6,534,France,Female,31,0,818.26,1,0,1,103597.19,0,0,4,GOLD,552,1
3581004,2684751,sdv-pii-pca1m,780,Spain,Female,66,7,132390.19,1,0,0,100204.89,1,1,2,PLATINUM,673,2
