Point Earned,prediction
879,605.760998676606
262,633.0076457568721
822,596.427115525255
941,613.0270965375703
844,633.9016371010553
852,606.0431292407533
362,630.7663087361811
855,633.9950873283042
969,614.0826152283346
614,624.6545799588588
468,613.1053822990334
851,629.4252766517906
567,610.5948363106487
930,618.8705605323445
260,603.9389861848773
895,634.2855984269695
542,604.3946661084937
300,603.4214071812421
742,635.1879704410117
394,637.7765063101855
487,607.6246865912686
638,640.8337575162099
417,610.0540425896168
584,621.2463115646482
325,629.9326648562948
859,600.1496595672022
562,579.4597652625282
475,635.1080556886844
714,589.9164247426073
560,604.3906174098249
409,638.6882276790046
724,589.2914804395725
457,640.7796310062836
361,626.137231720037
844,616.7551864400475
422,631.7953645746788
819,618.4238832476983
662,619.3688184555934
445,627.0724210255544
454,617.7139714772482
759,636.036360230648
458,621.63536455195
232,605.8072793640011
851,603.3732843542329
552,648.581704256178
451,621.7351093497576
458,619.0234263131711
559,635.021242383895
628,596.6683406806449
272,612.5227007830929
792,634.3194770991773
464,637.4662818804084
374,586.8095304864778
622,607.8336879678047
356,604.6585916248641
731,638.4296318260482
505,621.5586401281835
840,602.4847622573524
498,628.0564974360267
849,603.959284036651
516,608.94112579272
965,620.0961171948492
679,632.1864242221822
325,599.6687563795015
694,605.9596139399051
595,610.34639635129
350,621.2596076949646
989,601.1522216928662
853,626.8559417884458
515,611.9757947433485
927,615.1448299480852
264,591.5255265792632
812,606.553108887498
824,619.3380320401285
250,583.5588473644726
638,643.1444631113692
620,601.3411827674528
762,598.6034783738895
746,597.5599244986482
643,634.0511371944033
346,626.0725291213934
486,614.8089702915474
454,608.5167644791198
781,628.0492887626867
648,620.9289666172981
400,594.9868075284462
639,628.9842471588307
797,603.8387147032207
876,625.3914579206329
827,586.3790057738821
497,615.5724071890166
871,630.8198463993235
884,613.3992861552414
965,632.7925759779362
577,604.2379031598504
867,629.1029391088514
448,625.5567841512841
901,622.5903509555012
351,613.731929872382
932,636.4205075292075
762,615.4822720409312
542,582.4264827726604
396,620.6536182490979
938,614.4321465622559
837,614.3128414036175
641,629.1893677554631
319,638.2001472316678
253,601.2232544863429
410,639.1133675552666
398,644.151884006341
440,615.487511381296
913,642.3046655406986
313,615.070940174742
345,627.6009466815079
754,620.8743620517276
973,626.398605211888
454,621.2917790731889
559,629.1778165036776
917,609.7987797044358
601,623.3865684254379
945,605.3663948773891
936,612.213061810059
597,602.8380846365717
799,624.5383028716127
732,643.500436475093
903,630.071796470086
905,606.1241941752097
838,618.4712101746487
472,625.7432703117906
291,619.8286152803569
859,616.7844546607662
388,620.0016203241207
321,606.8293802624845
595,627.3519748295978
300,624.5408660913394
296,600.5699838698456
526,597.0089575824503
623,629.5126332012849
602,619.6123522891673
497,615.6568833348565
939,641.7888350886018
310,603.271752609899
623,633.3312320799905
745,604.2485980809023
833,628.4737001638497
476,605.6636724027088
308,600.7623556113848
943,628.0430341771026
397,592.0143203625772
495,647.4402264462153
486,618.19611266499
261,609.758772641683
532,635.2330712230828
550,595.1812817475213
433,619.2332253772987
679,639.6718846917747
940,627.8362918887074
431,624.6462577207611
760,618.7951709471344
370,622.2669469234646
407,624.0658440824941
563,617.7136843591098
353,639.0632686909937
480,615.3966870624873
981,638.7640055837029
526,641.3929810573039
391,620.6470694562762
512,627.9754647431486
481,629.0349922757298
756,619.2201568323686
964,625.8971154708017
326,611.4323128986814
325,609.1659675905846
814,616.0025685881956
653,603.9151274754524
925,622.8463431764446
879,625.9329152438959
661,618.8265286173109
697,644.9045583644022
840,625.7110129501335
397,602.7983495915508
893,620.9413509358809
259,628.7265979899018
566,626.2666200644325
785,611.5655342685478
849,608.3375340436966
526,608.7272362241963
842,622.6304883219472
739,632.4123197759974
277,633.2842784189334
277,627.9475850787186
309,608.3819589013108
503,607.5194316348476
236,614.2045534868824
444,620.7478813149314
831,619.6413008124476
460,614.396003066856
924,624.3428497568541
779,625.5135486029802
309,628.656905132056
279,617.3555441366195
586,624.1315668951696
815,626.2544681676977
930,617.5304979649404
830,611.993910948381
954,624.3763335418438
323,594.4698521914712
744,587.3507119412093
1000,645.1128659865394
388,632.4501656630423
546,615.5797626752727
322,635.605101016159
876,617.387738768621
795,624.8924517922948
551,611.1372297069045
421,630.5075471024755
415,599.0397230900561
339,613.9146960777382
914,628.1503416518743
918,593.2336079187683
284,634.9749992573597
790,626.9421605367096
387,625.1537144741994
474,624.3808686960491
287,596.9297168445108
576,645.3894892184649
313,613.1073413734966
275,624.8072630674537
422,635.9298311269102
914,609.3047211194606
912,627.9765701156429
401,614.5554349477153
518,591.3143512691397
302,621.5774858986437
839,602.0540207442853
441,634.9254857457229
495,605.7731210429432
297,609.7250574970474
438,622.8610704677628
644,631.6765478377463
366,629.486455594852
485,634.4378668399135
778,653.4941453251895
510,614.0340066331204
449,618.1592679858887
541,603.8727161725094
318,604.1122666950416
231,606.3754093448729
755,620.5069260970866
673,626.6377891048761
378,631.1033316106871
654,622.2354923597616
952,598.3954040508444
879,615.3578481569334
569,625.6013454238342
752,606.4148016480211
736,627.9046992625528
313,596.3026212714684
433,610.0115945641742
482,614.8590486677668
878,620.5512176660266
282,621.9956393456183
661,630.0660977873661
651,627.0772371935884
889,611.9450183424573
875,629.073139735259
506,639.9702991828327
320,603.7190972791797
351,600.0872556722638
611,636.0290917998464
690,600.674388062379
699,610.9645089915734
818,629.5833833335658
784,613.703386905503
765,629.9743672873662
730,595.9004718163801
476,621.7221259158073
534,593.6962348255762
422,613.1051478105958
621,607.2478965600073
553,617.520936026316
446,624.4254803756949
768,599.2551268960157
402,611.1576329138329
825,591.8784079762155
748,612.1252615844425
507,610.1322775286991
401,632.4995483854731
637,586.5586085944043
716,592.4422642890595
450,604.1684810515717
275,630.6035281820137
409,643.7572826433982
853,611.5727958107528
319,625.4576686045938
551,646.2495555277462
591,603.3719705365825
735,623.7666292339961
871,604.5586096083274
619,629.1053290432277
864,619.7635355084365
805,605.6210299054239
462,625.0587448785661
345,631.66399221763
262,621.8305025216529
763,642.9403368699042
432,621.1604101635945
633,603.1985261091843
902,633.4410906200856
668,632.5889762302994
891,589.0351940780924
506,629.1833508016279
933,628.269283413523
461,614.489211589392
744,622.2397756571996
296,639.5285613240935
541,602.4457480404188
504,605.3398167183864
846,630.4814114291999
855,634.8148361543269
519,611.9591777317443
829,650.6993602198794
611,618.2929632540424
718,621.792264585573
561,612.6203553284965
717,611.8832673549668
895,619.8055243007391
969,590.8263552231797
833,623.5401482558244
937,623.3126985470051
633,640.5708192645103
302,610.1082171806779
620,597.8195745783723
741,623.9254501529562
626,628.5240085387978
306,635.2859357704136
955,592.828042731256
411,632.9070798401004
549,612.0048793325465
765,624.5219464530979
721,599.8608689306101
656,632.5192024509199
792,595.6442724479341
459,620.899905348306
413,607.4187217520389
560,624.8558938220455
390,616.5699481510184
749,625.8792472705832
912,656.5207996275991
968,612.3302613399961
566,613.4682719975804
459,589.8868752501373
624,638.2285395352362
506,615.62074042121
783,607.497875323395
901,629.6976976536363
392,612.1064354972856
981,631.7100355487108
958,620.490242371726
874,623.3356743169247
794,593.6107982774276
736,619.9891495230188
865,607.4631910467724
368,621.8597011288357
866,614.0332727517957
941,601.8795192280222
379,585.076196901983
407,614.1537687469554
551,595.0701236028664
353,613.1831720408056
474,617.3801325238107
577,599.7016684139656
813,589.5771730252161
837,624.7376861828848
763,599.6476569957681
731,633.0002420430192
528,597.0223733452414
294,606.6392703707584
356,618.9754479937526
883,635.6886395573237
236,614.9835425871911
389,615.5466961838613
548,633.0468426431207
824,584.646672312803
605,612.5882092040508
754,632.579029755889
548,608.6602425619951
317,632.2737143514319
836,628.0914108219795
362,627.795865290303
807,612.2302215113065
648,631.7288686103171
296,616.1061150443062
626,593.8553683441966
262,621.4524332931239
798,635.9625531436304
917,616.8651414165114
457,638.0193409630036
600,633.3787077952192
502,594.163507979412
319,594.9138384225313
898,619.7358830831414
792,600.8039257173056
306,619.223987328842
736,612.9315992326991
467,591.3765887261429
984,598.1229837281091
870,610.9448437681868
325,622.7405392331195
361,635.8043732124855
671,608.4746210331463
783,591.5972277399036
927,622.9584993500615
695,640.6900383525881
965,633.3734932651388
675,606.9244261363469
856,605.232040918894
972,631.3474911753417
725,617.9129899983872
976,603.1516639904121
979,599.8471726450173
466,600.0911806274249
950,628.4881711679707
959,636.8284817698379
623,630.8379914955884
665,638.8639181475245
292,628.9629987190475
569,610.9142025322227
419,650.9416047352893
893,631.4368674853927
933,602.0562776395393
938,593.5323225776331
408,611.2919551820896
671,633.3991352885574
366,607.9698477345061
218,625.1633580318575
300,630.8185783858922
467,602.9763563772466
752,629.1940557378083
889,632.3874464760554
877,608.5515216449785
390,592.0811160238904
571,628.7800518961645
626,651.0976053317793
697,618.0237146715438
690,615.3493560157543
240,587.5872448889043
403,598.7100989103907
856,622.8290796763382
943,613.7291102143851
303,606.3523875645352
627,629.1793588651886
383,624.7365934947675
324,623.8833203126148
611,624.2421879782358
449,647.2172029164157
372,602.8629751014143
339,601.7322581227028
610,634.5567009204226
395,602.8937249241421
499,633.8606989581763
303,623.10483154042
616,616.3691758994145
899,601.865601523795
328,624.5111181736393
941,633.373882985529
967,636.308072135486
406,605.6056204294354
649,611.1518456325067
345,602.7886488571291
670,628.7940778704819
720,619.937127560005
518,601.7519132086135
715,600.1799616162222
320,628.0073685009418
865,585.7998382920885
940,616.7855814262713
413,630.6527640075993
418,628.2227055640798
457,630.5467068364316
896,632.2557021910249
803,614.8556401461586
620,609.1638363185399
406,614.4553635087523
949,626.6811488752796
858,590.9343115020358
898,638.2455910070466
380,608.9330187468321
630,598.4697789593691
401,633.565574658371
504,618.0702759753261
937,603.3216428392103
481,635.7463446941382
649,617.4071105059851
800,607.9715691834715
488,603.7976523687893
576,636.4784243110848
799,601.8674960986982
856,642.9245127424348
621,624.1069172359954
305,613.1127016471942
776,623.2377115238156
903,629.5864774099281
325,595.0631506382241
801,603.5222239031998
715,601.8375695015716
310,627.96117294038
507,620.4692248618085
422,597.4326973924183
851,625.3966201352548
414,633.6569988446828
942,622.429556233006
798,628.2934966543448
489,610.093976666955
843,629.4724414029288
983,637.0280416884146
726,632.606395693069
505,618.3060168478996
463,609.0453792252292
646,596.9781082734984
316,627.6242113935875
851,621.138745174157
291,600.544221414292
494,604.1403216337568
444,625.7917115965226
776,603.8706571502589
906,618.620068885492
558,619.1969180633048
1000,608.480754055052
483,617.9557012811096
980,611.7234815013384
279,623.2350476235764
262,617.9417323735523
521,607.5291490740136
698,610.9791656942216
532,638.5535610891168
956,639.7127335227058
405,628.6127259131787
666,629.7539237272674
866,622.0554940527597
740,629.2710912472583
286,609.0883305189053
341,618.49901247522
960,620.4088896461421
730,604.2785625975598
628,614.2745752347055
769,619.5014471476596
642,641.9292553439918
612,619.3481004733017
813,597.9547821611222
929,607.5687571341288
950,610.2728987355815
889,632.0146627082668
587,625.4439664865469
707,623.151317292792
611,621.8530147393527
967,639.2149711858484
812,603.2043037684393
682,626.7478418561137
386,615.1526464422082
543,603.2742285707312
409,605.2314898215875
917,623.5300599230452
422,622.3441536712197
666,646.304034293541
976,604.2178621852545
718,608.3322088629576
813,622.2849007330943
514,612.4452869837554
617,602.3303668316239
268,600.5406507849414
752,629.5455490783112
399,599.296058592506
651,621.1810232093497
919,602.537636151762
504,617.636371580618
326,625.0290736331818
298,622.3173953240074
357,608.242505426365
565,630.9624592563029
689,621.4527911538437
701,629.4119505074765
255,633.0969176792056
810,616.3515513538031
666,615.5135268915686
274,603.9767659916865
931,608.7508767663588
479,626.781809379431
632,597.4889415895166
499,634.9389782288247
272,634.7763392707459
807,597.047923127193
591,636.9738790443878
325,629.8989644472827
556,629.6636211753018
215,597.431457914353
700,623.1352357583869
835,600.7326989766532
913,599.9592555655167
952,634.4848229248589
238,633.9381041882438
968,624.2330223689809
343,609.5421255672541
938,618.8758910187632
275,597.7034665886697
870,626.6237959072208
748,627.0845905809538
339,604.5550288286056
755,618.6481929570565
338,628.2073553216915
898,635.8463634374823
894,616.4141735922632
521,610.6474357247663
455,642.6040636607553
847,608.0898937427137
407,622.0535009807329
992,614.7830861922196
332,623.35994326935
367,630.6119326542594
445,627.3340757225475
344,605.027211709978
376,609.111150261765
296,609.4891694079881
888,602.1040184703284
270,607.565718389527
684,617.7263713356299
758,589.4783449471505
640,602.8545966904187
707,610.2152266175285
711,630.7803482510823
492,630.9542766842658
459,625.7985710141234
835,630.1707089468181
597,634.2427898388885
913,619.697942497499
638,603.7829638408865
943,638.4008709819282
707,624.8809728851475
751,649.660727250068
769,596.8906606815657
560,606.1156278949351
603,641.5754748235149
897,609.693968812066
343,637.6826533423982
921,629.7789037229654
604,633.450473129315
412,613.0644564067312
887,596.5486426194096
542,628.2903288307842
445,616.883519315772
969,650.9635800456655
273,606.68395927482
652,612.9168315277578
779,600.1911872906916
537,605.7607988889202
463,615.4405196954103
530,631.5019852551032
782,599.234159955882
530,619.5491859255585
738,590.0396189127523
239,626.1182611931141
957,613.6081894064113
466,613.3935426706634
296,628.2981147998895
345,591.8926975130597
280,627.4298960154593
843,625.8740485974957
577,600.8703018720372
836,620.0613026862967
612,599.5760468939836
249,630.3983232007577
387,632.0176253140276
556,609.3887790181321
856,623.3381488869353
673,623.0551624376247
810,606.3759626768045
869,622.9020746067858
834,612.1637061897299
270,632.9565432110767
597,595.053542066969
438,598.417433324646
469,631.5089694657614
593,608.9181748768513
563,615.7952543048345
530,620.6364935334508
460,624.9146847955396
583,626.0432085404915
958,626.3838151980558
381,615.3259736619267
375,592.153904708252
866,613.2029712113109
410,626.7458019890177
752,598.4191611533229
652,633.329879649822
506,643.9953463040372
244,595.1100218147728
828,621.1729865901219
299,599.923977215123
362,610.9759091470066
818,632.6557212063486
875,635.83753313376
334,599.3027565155146
307,598.0242147598253
457,610.7923374481248
837,625.463495229554
910,637.892797658735
796,598.6534577133018
932,622.4996576001553
673,625.9904782978286
425,640.1677229693327
798,606.5373629224151
697,627.9341833227843
593,590.625615541046
371,588.9621902514989
703,635.3041785493274
948,625.5478280044663
806,615.8483909864801
787,610.5869352626472
921,628.3994898153878
522,590.0434718525088
300,599.584935155368
528,605.2552934253621
676,638.2437284734992
372,607.6688070217259
941,638.1061113323866
822,604.3812242260045
842,602.8472082062052
938,643.4831193375551
478,610.9542857754204
569,624.150920540854
728,627.315175281287
276,615.50084509521
424,639.6212133076265
903,634.9363260210666
857,626.7034014646981
292,637.5591752908284
924,623.4559741481155
332,645.6425169934881
957,626.1858441681507
649,601.7219030949814
698,651.5043834384387
842,618.6373668431573
457,589.8965241891602
355,606.6080876749021
941,644.7628222165604
924,594.7033158552099
311,617.5759752955023
414,619.9021899312554
284,620.7408059041511
454,605.8070783309654
934,608.8292957689863
443,597.8792873222319
749,612.7576768155631
683,627.4862377861685
462,587.2253251424444
795,602.7726454642418
567,599.8265704371827
816,620.0729483148489
507,593.237393733404
314,602.7715829697255
913,609.5207192792622
314,611.1923276255309
766,591.4140604716682
620,598.3954431088729
575,628.5544730901221
460,640.2809136838722
987,608.2560410816008
323,589.6735988791944
970,624.2173800808583
784,630.3930712506796
251,633.4131135750172
682,630.39831192691
367,630.2197554316778
638,596.6757850815546
380,603.911956983535
470,611.0109586672843
361,586.5005743737072
778,645.324585416561
936,631.9051226463239
799,599.6176171841958
816,636.8873356497044
930,614.5460690365389
991,611.3848514698266
544,633.375414680078
831,606.8468966505168
655,617.7238209037033
861,640.3772281882448
468,620.2011375157795
364,609.4930161729114
849,617.6055830269443
275,624.80602190716
542,601.3814214882418
946,621.0414057652865
344,621.7879516493609
436,626.7470894973824
249,634.3459221364427
427,627.2537422858895
294,619.6797694321094
508,633.0388370707169
507,597.3182237459674
508,606.8706638535281
287,637.436946421353
364,594.599783134959
736,617.5615946988357
892,615.1660706694081
908,604.4186447578288
491,592.5643922551303
362,609.2798572731487
769,636.2364715565111
396,639.5636452685285
335,604.7321289829982
923,610.9648069575159
820,617.8237894086453
897,605.3362433552223
298,613.8311665892043
387,642.6367890967954
243,599.7051427900276
984,616.6333158741637
758,623.3848130854747
949,598.2213579631994
850,602.6002058133661
275,612.434722492931
670,586.016640541755
534,633.1727290328255
975,625.6468883559407
846,598.785334107351
506,638.9913901082451
900,618.7509056761317
928,616.8421244552396
718,618.9637345354133
839,609.4464299790687
459,631.4787198261723
266,635.8172551434093
388,610.7896895810685
472,602.0773358031636
939,607.6742996425272
420,599.561803371764
246,630.2068017181822
858,620.327045479739
767,583.6541533322228
837,612.6129066673996
905,615.7877764417694
782,624.7404926832862
350,611.2728829299923
777,641.0779428699539
552,615.3624288646466
290,629.939780376457
711,628.0022411713788
979,624.857195078446
358,601.1692069192419
853,597.0780437078698
390,615.3899849858593
329,617.867537118275
547,622.122786254659
854,632.424562743369
881,620.8548810945833
380,608.9886555403277
569,636.4046266461063
502,635.5137452099445
904,615.3044564215526
514,596.1542636433417
886,617.537424579666
426,613.3980636699783
492,629.0788381657328
873,624.8738004741558
709,612.3078449005144
467,615.3705521642211
741,624.2473943828943
746,621.4289288829002
390,598.2264676296344
771,609.6943731532585
863,613.7887871969323
371,627.8090254903668
384,585.147364084409
753,630.2521337262464
958,595.8477169390646
699,643.6363838929527
789,640.9261726872246
901,633.4767357804815
603,626.1721597658714
454,637.081632452635
596,607.4342837890747
508,643.6933883479824
803,627.1011712375249
446,596.1414212143519
450,611.7630274409537
315,627.7478697653341
657,620.2009669627902
400,588.5726937620624
459,598.2332564775508
498,629.5185435890503
765,621.9985928902233
426,617.2030221913027
882,600.0997719540859
643,631.6991080147087
757,616.1225172575002
923,611.4854192197123
421,616.3015415734991
831,584.0229100328363
922,631.054058613949
287,632.0705506497154
820,613.0273782385588
370,604.4080787111377
683,623.0927377701604
758,631.4187380133843
578,612.7857198362478
785,603.4785852370554
233,601.6536928544448
451,581.3174558215787
334,610.6346756054013
245,590.1977284576988
406,603.1678804906837
599,620.4371722898509
454,617.4050850281981
263,606.1865290341545
517,595.2441292866622
701,607.7957884555279
495,632.1896085147696
439,635.110569419903
438,612.3830258454601
655,605.8715302024291
396,615.3765524374992
462,587.8012782573136
587,592.2722245460296
700,620.3615380927529
794,592.8925725202158
497,634.9719847417467
609,628.3338265018236
277,614.255529605136
252,618.7692341958821
624,630.6566561397492
839,613.7249319314816
774,628.3635449361375
442,614.5929297725635
702,599.3217873439667
515,637.8647080706997
595,632.9853349924176
585,624.4745789141061
246,607.9768051417002
308,605.98222453345
893,606.1854858858111
393,609.3733851409922
341,611.0340255419993
292,609.511603946422
729,620.5806442425742
582,599.3471078784781
928,638.7449010936426
949,638.347921660226
609,624.8299987093669
359,622.6224767776155
423,619.1174011955432
414,620.7077642296571
662,605.0573126094104
802,600.2756691501123
491,605.7617075740442
602,629.1381010428378
296,615.1710048866255
647,617.5548437436635
947,632.320841649622
521,631.1368917892015
997,630.2329121644691
279,626.1965119877359
271,609.4179326017046
325,624.7971591389445
832,641.9874097530042
283,623.6622595464971
856,650.6746391890423
555,627.8931531589247
891,610.838949132612
260,623.591038217819
809,623.3459598719774
270,591.7740492944934
283,607.3973685534892
623,624.7763040277438
576,610.59575165182
244,599.5730605018027
857,624.947339904272
343,606.5820140941295
864,605.6429033524887
843,624.5390090783319
859,604.1119117952708
323,620.052068603029
799,610.4818077327856
663,635.4620621739434
439,622.7615724454263
289,615.1091926384903
827,602.8574225439421
893,585.922458177858
753,615.859691883213
844,609.420582592909
633,608.3842334505482
371,602.0144787790929
842,604.2074907241008
844,597.7457240437693
661,633.2988251712276
425,627.001115727031
741,631.3216358237713
488,614.3471542049577
382,608.3955778055268
852,629.5680907285877
878,637.2680901573247
890,619.6017488576332
449,609.5384712930256
245,640.3420860632583
939,600.5692107787934
553,632.6092221000575
263,612.5154565612537
875,604.5891971162413
299,640.2009712899966
753,612.073228735464
508,631.3676163392282
383,614.0095729908738
910,594.2825482490003
465,627.0837912730527
871,610.0259843361414
911,635.3290332137724
918,605.1521062767561
534,609.3278590776578
568,612.2238637112486
482,624.8333366265247
534,603.8885579874659
554,621.2697005090488
418,585.0590688629843
389,616.4062311693821
411,605.8763576941575
449,594.3782858552116
800,635.06017610232
922,624.0769751573104
619,606.0166367043726
258,611.2007798292491
306,608.5476147835433
453,628.2747324189593
489,595.434133280328
810,597.2911556085521
277,608.8855774582325
363,626.5456316890553
545,618.8333666528563
243,602.4277050372475
640,629.78325812999
295,622.6651392267721
704,620.9104415811079
531,599.4943302174651
782,592.326576556004
896,609.8398560921513
827,621.4918840750721
350,623.011905591078
831,632.2181060270401
1000,630.418310786561
911,636.1858896072032
922,587.8882378990232
593,626.8009027661225
923,614.498468806745
703,631.3678061519852
320,609.0003992718187
397,621.9362863742554
623,617.8248318153385
718,596.6612872041948
811,600.9308630872061
301,616.1478309392431
688,594.3234410995115
732,617.1327309874968
763,587.1419909301766
817,631.383880088791
402,612.5685573427453
510,600.6663947831032
554,614.7026581294936
513,640.1883454226476
616,623.2894275712404
818,601.4946813327539
446,625.7037898280373
909,622.282106298036
352,621.014955609466
706,636.8345939127983
287,604.7086308807765
945,626.7221798376005
871,621.6717813736642
805,632.5121643902419
291,597.3238493170162
652,638.3444328552084
318,619.2829136196278
978,641.104534610986
484,591.9742995121635
473,635.3308310029144
299,609.942388337349
494,623.9966688434628
273,609.0953570174869
875,597.3567897696142
710,611.3873554937554
610,620.8864399428059
578,640.4209522084612
739,633.5771703509229
533,636.9754836235658
872,601.1952733944175
614,632.8266957281339
422,625.055455263319
344,633.593959087449
461,642.0682220884779
772,633.8334063258028
358,624.2236124984914
626,611.7748684679907
764,631.2961768983072
388,631.9205952086022
299,609.5024922055987
968,600.953675639238
702,595.4281222748345
284,606.2772561557788
461,621.7616561373098
943,623.632629499277
402,601.8055438641987
387,647.257461107888
437,599.6031670136948
347,611.2762346521581
993,599.0228575822767
267,643.1338895031054
265,641.1221167849649
857,628.8137257768436
844,624.8261004868391
668,605.4553767446997
812,647.6003499745473
277,622.8590984507393
397,623.594438660446
307,617.074657922123
591,622.2822831610488
478,623.8450669440927
878,606.6886912307026
437,601.0246501743891
806,600.3563491569329
566,600.9323274929377
810,625.4941127405473
799,598.5269454758748
314,606.9691579380441
408,628.5916476949026
453,592.665173629476
208,628.3036246549559
889,625.6692802101139
312,637.23874155135
332,627.3344758902779
265,632.7063866271952
278,616.1960678394595
859,614.9782205406123
798,596.3741304432365
796,615.3287555502966
383,592.3089123609141
882,624.9374872324154
802,606.4599748151223
318,613.4395724533433
365,612.3134485511084
294,618.4226161251146
376,628.7353894197945
809,637.0511541220359
934,629.6068051868425
339,601.236388352587
433,617.6598154031934
867,621.150816498234
561,609.8424576191435
878,598.7314549666473
882,613.9808902567399
754,607.2698357600196
595,599.0924531766161
874,605.9864892189879
655,603.5621684334737
870,633.3598270564808
809,617.6942712393418
882,630.4767701620526
831,617.6856239235625
736,637.4282167962259
455,601.1672385590191
748,600.7502240115598
680,617.2185060774545
753,583.7354087039266
903,622.8061657059135
762,609.3760444604009
298,602.0520533411869
861,617.3454710381212
923,615.9486670018669
404,586.2175463467227
981,606.3962749272067
525,621.3224812811626
421,628.475207044571
947,603.2871953852226
547,629.9994951403472
434,609.4006009066476
472,638.158773763184
818,626.5357184856016
533,603.1792596329144
942,617.7248390056711
303,619.8130498585875
244,607.6444721156778
782,610.7731455823816
850,646.7691883418659
625,637.3502181194725
340,603.9750087300114
711,633.9044543645797
932,596.9992115148534
962,635.2927005187069
735,650.4091312858501
769,630.9081559187613
960,608.2496096785312
543,595.4919849725673
811,596.2248993895607
790,620.1069063752904
266,608.9553598809275
309,606.5802909283772
425,620.5901078570753
960,624.4519234352315
418,602.5318588810508
798,606.3661482841254
586,633.5555102270044
346,602.4562489987857
640,613.206405872528
709,602.6439663127743
294,590.4734885876347
837,606.225379049078
638,623.24719349375
745,619.0788188786368
870,611.8596992018469
711,635.0083062137725
481,587.5759774631563
462,594.2960454416024
309,613.3067041665296
654,610.273117731795
751,612.1695126273823
556,600.5805792776006
349,603.378447768279
522,604.9158019990574
826,603.2557754072141
779,622.7209888145971
952,628.6435665661303
558,625.7291525608689
947,636.0328090888355
897,621.8347025076978
761,627.5178579531782
907,604.1445805912642
232,590.3709291520555
899,618.3667345876947
627,632.1762330169677
526,616.2890428524435
422,597.3259214737736
564,634.6282321792985
304,579.97518579664
630,611.5416647728651
951,618.8714895892653
915,618.0972848256627
858,631.8805165124717
659,613.9167045478391
655,635.0348691279671
530,624.0422445504366
968,640.8125500034084
766,608.7857432199756
363,604.641001867306
251,604.2704131804855
318,610.5876056646508
831,626.9269114397708
976,618.3769604244937
594,635.6239385468627
460,624.9790266172455
793,603.9026907904383
896,627.8848593824017
677,627.8728390921806
528,611.6244781527273
610,642.4995052335544
893,621.035647437079
353,610.6977103048862
833,635.3662031206445
713,627.0391841071673
689,616.9146022332856
374,596.4692656976733
947,634.5449841495665
696,613.2422295203813
984,629.3165580234883
337,615.7078819552785
868,619.6416321790877
316,593.9961236633904
496,584.0577933099834
314,610.9755507283737
424,615.0918486778276
536,632.8409374849504
772,627.1861314550808
815,612.6914630703096
511,601.3540676692253
479,631.6992033288486
297,601.7635343236227
394,630.8225060616613
398,629.8912463098368
478,602.3690954286923
670,633.7516601473015
336,608.585877427342
759,625.1475153101712
636,619.925836364622
912,612.7646404845417
494,593.9423369777917
360,613.4843024897215
933,626.150371367561
263,600.3192593795951
620,583.4395553792947
787,619.2699053494662
430,630.8671612784168
443,584.6850238812358
562,636.7484460548558
391,633.5609584423347
726,620.0776744311321
442,629.3501136832331
470,616.4445995902267
558,609.3797029186995
304,608.3703584104635
772,603.2211383647998
428,597.1523612332143
458,617.1904931611214
320,615.917924490132
372,635.5749429940661
577,636.4102903864999
849,622.496763087224
772,593.113467368302
952,606.9843840978107
610,626.7706993860482
617,619.5938162113468
574,627.2646376619865
692,623.2540964942137
904,599.3697586163723
307,602.4707421331108
621,621.4086477897233
1000,600.8847070870482
405,622.5372348608997
636,614.4126278771813
777,597.5298651227187
311,626.7662216609406
819,649.2367926865046
884,623.0592255886182
917,625.8287991371936
891,604.5559693528371
880,607.6286040888465
406,632.3220017036344
700,617.8116857853142
298,595.7216572668269
788,612.4596337040142
614,612.139991140224
942,630.9163694511939
731,632.9655297617851
334,597.5147343085177
322,624.4407693706734
520,605.6809948036497
383,598.9844990518434
342,621.3545418720197
978,619.101980740377
274,634.4344718378561
917,581.014222699377
281,629.7672751187637
214,596.7992567196384
610,636.5145166414217
410,625.3453738893943
643,605.5965097478163
503,639.1626037936461
253,613.7165699739209
896,609.6784339961205
535,622.9367927231001
820,629.028518102747
516,607.4521529439716
782,621.3165898698495
354,592.6767643124008
374,600.989768931378
437,626.619081791571
273,636.6245531630916
939,634.2172587124585
675,641.855679285104
257,617.2920308067577
532,602.7782730179101
791,628.1343268188464
851,640.191142819067
313,630.3333999078916
297,650.5054135774528
538,607.4854962617254
496,619.2754696796374
915,636.2138571195841
754,599.4187727896186
424,626.1987683715358
804,612.8230874985524
288,638.380188029711
730,617.5506581095832
563,620.0107928892317
342,621.5619483427366
721,625.6534173158406
436,603.172101564708
306,629.8215920274679
498,603.7598806689181
433,619.5003668432468
503,607.0805287480006
526,636.3145410206823
474,633.3553206952871
212,613.5583254328094
538,602.0027855069982
774,608.7908224641671
607,638.7504197684923
792,616.5672747078216
918,605.4606235170398
535,609.0354436689507
496,613.4011217713155
341,605.310822350548
285,598.3162105002228
652,634.1548795891214
676,620.3920819763392
341,607.0097310482715
249,608.3711666015148
971,603.3904693772569
528,630.274307097293
569,608.0709936640978
868,606.3600723961672
433,615.6762424437057
385,587.6586982138023
721,624.0935528542725
363,605.561759875434
751,596.9020220435127
529,611.2939468318035
276,604.1927894601487
509,622.8089132103584
946,625.0033517742729
516,638.9881158838632
546,611.0995744210339
673,631.907394340218
746,595.8012129016213
419,600.7063648909161
434,610.1601694185536
862,589.3228947707355
439,617.3674478645395
397,598.5951381247056
817,614.1366247994839
488,601.0612480902295
647,618.4924677261417
843,626.2032510219152
942,603.7281798357345
289,608.1701748529042
907,633.3775262988491
326,601.0659236669433
482,593.9884430832074
658,632.4373161923037
957,634.2864214527275
875,584.6403693065155
524,580.0336430734923
437,616.7165284518102
992,623.5774815437811
279,617.3350368295863
939,629.8269165221312
800,604.2037957356964
565,601.6175789495833
639,609.5385397815465
314,625.0819469807925
280,649.192157564625
585,623.9509587036517
674,630.7262249088857
901,604.7952020414767
742,629.6575747863515
751,606.1908336952648
918,649.3876668709886
353,599.1466649534495
889,620.7212364177713
340,610.7365335743646
313,594.2288854558411
941,611.6384873004178
840,610.6747684183059
259,598.9518046547184
720,618.3881097766734
272,633.2505361362977
549,622.0736777404417
851,606.36968554199
820,615.1807811500557
846,596.6015473980959
416,652.1407212073411
385,615.123503745302
597,624.6950883515542
910,611.1052709978744
984,616.5604527012681
965,628.5465662943062
859,603.5303105157411
987,605.0839374117047
631,597.6460104506443
954,607.1317706319313
587,642.1543586539385
488,621.8611121567897
797,585.4238607575677
404,616.5731013790311
879,611.2338177414583
254,624.1855110852758
535,623.4194524341575
938,623.707821296144
787,630.4744642255155
569,602.7214495599211
992,640.3294687931811
396,599.2431510591625
872,597.4945611320965
228,605.9820829603556
742,611.4319379127417
326,628.8992671088025
928,606.5888090275255
655,601.4906213802968
526,640.8717741041473
381,639.5943938755042
908,633.1072627145695
599,604.5720179137388
538,618.0540760920463
596,626.8764625032602
466,608.7629123067267
863,626.1908115058309
285,609.9050252528406
545,632.1695043442518
986,615.623917598545
280,590.7234356063655
468,609.7990362041126
252,595.6468055494515
787,630.1555004693831
568,598.3311832639624
521,615.9328993028289
856,609.0742758983776
247,616.6007760039222
314,622.3946152666908
242,614.91674761319
288,618.2916111668736
333,614.3740745386882
799,611.2644266383318
293,614.3582110946858
579,602.3999975087382
385,613.3919083303978
360,625.854353498612
684,636.0373986137005
360,604.8117651102588
1000,626.4362111808903
580,581.27762170448
329,606.0235679717811
458,635.8240859220987
537,594.2228684146206
905,611.7102477267273
588,607.8241751035778
359,612.7787377680785
425,614.1887625880709
882,641.8086665337103
928,631.2373063664297
812,631.0081784479141
491,608.3681732623277
272,629.9319286584953
978,617.7372985549399
548,632.23203068397
539,628.3900566088876
607,611.2529995432956
604,607.716918895447
435,636.0720628861159
896,602.4487872390271
291,620.7673455528601
913,606.9441554059338
292,629.2421626160931
614,615.1415172498849
423,606.4334515200101
869,614.3021722316173
635,625.7533676743358
763,621.5832670267118
283,610.1425641336363
680,631.3582312407314
346,618.6747547925354
553,615.2678783008693
809,637.3383455143253
880,626.1920250676582
604,612.201956379879
411,621.7647097414756
389,617.1919775698643
442,616.2477744325478
853,626.8690058134763
779,606.1775883205322
927,633.9808975482766
654,633.8591562494527
750,592.4249747709227
677,631.9908915744868
858,643.6640605394153
852,609.8920987354484
854,639.9520740410977
812,599.401361801468
571,627.9927376214395
568,634.595172195862
483,617.3435904242077
398,641.2948218572024
515,628.0881602886147
751,619.5696573707332
530,619.8186652233131
813,613.2243211602761
714,638.4217538108371
883,632.0062629678912
957,638.3941000276907
373,624.128032416476
904,621.5153117229999
984,641.096992558161
371,635.8849398235027
617,625.630145736433
421,600.9426005587202
851,635.0377636482859
953,612.3304910806952
924,616.9777451286998
441,627.8623709069791
528,591.7037399706082
583,634.3251093092799
890,638.8638869752053
592,629.7052757984592
943,593.8237170841826
810,620.1947732259855
385,597.0615563256576
516,611.8512023671907
268,615.9784539059345
848,612.2746079285383
554,601.1837026745307
506,617.7091575259915
657,624.084090610341
527,618.4160940070357
475,627.3889874697998
602,608.1804306366787
788,624.7256546527507
808,636.6711256619515
529,617.0027634138052
685,603.4777124525235
902,649.8152493970969
790,618.53686901463
817,598.8527059943245
787,591.5848977086606
791,611.9847391839862
588,608.9108335694182
305,612.4835246091939
585,622.8476325366336
531,603.1240781076234
456,640.5432810879688
845,606.5808832238299
285,638.7306686577053
796,637.6510684507408
482,629.5170480246566
637,600.3691489273559
968,646.3781404974848
817,615.5869434038252
975,627.4925678029906
715,589.4626166448759
944,643.5399936528431
598,599.956171457576
730,620.4822759353217
812,584.0852439990915
787,631.2874058180265
430,626.0967331160724
912,638.2554843645689
670,626.9802463390697
412,605.8160295144604
727,594.4745059826819
583,629.4237269235857
927,623.7543308277495
267,600.8739130417717
335,597.2130292007624
509,618.9517435695959
795,631.6780262248307
379,618.4588472557244
796,616.7185456515352
513,620.0370256567528
322,604.2191911497785
670,607.4890138189143
396,633.3350484224266
340,635.9940338245196
386,575.1844197016519
959,624.9759399041867
978,628.3722527505183
482,614.667674179133
714,609.306527252043
675,621.4193370544575
688,627.3236125585365
738,599.3613430543161
886,637.8379884878375
859,599.3976944359983
301,621.3269495276661
926,619.1052317720976
695,619.2921485181307
848,604.523117439305
516,595.7503686270561
415,607.0619772177016
934,614.1808472630086
374,610.07308587384
777,623.484157436195
528,595.981484218947
755,613.0977777467497
903,619.4188030564792
419,605.4281774254129
536,626.2691488306608
855,608.1696381438147
862,613.6151117432055
674,608.4978752274234
459,625.2179909440977
448,588.1937098778852
543,612.4552470859364
603,623.3055402956652
926,645.5020984771899
414,604.4520297695215
816,597.7204100309908
688,591.5293049333815
509,608.3646744204783
558,608.3477472849812
760,633.3220021857354
897,615.5856090245451
864,621.9268284312662
256,600.1831111458229
386,637.8719665683896
354,627.9877004042025
894,611.486199788182
409,595.765733194769
972,631.595712629338
733,603.3320208052693
572,610.6180486595259
435,607.6368746117674
290,586.8050257260297
821,614.969412712418
953,623.1816475182378
615,608.6146071055144
505,630.6089377735582
935,610.764456905218
433,605.4557652847872
641,602.2112257666982
285,604.4155530002877
848,597.2429825546976
858,647.2894169341932
291,618.9890967736849
258,613.1053635979555
844,635.7906927686184
718,614.1276380691663
660,624.6471488735892
370,604.3047139958614
755,628.7403880603785
521,610.7034468208907
386,609.2992578943821
435,617.587920207911
888,596.0096035712405
259,615.4676800335551
628,619.5529380002531
877,648.1642532217531
793,596.5915705231555
857,617.8645403922172
624,603.9861498654353
848,620.7852546461671
670,577.2430651096988
499,611.1313756270755
409,636.1932091372814
400,636.6609032711141
584,628.5224400570091
696,616.9120394700494
279,610.3214721305249
354,620.5082631108512
480,640.4037362525681
479,634.7980877212534
432,584.4068729233683
481,611.9493155899813
515,611.5540791085776
875,626.3456921232445
918,629.4222175368083
337,587.8497867596436
288,600.9817706141446
850,620.4165045275894
886,600.8502045446024
295,600.6901105093225
930,622.0471364756157
747,610.0409256463304
476,598.530543635127
872,620.9134692585043
312,605.4610143717935
604,612.4272469449851
420,596.3324534285703
620,619.5979716381175
806,600.8126785563137
837,620.3572023443066
365,631.3318237452986
988,595.3466152652167
876,608.0504941838054
936,613.4490890863743
971,593.3048416089985
656,628.2554097037761
298,614.4741600675271
496,636.5448227044053
842,630.8979098253652
511,609.8573523320416
851,622.8420432758268
934,604.7437928631705
666,613.3901753552964
399,594.9173854754403
302,607.607495992676
746,591.8272051564913
412,605.4774389494737
954,610.5730978445579
637,616.6918693664932
390,623.0678181495765
825,621.0717967963855
453,611.9649726566897
887,640.3152509135036
323,622.6126464421739
774,591.9969242606802
271,614.3918210497714
614,591.7713147152324
234,587.7047479848861
926,619.3421025150789
940,648.3352979344439
399,613.3664319247183
463,612.8068796245049
283,595.2900597057038
972,629.4948088693308
308,627.809770812066
264,607.9105558835024
723,586.6831832976067
242,608.273707408652
295,623.5443112593281
702,642.0472545247229
524,643.4999431195298
926,618.3708167130068
581,617.7143360448645
325,583.0183704876482
682,594.0147344139501
689,606.6274090113448
621,633.7150788684157
982,636.7787720700011
839,629.444908744909
757,625.098748004157
889,634.1126940922683
877,616.4746770065669
425,630.9675386725735
790,624.1204181901189
803,603.3780088075366
623,636.2438245299687
891,618.137932637596
543,630.9475821018478
662,637.7443122599569
915,605.3821230772993
766,619.7341683759468
379,623.2508171735626
549,618.7716323847511
882,605.96369269216
556,614.2005353561178
285,609.1632014249519
314,609.1450983951421
884,605.2753042154485
920,622.7764464152403
460,592.4117518905161
747,612.4798478008713
845,630.7258935733322
262,601.4249462012922
385,630.3190027383399
290,617.1899345075966
344,608.4665562340404
920,611.752004445511
270,594.5650257148463
465,601.3463060135102
846,594.6900387692357
365,615.8027490534104
766,615.3021559697553
304,638.6291847679021
557,629.273544648203
383,624.2715531447298
515,598.872732263283
294,636.1776697107919
421,592.6383135105311
447,602.0922160604279
263,605.7664263551281
539,637.8196391096131
785,604.3027978199018
547,626.7504447439107
805,595.9898077181134
893,628.2910519248259
311,614.3465735778225
279,607.8573678609725
545,603.2378785982607
781,622.9524166287159
269,637.233006860849
551,633.5718437394114
292,625.0895375291976
583,635.200183644167
907,641.0316470135141
964,606.4564062449941
788,620.4042977241317
434,614.7160293308289
461,629.4193812304711
548,602.2197724831897
771,587.6468904486352
420,631.9470420039548
902,636.7099060721413
669,613.5297914192594
777,606.0707226633998
530,604.9723481359281
475,602.0729570257696
760,635.3128739023
416,597.6374205961187
437,596.3045734170344
751,581.2908740014753
354,606.1642867119224
360,586.2151207054967
301,613.8274384636612
720,618.5134380021105
292,624.9132223103097
360,630.3107844970408
605,597.3676738415971
808,607.3266178129265
655,617.7116507775222
682,610.6683364226665
314,633.2104340758692
347,628.4623729458831
392,612.6196372228713
845,620.7212634044487
763,602.6653896718826
610,617.8099281358634
1000,637.8338411758644
754,606.7937367371061
356,609.8100027131526
876,630.5504206322909
890,611.2711966942151
985,633.7180349555354
791,609.6396158261888
656,624.4334585268366
631,620.8670665479534
815,618.3251560276559
501,618.9047609199456
782,626.5788040759314
862,602.8899016842018
833,609.6228222402545
420,634.6173579305499
743,613.6162198978038
648,616.3217291495916
812,605.931855699735
570,624.0142470880793
607,623.0251585775773
238,579.4426131516495
515,611.4442965338042
285,633.4213764074472
873,606.9610607811323
555,612.1550943328867
776,627.8365049697043
533,645.2024501727735
892,586.2406213360288
784,591.627831330968
261,621.1564411207264
522,597.416131709058
488,627.1323415913462
927,611.338974101274
794,624.0735723201744
660,615.1069139538814
582,621.1631717145731
600,614.472553494568
818,618.6425251212859
825,622.2098282549406
839,597.1043246012581
325,582.2455787875937
884,614.8500476068901
704,626.8475108436088
954,615.6542400153029
786,606.7653469637595
616,616.3129233912788
443,621.4631483909869
425,607.5094360377013
451,615.2187572903094
440,596.5105464677183
987,615.793620306251
349,628.1216144865497
625,604.0051918554025
720,630.507519815485
524,589.180333175702
424,597.5352823892782
313,621.6513221958235
265,644.0872462975624
361,605.8860775868902
950,629.3317847249289
780,594.1847803913566
504,602.7278641677077
621,616.3981585358537
295,626.5340736380892
963,627.269378070871
469,625.172444035345
926,635.8907077368942
309,610.1848577279
705,617.9241458226658
416,627.3944657662425
391,583.5403924628291
588,611.6376708225317
371,623.8423708910593
652,617.7540487403169
648,635.1781677032736
606,636.1526219389027
411,637.4693858125527
298,620.1596038933022
815,610.0298929711226
816,613.8266097762289
822,625.4165716157003
936,646.4103127299892
860,594.2047797607653
290,591.1849012440271
497,607.0709584494131
867,631.9789075544141
938,619.1137846732522
277,619.4175820717711
346,625.8860465543304
385,609.200618599607
279,589.2812593930163
482,638.876502768882
902,607.5382902036895
563,626.2139987636974
802,605.7490569506032
795,613.9364120514482
644,612.1960461260243
409,629.8732244878945
378,599.1233788600964
818,596.2772407598267
435,609.5526038078699
556,600.4229331809046
355,629.241847366107
420,596.2399847234003
380,604.5813997742903
821,587.846857943073
766,609.103136901754
842,605.0345056772424
672,634.8990271968734
930,620.7884143304658
587,628.1120667731489
835,620.9829190592307
858,622.9082815184074
995,635.893197839526
569,629.1882632366705
673,606.7898870003612
765,615.907211505017
371,601.3083673344005
669,619.6625660682467
404,623.4742231949263
248,622.2652369163749
875,611.6560089908652
526,606.7535820493371
808,603.182371186928
678,627.9818229745536
321,624.8453810069705
557,598.9741376129244
966,637.8473439120829
633,631.5128355728275
820,611.7844201219681
927,627.3705702470454
510,627.9984685534972
418,591.2373172508596
740,631.0564645779692
793,623.8333030239147
815,605.9640077682548
600,624.6630544343719
941,615.7147058544963
465,620.6273358579361
1000,637.9428310215561
782,640.5708903953175
907,603.3251741019915
652,638.6775321609443
445,625.4282787516695
877,618.0969223529289
292,626.307679773652
702,601.032522714637
287,633.3267486473015
409,594.0281385171124
614,632.2185734404122
645,599.9161785831866
276,627.4277004471602
880,595.8442362684941
483,629.7433430684857
400,598.956825316129
477,618.2017495134605
648,593.7286744227852
252,629.4311839190065
641,599.5967588235135
671,616.4512953119386
789,615.0741498167883
592,632.6282461805887
374,616.3321740126829
405,598.9369809998699
334,602.7815321405253
484,612.4187116353476
867,624.6640586616771
316,600.6399763733134
563,599.8511451441815
821,607.1030020423514
893,637.6702086738143
259,588.0492440069903
437,601.5721101300473
835,608.6178169090152
791,597.7135756919082
755,616.0449160256943
302,640.3128929338151
699,613.7728464130639
825,596.0751979163956
912,627.0917333833944
746,603.9926294675116
860,602.5838826172479
723,606.0938479638056
598,621.0747763136908
1000,626.7489034629442
266,590.2295852911013
812,638.057821204333
354,582.2620921900843
894,633.0582337511855
860,636.7074885935897
994,596.4707343720403
516,629.0132832850849
612,622.5124034975322
866,625.1418190100612
819,608.4545699200096
615,587.4026757374638
912,628.1410566692733
741,600.2857720244808
745,615.195057190798
430,597.4985210956106
795,605.6219657224007
306,618.0350260999143
737,644.4976265684534
895,627.6282420970322
688,616.2543690036083
672,632.0604414990598
645,612.8735246052985
713,598.4322244205272
938,630.7773616665944
308,602.7939619638614
769,649.9169282752225
753,649.4406999083642
724,618.3985150295402
785,601.1698444157828
835,606.8978906222022
301,626.8736593323428
956,614.6965878785385
513,609.6311755257989
258,602.9201365783077
371,633.1073391784215
227,599.6101558384976
575,603.5869508018728
954,625.5609026925619
837,594.1914711798263
590,616.0813462060015
861,623.6466557731884
396,629.2520931912825
405,617.7694586824294
644,606.6972081971272
431,623.644565197099
879,612.1697428203508
867,605.439751873062
881,627.212072121715
772,624.7876037118102
774,581.5732477157206
729,597.1403626272996
355,605.1536082397855
355,613.1724534751844
374,641.7379012628705
819,625.885055964368
305,618.1423959833701
851,631.4526873370248
259,607.1950062801689
321,616.449768570964
826,607.4624889961467
250,617.4951022850953
537,607.8044347463775
367,596.0107178306298
687,624.9749596167778
870,628.2724397195035
699,609.2368829784652
310,597.9878965938213
473,641.9448812097603
783,607.6153756873475
449,611.3720842599193
773,616.1094296546149
252,586.3878377201104
742,618.5981556451105
463,619.5190221938051
331,610.3080471879947
595,615.3436257333525
763,611.621408329756
661,629.5307562733644
626,631.6432210048987
300,592.0429291101566
555,595.1031088778974
893,609.2585400042367
423,631.3626746084293
421,606.0148466623978
841,587.3585386966517
278,631.7568689599933
951,611.8438286545519
931,641.2664167253093
477,631.408133855328
593,594.5328192653445
833,615.7813561520809
785,633.4152986825088
304,618.3026791816574
725,607.6821162357176
388,616.8499713199349
302,622.395939531647
238,595.4175151019889
381,633.3843587549768
590,631.3953015147758
307,612.0604486501617
826,595.9897082870139
926,635.0196773035022
599,608.4162403253733
806,585.3925442312518
531,622.9611847143887
810,601.8110024411171
484,594.7052543202661
318,619.1318159739432
381,635.5910177555502
877,594.9876757983334
562,591.7856583068403
423,606.9699915359882
411,613.5717233484695
421,607.9110907605858
804,614.907316026575
266,623.2754912942007
847,624.3264204489028
393,616.503814684735
715,615.5881497709839
616,637.3834075424164
248,610.3669320126667
545,613.8329844559961
388,602.6566360313365
356,602.7662594098458
771,623.0055156017867
398,628.4473759339697
850,594.9511698405354
383,618.9001297275223
757,579.8465010151176
798,630.9582956894791
646,621.0718820549155
333,622.0115619292304
851,595.5975242513806
931,628.9111460220184
302,630.7692442469203
948,600.6100542517574
962,625.4064915625049
943,618.0862661007757
838,620.285541724898
397,613.4525294442329
585,623.9364330765599
227,608.1863190322368
323,614.4347907987577
862,631.3425311208872
320,591.9264195349928
477,599.2974016602268
543,604.7951439873138
615,621.2536140191783
773,602.7988801454723
470,617.0031209302782
293,614.0880611309111
445,598.8747156731886
982,600.0585063862593
624,600.6922203381682
809,640.2693593414808
850,619.1166731750271
472,606.847811428561
287,614.403657977655
404,614.7808590243883
431,622.678545396676
418,599.2898635013844
950,606.5641225828264
830,613.2598018824046
254,614.1054390762274
545,623.7961175909029
384,607.283853734073
435,632.8243233985542
788,616.6947104253683
796,625.4932729241542
445,636.7482863793375
369,609.0782948584358
627,599.3228810211488
695,618.7551285983626
379,603.2472133805738
434,621.6722655540475
375,629.1869281510822
314,604.9205779155121
579,627.7402472302299
734,624.3635770295028
876,594.0667941049129
709,604.7212338596091
802,630.1213107512964
374,584.4300502860074
267,618.0053513936239
635,607.8604922771572
323,605.8101641251633
483,639.2298745469279
661,636.6768465260383
298,596.3424114109305
417,633.3787375022793
985,634.522984046913
820,597.7863036000659
974,599.1123767256656
728,597.8338399038203
561,636.8764070910498
410,625.2938342361598
800,628.1934207187737
839,623.0621118282447
605,626.5500033566015
570,606.0755138557673
843,613.1538617321327
573,631.2488750797174
772,607.6206486675053
789,630.8128278288434
780,618.4072206203714
409,623.960122753002
457,618.0048708359705
334,602.7669972651606
823,609.1858388552838
560,621.9849299374291
325,604.8619045815853
935,590.5754628723676
435,629.0643290084695
902,615.6922034704538
867,632.2591738187817
513,584.4584570797671
399,624.6205671127619
862,608.6690943748115
448,624.628132862012
411,641.6119164570728
278,599.5440950270901
729,607.5561592706115
856,638.2490219346229
992,630.9316524237604
288,633.0055614035502
722,627.22433777644
972,605.246447795242
385,631.9665012453027
940,634.7277630745427
639,599.3907151021499
852,617.4167183904232
884,617.3021683393301
863,588.7604691242731
875,634.1227270427535
645,634.3716669678872
265,626.9384044470743
697,625.9063178614022
567,607.5695487971668
379,591.2733750970557
294,639.4004033023533
799,600.3563550627331
436,610.6111577580477
814,631.7020018457332
557,600.959474336713
383,605.7211049468043
780,610.3371004786014
517,635.7017698595722
272,624.930741364355
917,617.1492416999291
813,646.2740821706456
610,601.7382393626917
407,595.4804966535415
937,616.4972575511655
821,615.675005283829
486,611.9980816411957
338,613.3529000186724
774,627.1659688053307
857,618.6728066329877
700,618.1511929448126
299,597.2073964518303
308,590.3294623681583
584,620.7952666264932
565,599.1393428453792
716,605.2851383297137
380,589.8849341921642
864,609.7584743633544
219,620.2513039089717
489,611.2276840131326
330,595.2518745222413
897,608.1722859247501
943,623.2652063029041
940,646.2569847322521
575,598.2116398672845
302,632.6594567317703
817,613.2407933308513
395,614.2782410821197
372,626.1622462554884
417,616.5864695808366
807,623.1461600690302
543,629.1649306065644
772,611.1619627375071
854,608.6695654811674
334,607.7101158721597
592,579.5781302736507
414,614.0051804387512
585,614.4036836943172
801,621.3123654816811
283,625.6316950878073
876,622.7091547101793
331,629.5690885699855
968,615.2682617556967
236,605.4974702214631
821,608.5446422471949
593,606.6427986291961
844,635.7628830364769
842,596.1650745446466
279,602.8763476032063
713,587.3672279094625
237,610.4464989512479
778,620.319029320928
591,628.6094910481081
475,613.0133498028056
695,623.9537983149829
496,621.6958440703427
620,602.2697904311328
489,613.667964543954
904,594.3174666584064
942,637.8315217217953
389,604.9514440489313
942,631.2296278434594
266,612.1289988888542
472,635.7946029021001
517,641.2948932386532
784,608.5405979596837
798,616.8925881877119
852,602.909497363372
810,598.0228173063897
344,604.7804793929478
435,600.2630725913012
453,600.2006209995855
820,605.6197215279457
280,586.7642923356731
265,613.164072264052
452,608.8576497319013
276,608.8026127131942
902,617.4717878184657
791,602.9944819321221
455,615.1594022310449
938,623.1096443862283
511,612.3476103122625
258,618.2436794299517
772,596.0223151701391
709,603.5139987404498
966,582.4888020667513
571,626.9002787619903
274,620.5612793008277
850,609.7644289073793
276,609.2747454355158
855,616.1095628743338
553,620.265465970311
723,609.093202049209
329,619.5757730901869
367,595.3415205650921
963,620.8147920837606
278,623.1651792020118
769,613.8279365513478
627,626.2486189996839
362,611.7661907407686
421,616.1658331909484
419,626.2275397343142
669,604.646567882044
828,615.4594443645926
840,608.1962896967098
966,622.0937859896582
887,603.7438482698705
410,596.2458277355859
962,625.0356088654925
815,596.8110244751646
541,600.9397735583359
391,625.8102514625747
948,615.7246637800372
713,628.0987673613276
668,621.2665515325001
643,610.0992209902977
335,595.8762867589749
613,638.3364831329933
907,633.8227185966612
798,620.0297126178962
950,595.7126539613213
279,617.2137302003794
783,595.9215385391163
941,620.094163099211
306,587.1091195163272
841,605.3126301940106
386,609.3798967400038
617,586.3651053412369
841,603.9991737970856
875,619.3732414579996
301,602.5066347107971
780,612.8045822425343
664,598.7097071692309
552,584.4184682848276
966,589.8281815431758
505,607.8399685531314
564,607.0245744141821
810,625.5613724548618
470,623.477941129385
962,600.6910892476602
299,606.5472045123647
339,615.3738793887221
735,624.6542319795379
538,608.1888554123246
568,624.0484355633527
935,604.4999639321838
794,606.8025155086937
1000,630.3988195050744
453,610.9802208917544
348,597.286806830676
614,629.9315823517339
284,599.782073378715
644,602.1568357495039
931,631.1956057769931
664,607.0138354795669
566,604.1777897818757
902,615.5425824939115
492,616.598894289044
636,621.7755028881168
688,629.8733664686616
943,604.9337234699402
949,631.7852441248563
455,609.7450768327799
798,624.9179149232249
578,597.6414760805051
462,618.0658596924709
464,629.3937604270517
829,626.8708400061375
365,615.8664820013374
548,612.5393146241648
340,633.4929663146854
1000,646.1039907216415
583,596.4659603016336
499,634.3500739132145
544,596.8188770287095
394,600.8862877930247
438,629.0205213721747
734,621.8100271849898
933,602.9280129066748
556,606.999647486429
876,598.6652508825679
958,633.1892775875128
815,614.2668614643219
791,616.239072025139
738,621.6647387167224
369,612.4380070241772
688,616.075636747743
875,632.507149625151
698,634.3009878643854
289,586.3613249517416
245,626.261637502205
765,646.608501772324
849,623.4150410149913
601,636.6226124685087
725,604.462639692359
268,622.1472785929591
944,620.134415594168
792,624.0971217798524
638,628.0328629542844
569,615.4099973759442
921,631.5408097968598
296,615.8890959832501
961,604.7747846241558
889,639.6681430068644
522,611.2248558214193
492,607.33540332031
590,633.7634401698215
929,626.6806766064844
450,619.4986676682287
365,600.5431360839593
932,590.0456525283159
906,629.029222866168
932,633.4805456624771
932,629.6796499300079
228,598.3167937855962
383,589.1368385127367
540,588.7742796103827
361,616.0723175190881
728,602.9320315990674
585,615.4396748651959
945,636.0625358224596
448,641.2623834751422
268,612.4641697354172
611,625.4049701773696
722,615.9590582332424
834,623.2594022168752
243,624.6797528961283
826,652.4890631287517
666,601.7851389302824
642,604.4655460849594
323,601.4227585604388
393,600.5558969715062
268,598.8590499718147
848,631.3703915513572
944,596.5477864987105
599,640.7867589686158
463,651.4713949652532
649,601.6151506629077
445,626.6396319046318
612,623.8088230317869
881,595.2437800474424
876,618.7166622581632
930,597.6109835988725
613,618.6583672777795
925,627.2981423535308
283,584.6020990376734
553,622.4161300800679
913,596.32963064999
721,600.9875922650222
334,629.5600079338998
785,641.8613508323152
926,623.6960129883846
481,625.6771871123901
775,615.8064460163137
884,604.5888171282276
931,622.731488440107
772,628.9749742846426
656,614.771302892017
322,634.1268147086881
787,613.879028758993
444,608.9947468827505
395,615.799398884204
291,618.3443718496649
316,603.6604273002268
569,628.9554665630598
631,613.5618351392452
611,608.4472020268556
875,629.5980597457834
354,595.5173693716594
403,604.4127359734726
856,623.3548762245812
761,616.2530132447101
828,591.3469327402576
338,616.6596940880538
940,594.2419922853268
801,588.342394659595
945,595.6211558849483
305,612.5776657438018
713,625.5332541732865
457,618.545408280548
864,601.0138109487851
260,607.493385378208
417,601.7671217397431
873,612.268506357517
884,621.6420894327763
290,592.589323662068
651,610.0049494476448
591,607.6193182104865
824,633.9635606943431
351,610.7756238736998
401,613.901004855323
827,598.1371435448372
680,605.4070096364417
368,612.376456743338
566,619.5933409894768
665,616.4328327757347
968,636.8096634263361
613,642.451828480567
411,615.3940135797424
840,629.476312879944
804,614.3735136939624
804,635.384425596606
579,595.9420639637309
580,636.0789997808996
769,628.517591986101
317,613.2071356677144
716,601.3357905570239
557,616.4080415460296
808,611.9462298844163
828,631.1832043730321
952,624.7612308187947
637,614.3571080587571
376,610.0620804630388
391,611.2563047434527
370,629.5239263875108
409,617.3942561574527
878,623.9232772166116
338,614.4192084519384
401,615.2224226570781
849,609.9915397362771
436,623.7840230370908
909,617.8084041988203
865,603.7466122728441
734,612.0628864597873
794,617.620075454327
345,621.5207085859976
828,647.0243829227136
813,613.2465074177419
797,644.5864119069777
283,594.3827609775782
656,635.5190846106774
346,603.4667039841091
621,608.2035062865964
256,599.8005593923654
499,626.0820838272062
579,619.9763679275043
472,595.6068057731891
806,626.0841417863289
920,648.5157706107316
909,612.2061780992373
917,608.787296112874
498,614.0044123021694
429,630.5826265808181
793,622.5438108734145
266,608.7299619842308
745,598.3273862444353
987,616.3940036830834
253,628.6428861940607
790,610.2259921706674
717,642.3932729528627
613,604.4884846190173
283,619.2699750397385
641,638.2903731490705
290,597.2489129195815
383,629.7409655575581
426,599.3329732926644
461,614.907262569731
566,626.495272909222
287,621.1234427235058
444,620.3127266416517
835,631.4083114841985
459,606.5595681238033
413,605.1533334683118
850,620.8620200874623
526,602.0776124548136
621,613.1997609403874
921,601.9987308667393
970,614.7154662159769
669,601.1763505354764
517,629.2954912118081
828,605.5528289240577
419,612.8081885899966
971,617.0170963476835
797,608.7860307542076
866,634.5359217756583
267,604.6641032948515
455,629.988800643983
444,597.9087492779554
620,605.9761748590805
595,628.5446514354278
836,604.6783756145722
331,617.8608906291358
263,605.5792069763166
805,629.0462704780304
899,596.002902623475
868,636.281602123483
747,610.8575266109091
423,601.5135132041413
916,623.6945083078595
531,598.9985244742361
678,624.9154015414508
554,604.5919893162735
876,632.3607308641998
391,633.7090243267065
867,638.1732598970192
825,604.8940919270959
664,600.3975123604599
727,621.6848068403957
633,626.7504034602404
884,621.5525876047626
402,617.0470662476705
722,609.7643690530113
835,597.8404905925247
873,601.2595299930503
429,625.8935772610658
381,601.659619033044
358,641.8451193143376
468,599.3772738430475
764,623.5731856376356
728,597.639865526833
274,595.7417553441638
944,613.815795521787
347,612.753544055097
418,633.2264917838213
891,624.7184875065091
458,593.8981814987786
380,618.0172873142604
451,629.7764095031305
264,597.527754931986
951,630.4065735749346
364,591.5934864040505
740,603.0742329012975
783,625.4165628379985
543,580.4894519774211
899,629.1997342911089
544,597.1083484776472
795,593.564860594105
884,633.3318093531117
298,579.1577286878899
529,626.6169891150826
459,608.0526644085667
743,609.9050468825415
595,603.7022881015423
843,611.1185771490941
516,639.9176843850094
900,626.9533658822082
783,621.5050531593258
868,608.0549461774166
286,613.7076056210146
538,622.589780197963
982,621.707879016967
940,594.6616250146149
648,628.5140150108855
535,619.1677407513148
563,612.9195638888674
258,594.0397559097918
802,606.4169696104209
557,615.6099736892573
500,621.3217221701183
823,602.4389317174837
588,622.3028591530841
298,606.9264930047688
928,585.0889984354526
749,618.7202641873284
802,613.1469995969495
555,587.3849803081969
489,629.8256631635722
731,637.3663554748954
405,610.3655206615084
917,620.3622967082188
358,590.7147912010516
705,603.9081274085781
822,611.085554362802
905,624.5709921949343
620,617.4097129344259
1000,616.9616934844893
512,610.7361834028071
981,612.5247051815549
299,607.6091219588495
740,597.8638782413237
835,645.245392446189
1000,638.5709199056591
428,629.767415044014
920,608.6383152725886
796,617.1142303209526
630,622.2703139470111
591,607.510225838334
402,632.0414910108742
876,627.7899171415023
277,641.5791117118348
593,606.690830931747
373,595.0632018786547
564,615.8293707283311
852,588.8307125868029
545,609.2424889116388
826,598.1027025801769
694,610.7205097678452
465,594.7950174092598
393,617.2818481424149
868,610.2112482678262
434,628.7339713697297
426,633.5272471723806
593,591.5084095764802
708,641.9038389294968
743,630.5249080526552
861,594.0140841449645
685,635.8620562361732
631,629.763604855136
490,631.2063131181827
260,599.2939843020267
499,614.2862582382982
472,598.0953958109849
736,632.6712269265023
542,635.378433024822
513,588.5466192015621
813,614.0425870252509
839,596.9249264331776
824,599.2891058600782
839,602.728795620655
911,615.7082071908003
654,628.602174360992
971,624.2300465497992
475,596.7525945730356
829,634.5099970064724
577,587.340278952639
572,598.806172621272
435,610.2862880010136
884,624.233555075398
464,631.8265218119217
710,586.2066344641488
396,627.2675974089826
811,639.2368405359122
231,606.79083549045
637,623.7524431567034
777,591.1261799211168
939,608.3825128983158
621,621.6273516657417
267,604.19218210755
697,600.0269653361667
608,608.4109412740653
896,597.5447140399281
833,598.9989332456498
656,630.033032905578
472,613.532437088322
898,632.8337116382305
678,598.3186589325059
315,632.6684241922901
975,636.7997613580359
564,609.9114697109624
819,642.1036087304691
773,595.9909142688167
519,596.84492992572
902,610.7109381327369
338,616.4966168601861
911,589.8734906653707
853,624.4016433987522
699,624.5946375505905
254,619.8642445602115
249,600.5996548116004
494,617.8003777049354
738,632.1215744734097
880,632.3731966418014
554,624.9423115779371
390,623.8186243905086
807,591.4649873517175
509,628.1835793797003
903,589.0629178702258
387,589.7153695116249
849,609.9142471005573
445,612.5419847985208
767,616.4339830654677
660,637.1818087338135
583,638.0354411977249
741,615.942717371376
628,606.5950406573832
859,631.1638776933426
611,613.4882499229274
883,591.503760999654
384,615.6717811620168
761,627.1768534413509
908,608.3804474788307
902,613.053776282128
522,647.7795368478928
874,601.7003349002558
776,615.6734745233501
370,600.8675173576834
687,626.5031180367924
952,623.3973886826425
364,623.9396899417237
611,600.6086412506587
961,644.199683160094
656,628.893490212247
739,610.2769325718858
341,644.7946350817757
681,623.5616805622616
812,607.8689870705513
927,593.0355512580679
466,599.8614380981476
298,594.6080948370086
737,588.04691376334
608,625.4161440823661
780,622.6515194432577
877,628.4702012722422
775,589.5653040525159
491,617.8277686122191
841,618.9452754246137
392,595.2596531990008
292,594.8410397935955
537,601.54149949057
404,625.7026516686503
830,629.7772908818395
779,599.7677520816419
395,637.9466333471601
245,615.6523345706909
860,590.0783234442321
606,608.7763761112741
912,592.3332056523132
275,624.0070549052994
683,632.6554906016993
934,615.1510949017355
230,581.2594803635121
514,614.8700181258397
811,594.2809601052152
287,599.1685362868652
818,585.334146164202
316,608.8189041126658
329,609.1526758551615
254,596.7078700971916
607,610.6635483481033
833,630.4690180405019
405,583.2246641401887
901,604.8571866678832
300,603.6051104853091
772,578.4020549406065
882,636.7387944222614
907,620.2348606418846
864,619.533994792782
292,598.1352212856411
374,599.1471928474116
448,623.1724322986222
744,609.8965852552863
984,601.8228618956327
294,615.619584015745
340,622.8388613079153
321,627.6273272672727
271,616.3928212437885
581,605.0887834370171
288,594.336357943578
530,601.9267854175879
434,608.2280308478552
919,618.5921839161444
481,625.9666652462819
940,607.5053629905058
886,606.2419617338883
434,582.1135279933798
829,573.3328129793033
612,599.0033766899613
259,578.463465901294
274,637.0725848240681
824,618.940689203091
801,632.2107214017685
575,590.2724721342792
801,619.4062686291161
828,635.9018603752406
671,617.837135562404
454,616.3479438936985
508,608.3084463984632
648,616.707852614713
417,645.6037042345762
895,601.1081296571597
557,641.0726873086178
269,623.0804043157183
288,590.9854302402118
429,603.727349760705
610,604.1270238252896
851,594.452613266675
455,623.8175863824848
710,605.3229559594199
882,602.7781122078483
589,589.8758505676748
378,607.7349876674343
813,613.4976481052539
517,574.108216848914
634,631.2604885150663
954,634.857746879212
870,629.4577244126981
495,634.6698667720087
335,598.500601403161
707,620.5460296392445
711,594.6263659171478
254,626.3464388569506
307,595.2882192498021
386,625.5452296242513
908,601.576000796066
863,603.2255859089446
796,628.7364073189789
442,614.1156613369376
321,629.2345785735884
355,620.0380998625104
486,611.5285804633118
579,626.2258276935954
318,609.1420799330614
947,603.0282365991935
786,628.8076525067481
816,623.8308445576464
482,616.0892926963419
348,623.0049038302726
547,628.4056480768106
473,627.7517403727544
701,619.2524719783509
426,617.7804285298191
327,615.0936045131311
481,599.4923041733707
652,596.7302181865583
890,592.9877243843878
823,625.8762290960342
501,623.3184233122249
552,615.2101359732166
970,586.0056206956014
223,615.958474017712
763,622.9406117854192
840,614.8207524486367
886,620.2414004745742
889,608.8657966086181
259,623.6035855481449
569,603.7554287107237
438,602.3790411985749
636,604.9406114111125
850,596.0727645967302
368,584.2333229505448
796,623.2774398555858
951,608.8289580486785
462,609.1987513126039
513,629.7063421846032
724,634.7473940681848
345,642.2841907903966
843,611.5475401501818
603,613.7068144616666
976,646.5484054717565
504,589.2175112211839
394,613.1497864293619
251,630.6078293835859
842,590.8144997817942
870,616.4094350932938
289,595.1122624175314
805,609.6886364509326
627,633.2439344967707
773,623.2564054177096
439,635.0036373257116
258,615.60734111623
434,603.2036537493012
727,614.3184903702733
675,627.7095628387092
441,597.1849203039371
280,630.5531242219632
492,643.8069207460723
321,619.6451774011218
692,615.8349293184248
944,618.4528421605066
921,624.76929276175
736,588.2873122315693
462,615.9324389077516
592,607.7131850017811
988,626.1817071924863
387,606.7819231095443
357,630.4133937445553
830,607.7544169030351
857,604.3580432266648
888,611.6446223080903
881,598.7855100174695
617,594.1803556622931
970,619.7251190668941
316,620.6857427924592
870,616.0720220773919
565,607.3006473964787
539,614.33407683248
948,594.9680622222272
754,615.6974870145269
400,629.3211235960756
268,620.1810489908755
335,634.3029712484762
430,606.135941418101
886,591.9854277563445
919,594.4745648624032
776,648.2560649556408
296,592.8732500972089
259,613.0293233342138
781,600.2718587715187
343,627.9333308249791
377,601.0206621246556
592,621.050478213468
914,614.1447638696305
707,608.5373947563838
628,584.363788720912
909,631.779041747493
330,617.4971007435664
330,609.284568690058
874,622.971057635289
488,628.8140140906094
431,624.4694000937168
321,598.9900343086063
789,626.4984786952359
274,602.915869931778
448,617.7491982864316
268,631.8145656282525
731,613.8869150792777
834,634.6540678883644
309,594.2351031220509
815,620.5200233964009
905,629.580521729089
784,605.7613704106986
311,600.5275109625026
695,614.3755195494612
441,631.6385810521567
948,611.4901797846493
616,619.2296922401472
368,633.2725528418905
948,608.2360562674049
709,626.6060216447863
377,613.8390755288631
937,592.9376033025226
581,598.2111223727062
999,647.6782383917347
466,633.9409901235244
793,606.525387459305
598,596.487365232409
335,626.7829015655609
778,636.3482876035208
819,628.3732141350041
404,636.9520479331858
801,625.0787087811677
789,607.0109821547396
916,586.1462380592376
619,625.3761191800357
445,620.4001100479239
480,614.6619232220853
961,613.2977937907293
856,596.6027265172872
637,617.5090742193479
516,609.9298784922759
307,646.1460865234536
780,637.7341028089215
854,624.8126006954286
845,638.1553667892238
549,636.5955984770137
924,623.2179436469812
927,609.2766445882656
735,612.9020388589141
847,600.0114653208248
841,629.4075873661391
485,619.2624084235645
417,617.414646989111
631,633.2348842415369
640,639.924042114699
970,631.1270712304176
934,599.4624329030252
878,599.1030952981956
512,594.844767364889
505,602.8810565439809
500,602.4328238007173
864,638.0139862378169
851,617.9173803084892
417,625.4602689997084
303,600.6904499500905
750,607.8660912376168
411,628.2527494271355
253,612.2753314367751
384,599.5912883054469
291,619.197541003185
407,592.51314233385
433,598.1634382182341
429,625.4832198755167
254,603.9199488664477
659,632.0754838989149
415,618.5003700525971
899,624.3219313021561
623,616.9920847085955
886,595.5448931340488
226,584.8014561325126
912,636.5938438310377
724,637.9255776733456
349,634.0452928035783
606,611.2965723788695
947,627.1678800770117
850,619.0769802091861
799,613.8897653215823
425,636.4139855378312
302,625.4032878659109
814,645.7842769079508
724,626.0555161549275
252,612.1250497363642
876,633.8902402335868
374,615.5442642842719
898,637.8478484140823
563,613.1242226798934
951,592.0708854830119
262,590.6333106406764
874,638.3618289950623
553,609.4154304854633
889,609.9640723829025
319,613.1595364955032
461,633.9188497612093
497,594.1236767952099
882,611.3640818460776
901,602.5421946738617
930,620.9541094551905
926,608.3131147854427
980,585.1677117241226
416,601.4314019030962
807,612.3457879143567
388,611.9778246708476
285,599.5687208512404
935,605.0949863575651
896,626.2289937328468
570,598.039310193431
813,633.4086736690218
277,594.7432903863171
504,606.8438740459447
851,631.9166041964127
248,635.5538057857652
404,620.6948902532647
283,608.4762081290723
473,596.7956472975592
255,587.242628939768
812,623.8150081960816
811,616.7695989993838
783,624.8209752114221
365,634.102530988387
934,636.3694316446483
354,578.5629246397128
417,619.1958777855059
494,609.1808849703588
842,625.720945722322
609,602.5694419445132
299,586.0626800755596
301,617.1781776904471
542,609.8255930980546
363,612.3414473910966
963,603.1957975903516
404,608.0116234096887
940,603.1336656818179
636,633.3865310361766
497,631.2742611704647
582,614.6738881843744
473,632.3156022805374
408,616.5126010436499
750,630.3222069830207
364,618.6067349611754
370,613.6073343941042
666,622.3211060334104
652,602.0027503284143
317,635.16136860908
626,609.8458176995736
567,629.4343694161369
789,634.7056892039013
418,626.8494519872667
747,615.2326979834511
424,616.9208887003821
610,605.8167865228493
628,612.1318723616782
969,619.2790701489996
937,595.7030302631151
437,624.3517081504851
270,599.5738283490496
764,608.5463069620031
708,607.182329350878
240,606.726416583225
691,608.0499198952527
254,598.5141704287514
672,624.2412603215089
576,633.4289633614873
570,618.1786050720254
906,614.8635585981054
323,599.3178610191777
650,618.5631471793989
556,595.1853292288215
468,590.2721598781486
431,628.0479655398872
580,616.8974868452462
368,621.9619705293047
291,601.8173975548841
762,586.7674541272398
798,596.2947515999376
652,603.2154657591725
692,610.3548114986313
536,590.8534337269939
723,599.4088200103039
575,601.2039168535554
613,595.3878829105067
568,601.8059490577283
927,615.3395520168242
855,635.4152387788613
338,628.3667425102358
483,595.4351736727639
947,637.8357329015485
620,634.5492144960011
735,632.9006611476756
843,612.3494846278048
982,613.2723264185639
677,598.4713310878412
313,617.3379644820478
383,615.9105305095906
956,596.779604815838
758,582.0632622770753
543,637.5362779048126
523,643.0242750413886
802,612.5022719847027
877,621.2940806105529
533,617.6021649817424
364,617.1969763085023
252,617.41978015156
430,596.8792514164244
388,621.2389117152014
812,627.1866035644492
777,604.6903556346693
369,631.884821410134
389,625.9219953288764
947,616.2207795307169
778,606.7244119759868
593,621.7969565482313
549,595.786275725458
370,608.24899027085
931,609.5286119690337
824,611.8711458083404
966,583.671511343724
532,606.9348508684619
379,636.2854868252098
644,635.3538057418449
865,588.4631865280259
846,602.2611502598725
301,623.4214104735706
880,588.6523865515408
522,601.9526886844824
717,611.5133653007025
739,623.3627554917624
952,628.6885363344351
402,579.5522148888349
821,623.6616960429625
602,638.3410777733883
841,620.8597444842771
549,612.3134968412082
244,604.4251419725476
574,621.54059427715
242,644.3748623708952
495,610.7052661984259
787,612.5404204313769
619,623.916198617931
605,612.7311833735372
408,612.1564605679097
649,611.9451414521325
675,624.5689831547304
973,647.7493044657044
897,616.1427802830261
999,615.9319991512956
612,616.8866121976527
929,635.3326577322154
571,601.4668955271947
290,634.3895608370644
800,609.0398992418275
434,608.741647123749
444,628.3630561901657
279,623.698706086059
503,622.7558103099441
713,616.4883214614154
802,599.2825915822883
629,618.1499681098516
596,618.7934576604144
718,597.4606246563565
944,625.65130415091
421,627.0481437827459
424,628.6769845339355
452,607.007586941653
217,621.1065146055123
405,625.831732446714
232,612.315595966797
490,624.6401748798196
705,615.0642210593536
311,630.8546904675502
290,629.511065831246
772,638.9705497595617
846,631.632736765652
842,596.9802044689782
311,596.2835632958908
925,609.1710821362818
793,627.4118688088931
872,582.4599547229905
440,603.1659551170239
937,618.0717804275178
634,606.9252577766177
883,611.9316703179481
616,642.9214276864899
939,614.0748812155629
562,606.0146423791008
325,631.1351085603442
902,604.9004525310677
451,587.368938494194
280,608.282759523848
228,594.5905716957507
347,617.3126691142403
435,615.3692771001868
869,610.2269227833809
349,615.227558098681
684,610.8666887540534
614,613.0993190837869
837,595.1276771453219
970,612.1770104226134
715,638.1735104469254
751,597.4350986766387
520,621.4302215422314
698,624.7948747535758
903,625.0505980773119
318,609.9553452965098
461,585.4081626841161
913,615.2415803360786
957,603.4785851677254
935,618.3599770927868
597,622.7404127329768
821,584.1608135334568
848,607.3963546543538
553,629.3244187857699
762,639.4287467797624
825,620.2571683828103
342,612.5035649455895
433,640.8026316886865
681,595.6953297159035
306,624.2405300789203
838,607.6276714366019
615,613.9512996881039
932,609.6343521277881
823,595.2174891198275
969,626.4660208470503
277,620.6236870697469
894,605.1596436187974
467,593.7748755006573
579,631.1463179785575
746,613.1405986558574
321,599.7138968551769
960,628.4504227943818
583,631.2770617050223
889,621.0075294780808
808,618.3772700970047
699,612.2066260604865
278,610.3763136623212
400,619.7136860398354
288,618.0039280002579
829,591.0646766743258
251,603.35795824223
265,599.5296816200756
437,608.4041015398124
811,589.7462202606024
257,621.495125519342
294,621.5352022174388
254,603.499698264792
871,602.8609345935948
484,636.9365341352591
897,627.1454321680949
325,631.4250701461692
745,628.2036601537083
730,624.9833518723603
262,613.7081360615481
766,596.4510330908943
316,624.5623373138777
547,635.5601707162343
964,623.4736318987417
752,606.485111597746
243,607.8886621254469
952,630.497971054382
304,594.2842933312736
701,584.9897539666986
573,632.7883265767728
387,611.206876927163
553,635.8815241075719
738,601.7717184041439
876,604.9745765646989
397,603.1498951795693
329,601.3340000570432
945,619.3968052571676
948,616.2560129705644
294,576.2164988690704
767,623.7267037269282
966,621.7757370723477
393,610.2985334346234
474,627.093028770105
824,617.1198415062295
877,613.6644852698487
540,603.5160085952971
704,612.2870424695617
841,616.9541435944578
663,627.9415583298213
476,599.5326420037497
808,613.302773529277
945,616.7688587359712
668,626.7115550901276
523,616.3839787173608
509,609.5457392898207
539,630.3273086187824
616,604.6647822464781
721,648.5840059830123
286,614.9212217532202
466,608.4116015903801
425,628.6380131221207
837,608.6120066210632
435,630.69338906984
891,600.5810853600112
765,628.3011478491497
713,613.8014533157631
422,604.6741135871213
474,602.3230659010608
633,642.7184950454443
432,614.0594977916555
615,613.7006242198354
863,611.7619551306917
993,618.2832185388364
278,616.2724478160688
801,618.8682605136421
638,625.7783780352828
634,623.3064398512188
975,595.4373611049389
805,621.5577838971351
879,622.580957549025
328,601.4751160115317
664,617.0085202847075
595,615.8741394224757
749,622.7216602310572
742,621.5052281901911
468,618.7653132452707
934,622.9276621009931
370,604.7740248929225
612,631.7104481817236
739,638.042125236815
807,629.3974124619697
415,627.5795697713522
293,600.1850055269532
867,594.8648427958856
967,631.4004526940918
429,625.2456500767917
669,600.1396829537821
478,626.2286701742336
527,606.7001687463261
269,590.2404398718061
703,617.4170126009735
657,639.506596045384
286,618.6299474287888
909,605.7051753573694
391,623.6807041068757
721,605.1474506239581
851,625.2202980344117
807,627.1191772376196
666,626.8283630730791
369,628.6424761766398
297,630.2095521291785
471,619.5754680940955
900,608.8972349328529
351,635.5535209582124
755,605.7584591448551
562,628.2299248337897
455,610.8119303899008
399,598.020912367771
709,581.3001429367622
772,608.7572776244612
432,631.3111778304583
530,596.1409873367098
886,623.7208715300984
776,639.1166434831845
504,634.7013726801798
575,627.1545506311134
398,638.4448173943445
655,599.5220567403338
522,616.363836484164
807,597.8211692190305
281,608.5910220080544
485,608.8517563470429
571,626.2298240440082
948,614.4647211642111
497,609.1290924225368
429,604.1788286919214
923,618.3813390730825
798,619.5323346793953
469,619.9296607366953
519,597.4538778927276
445,637.1828665640826
277,631.580416812147
394,614.8135971280501
461,637.5472449585442
435,604.1899316464073
761,606.8086119506335
881,613.696664183697
366,589.5924845688206
466,630.8943674492099
665,622.1134534580889
560,592.0851927424098
894,616.6018050018807
839,607.3060004558714
923,631.9135361201095
797,608.524243529875
826,616.2685416268858
802,632.954581972148
758,596.8892161807529
972,629.2256380265051
800,622.3164520591268
572,632.194907701879
348,626.6829954822914
659,607.9008634449297
441,610.7898992677495
303,622.3217900624179
858,622.2601090782503
413,636.4813607297679
371,624.5136363555409
824,624.3606853832323
1000,592.7708545056573
372,606.1085339141649
807,613.1668873479726
274,626.6439679433707
347,618.161855500886
657,639.3854142777931
695,609.5403376894799
416,629.498234376432
771,602.1733372698849
921,603.6742975956291
711,607.4841092361548
363,612.2624144700496
823,630.0332093959848
273,630.9212051984525
529,615.1386646935945
464,602.8763631971061
962,610.7810374798092
890,642.01881396094
533,603.3848070463639
377,602.9155247305697
307,599.1270381388654
839,627.3273887108243
330,632.1663032293213
363,613.8439610020993
548,615.8866476792764
398,600.5570673078838
296,629.0770095079333
398,633.5623101573115
230,590.6760549149
573,623.1969052455768
806,613.9113223178869
465,602.7710357161609
707,612.1815335454538
883,628.181052574414
345,622.7121831510495
303,626.3093145459509
774,617.8275538977543
625,620.3699235696993
424,599.8878771013931
236,599.166565628148
253,613.1288188024974
832,610.598949616241
922,625.581847707416
433,612.3906756698208
588,603.3925697299035
325,631.1969919516239
534,598.7070235496054
321,584.2187239805312
482,622.6571372892112
337,616.3826504280423
848,621.1186558899658
237,625.3472197763334
588,631.9964030996769
844,613.3089500950013
269,629.4564538101647
786,625.1307136606407
963,619.0162305953252
752,627.2007048558153
728,621.0362194473837
714,622.7731930973088
251,593.4226703575808
676,621.6663353060666
782,613.1944392764153
594,585.5170748547773
597,616.4864446030091
744,626.649887242699
289,630.6359773186688
305,615.4934036910279
762,599.8082502756143
911,594.6255676998672
570,608.8443821455653
638,635.9298009202089
419,619.4326769244369
853,602.0890002915507
754,627.0927204739168
306,591.5546875916449
850,606.2847740998277
274,600.1116199391814
868,607.1299872810257
560,615.0414102097762
285,614.5429572813701
800,614.0083072851032
391,597.5932396374311
546,604.1846459468311
811,622.437884833633
345,600.5297990157733
853,613.8633709229192
435,595.9637213447983
293,606.3569552318223
304,618.5245965466457
289,617.1041940585453
552,599.151814770279
874,621.7278242438065
370,612.17054711569
831,606.3765237542109
475,602.6932189047524
911,600.5371060783149
426,615.3465359821544
841,585.1919736752576
875,616.9771763799694
831,607.8835530952479
342,607.1518087026958
423,614.0866547923365
426,647.1137521734603
801,615.6643099148264
774,610.1494955884735
668,608.8964332252016
293,627.5187341815542
754,606.2967212581483
754,627.2303328304049
664,608.4208700070297
458,617.5591786746393
279,614.9454909325036
879,618.0047784611721
884,589.6203832765806
724,597.0932075773512
660,596.0156580302602
839,616.4542927992196
529,618.6238766915601
546,603.2049595665592
251,631.397492514899
554,623.086623687387
573,624.3063728743119
853,594.7870279813834
669,591.098292552017
386,622.9413649025702
734,625.6654161764566
314,621.2995029736845
817,593.49712555193
634,619.2108829846228
455,645.9192881959325
503,625.2724501433357
311,581.4431404457107
466,617.728875473264
554,615.7755923972801
419,614.1132177406166
344,627.5872415890925
531,609.5223611050158
691,601.2023527022732
464,619.1587979154609
838,587.8295152404346
673,595.0649595856875
931,623.5173996128117
717,624.2639255390603
876,617.4564325748619
268,620.5737203669763
472,578.1992661171105
762,612.656186778885
301,634.043404328885
398,607.6453571936738
525,628.4874767536066
514,612.4694283040703
444,630.8975288710831
842,625.3173383251203
851,626.5838063413082
452,606.7667512943694
241,589.1219375625888
308,597.2200668881759
551,626.0238869722075
230,606.3009121574113
821,611.9780040254964
910,604.8160146911896
744,602.7797137417156
461,621.7480811331553
817,620.7157250618961
423,617.6829879326789
330,604.4988474787544
499,599.2873959997985
274,627.5882023777898
643,619.6579701970071
906,635.3126221514108
357,591.5601952583072
782,631.5448745350263
820,635.8278917793257
272,614.3320458456427
465,618.3515487160278
624,622.4497512644359
305,622.1423546403413
887,607.5098596186396
794,645.705921614293
751,604.0169693343942
433,608.045147036877
330,636.0530136601138
318,612.0395329412268
941,600.5338247748736
653,620.6836276475141
304,610.5305954483797
898,618.9882264979907
485,628.8638031700056
714,601.2319609616709
591,596.5846378017129
977,639.1866781804422
315,610.1034968563582
527,625.7366164299779
744,606.4848270305887
921,610.6324748736231
451,612.4177826768853
264,601.8206322018658
269,642.6932258535846
702,632.5053655622473
879,618.4324341052584
507,633.7091482432124
535,633.2473562184322
827,594.6824730917083
445,616.6529554201704
408,606.0470245015721
297,619.2564074440419
797,619.3125659273786
967,632.4377574354829
833,594.0068094574916
773,619.1404743831226
657,626.2851837023286
276,628.3730432606073
890,629.2356039121563
326,590.5187300288344
629,632.1264769224475
625,615.6294797878702
831,620.2976595650512
601,630.4178625702878
585,625.1312549624652
789,610.2718116501323
317,607.9012285501256
709,611.5931209614537
382,633.0340655817743
952,607.8914033845153
828,612.1235805324055
692,630.3104799062779
912,618.7179636741793
676,621.6655301070356
532,624.8605826058985
659,615.5001198217412
385,599.4404635508414
992,590.1994773794978
583,609.5410062869877
302,632.3113531450982
488,598.731662763514
711,590.8163920107288
446,599.7060394888938
356,611.3790553658213
490,627.4711067405798
415,598.2639457566257
301,587.2601307499546
921,626.0664432003258
474,627.1391023374804
962,597.7249847018792
264,585.7914260597581
342,627.9729529426127
629,599.5343944246653
375,627.2962554793322
816,630.5227091236767
450,628.7714570808356
440,603.5064883431323
292,598.5652065036544
803,610.8063226781193
294,589.2779262718308
812,599.7260583120134
316,632.8299104605096
715,627.9044643810198
755,610.5877740004291
584,620.1739350659802
830,607.7790575346223
454,609.3816891193281
885,603.5239038420438
506,600.0923961093515
532,608.5066131139874
292,614.6259406638926
814,601.0188787870336
578,633.7576128213381
653,613.2303187690256
828,614.0567888514007
430,632.4679352166862
850,603.3710461984568
372,586.3803120525665
353,593.6256781395248
391,603.0508433984974
744,611.9015668167773
373,623.2942491123573
626,627.711078510411
708,619.7805730588849
272,617.9695823658504
956,626.5091230121329
285,621.3067140841738
395,599.4342174665677
329,614.5841294453327
398,618.3054987209755
697,635.6728380470958
873,646.4898261831313
198,619.0977523155867
866,608.1606758705436
833,604.550511178116
510,635.1276436261094
936,612.3498387875179
364,610.7882619108449
955,619.7983068578864
844,613.7639675743562
424,597.6808043024806
862,614.9675575920178
291,619.7094618403548
838,587.3935373028912
577,610.6380611176874
551,640.1979150314941
908,617.3082299524909
886,649.4030357993317
636,634.6081116400081
664,605.9317738732904
402,619.542038380201
859,628.3183255120841
405,621.7905343919596
812,653.8385867173081
784,601.937667761748
606,635.1767567736488
643,630.0790186563801
839,595.4937382986665
807,621.8804421689624
891,599.208571654819
384,643.9609319152493
640,593.7168242984785
922,585.4970644035658
672,590.9335844481776
269,617.5675665389991
756,633.7801603449216
253,626.4430420631462
827,614.4096002009815
885,628.428384430795
588,609.3770547377998
482,619.6300401614329
284,611.7683593399164
843,595.5417185542236
508,596.9069862229068
909,617.167918867267
355,610.476448509875
372,584.7429913892828
446,614.1424095986331
675,628.08743392977
523,600.6921335871575
261,619.752741422601
661,601.405342679831
450,611.4901036445711
495,618.6774403557048
780,610.6920808694445
558,596.8353095993592
737,613.6742349026823
316,605.2769687104835
899,620.8450124542077
777,623.8469750965139
889,625.5459680773396
425,621.3231175458271
699,624.1139920252472
223,622.009067555584
844,621.1795473885993
757,600.8564286695686
644,624.5376940766424
378,632.330851651395
577,618.2775189551772
909,628.4254789420609
368,596.6717722977268
621,617.2588149288081
308,598.5738663778666
388,606.1798194009975
829,632.4192136165491
852,631.190862787832
418,606.9990606336868
373,598.0572490348349
501,625.4142047305332
549,627.6735945187507
792,597.0856664477702
311,604.0392755882287
349,622.009460146569
938,600.5131710455619
416,632.6286762591305
437,618.806722194449
668,617.8654522555489
387,597.4896659344672
294,581.6457184238651
403,628.2400955428988
406,620.0816270309411
441,603.6697877046984
873,625.4314549941398
318,603.410852834196
716,618.3438476989767
530,631.6122985795428
836,628.0736458459585
880,621.7488619677526
817,602.1657093171319
849,603.9998258435895
773,615.0131321525887
713,613.7667894932615
287,605.0652267141207
457,603.1460512045659
814,629.9403505662816
794,625.2937725323364
466,611.2533874936221
753,619.237693989027
622,622.7433188406569
461,618.9973383889729
272,603.3742507319538
798,599.3164094502157
654,611.9811091669144
297,612.1131220337649
280,598.6824135162075
364,614.1890790678794
392,594.5441933874391
583,608.8468324551869
289,596.1281248319218
924,627.3438821880914
285,612.3946449278463
805,630.9897000090947
813,640.7864402318162
736,593.4490925602984
651,593.6462844133874
738,622.1743817990501
684,625.3632241580152
846,609.4408708333256
861,636.6173483668852
320,601.8265538690342
804,624.5010210891808
932,603.4846146131928
687,633.8649523097288
388,607.1735426595219
594,604.305628539576
897,592.4089595008364
916,617.0737551098374
938,624.1187182155307
889,637.9890649788831
792,615.1649367267188
456,608.051616022581
445,627.1436878615145
830,617.8369234380891
453,633.1075294587835
670,617.6256074607575
408,607.2009225133647
359,591.7897001051274
280,611.0589358173181
569,615.4601354861348
460,612.4207364291894
482,599.8353342445319
857,636.6150383286974
292,614.7811718632614
882,600.4933862664985
757,598.7434173438979
929,612.9540995284534
426,606.3520905932203
606,639.5357613814838
457,613.0286480155658
796,579.6234804182333
295,611.9982339621773
829,622.9192304186354
726,634.109932137652
322,613.560028598146
237,623.7120047570965
825,597.0720105528281
437,637.4051958443531
808,628.3190887587745
597,636.0740611948428
658,641.4728274309812
329,619.6580991822832
336,617.666508616179
912,602.5264106947917
215,585.9055083290791
582,580.4218712249333
306,606.3317441348562
795,612.7260905611533
546,646.7498319036682
341,619.7123024207332
812,618.072005575886
810,591.4908501686511
652,632.2182839579133
508,595.7615529875311
558,615.2989497052952
282,636.3504651722882
388,617.2966866361671
325,591.9255292351232
742,640.2384455290847
794,630.0313409982693
767,612.0100449652201
257,598.6371159383488
780,623.7057782054372
421,600.2805148285984
408,594.5242538123804
797,603.6869470697376
923,632.1590155907842
776,629.4496989487162
720,615.0948898041564
960,632.3775592176636
541,615.6664965529203
432,606.2140491868802
235,608.3893363605476
832,624.5195509891944
930,622.2672299765229
693,620.3658235302146
939,631.2045877805436
435,619.0825852798466
771,600.2212015438992
931,618.2046243931557
379,610.7438787395254
941,621.2864354965986
236,589.8962307269767
388,588.6172556013992
418,635.4525255533915
237,601.3732214059708
256,614.6951864242527
311,619.8855865168993
481,637.1858410117146
449,607.2045483388147
352,607.4506891412927
943,609.9707740763878
966,608.1058138889215
315,605.9997439480057
315,584.9955311055534
967,627.4018277743759
902,597.2986939632212
345,623.7612994293744
595,606.9884031700337
285,621.4997442770222
626,639.2057313038122
800,595.9407579098216
814,605.1898989269397
450,589.8349849336528
299,617.2087683491892
351,620.8859016707128
261,627.6174589923719
902,613.3242463094584
923,629.4443102816192
516,630.6688131099464
443,630.6440651095103
783,638.1865111485754
346,630.782130787576
940,611.5086137273677
270,600.7378918076411
803,601.0510261444431
404,611.6492361842058
411,627.8595638322396
822,633.0895208136233
805,618.9696358438717
476,597.4333340373832
723,624.804324101426
432,612.3058070332503
990,614.9009875586255
655,587.4771848007457
573,600.5196657096564
654,631.6446029383476
597,611.0143546870456
551,619.9702629885884
485,623.9900386509771
759,612.3417947584169
485,626.7140398051457
956,619.9412697592663
743,601.575622145148
878,589.4751319729779
885,603.589213967758
627,626.034931302546
892,597.3480969136596
937,615.0832760644645
651,625.1508788662627
364,624.7781620913238
904,617.6999251557356
937,594.5428101929775
690,621.9979664143599
841,598.5379458525965
696,634.0602037583246
778,611.351071340015
977,632.4212504074333
716,597.9560657893151
339,588.9455884773066
839,594.0306737586618
767,610.1960000530142
726,596.9757622994886
746,632.6669736098337
239,620.0910697448402
271,596.0225976118134
948,613.9739407986855
678,624.6209130302941
721,646.0043948303794
941,616.3070957653638
616,624.2748545461912
312,631.6251548668143
825,636.4515612830195
634,630.1536135190822
541,615.0649619623558
727,612.7029652529824
712,618.0782347717853
967,599.9940144983092
332,615.3731928844529
407,596.9775254315102
509,631.6421912556735
380,615.5864684540501
871,601.4064398145832
563,612.6580498652106
335,626.8207691762515
232,608.6646913322278
854,595.5085069031845
780,601.8707132202292
542,607.8075273921463
633,620.893351975965
901,595.0944500182742
547,627.738896909352
799,623.4749926284194
942,622.3463089444195
713,625.7156128207209
931,606.866379381315
970,630.7444686687054
386,605.0237583730707
356,603.9328188477574
849,627.4088528752682
522,628.3086176573388
851,615.4755352352416
878,612.7844062640814
534,643.7201015167464
468,617.2999037469019
323,586.2855844480997
577,628.7250714315174
250,632.4510885479162
785,595.9115169585201
494,633.1846928850256
354,617.2467120040957
780,610.4729076819416
325,605.5997085646328
313,632.5839134781228
443,639.4565626839359
455,586.8945952611243
759,621.7800706752109
932,623.5954602745165
589,603.3618412942342
907,623.7934592902418
791,609.1268743852949
910,615.9432317034363
465,614.6759891041196
790,614.2266572717986
752,625.0048855063457
632,654.384599359966
545,598.0648601512161
405,635.2424852443598
926,602.5321227873701
274,599.7236772332018
462,602.8183066418917
914,632.1419772807734
691,630.1241653536865
461,607.1867705627421
571,632.2944996491085
436,622.5795787298474
522,620.5818402569766
282,615.7572014774765
292,604.0074771527383
861,594.6023994913437
641,609.2759500626863
490,631.9798753814827
754,646.3728582464032
303,592.673710069966
830,598.5884999604376
905,633.3107919546695
446,613.239379291011
251,613.1339326672382
599,599.6671230192073
334,594.4228595388619
625,605.5530254991611
264,620.8036989082643
295,582.9762966193747
930,597.6368591142816
219,622.4755918344739
363,617.5422486367415
314,604.2941006038512
813,596.7698460297853
652,603.7870118025957
434,635.7883557198663
257,596.9055402501122
312,587.7767303826139
789,601.7425977109581
720,593.8359429863494
403,624.0031142196673
814,608.5514099687177
903,609.1068923954707
510,624.9232323473045
381,633.9932184136798
945,620.3518897687537
727,623.9492573102791
651,622.4235291000573
467,648.1923908377128
927,593.5800075021376
759,609.5971282441132
308,603.135078904516
564,596.0784567427908
641,620.1177174617972
471,611.617367610805
865,592.5850306760592
849,606.7965526180594
200,594.1100966429184
861,594.7591434596176
779,623.8792485598202
362,611.0909106699899
679,604.0985597827039
379,606.7312923589651
954,611.8664220303934
728,628.4329223207975
958,602.303200965144
927,595.2067285052153
341,625.8865616547172
303,631.735473322798
756,605.8372927725175
280,629.9706531626947
797,621.0855743423887
921,615.0583920240638
1000,596.1580760150379
933,599.411803634116
710,617.9116143820213
877,621.486204858402
726,626.3819347733156
628,616.2310303220889
946,634.1401525489397
798,586.2329156174326
530,613.6904365950024
889,630.0308696999158
798,623.4569858206125
415,630.0615233308642
430,624.3592420976346
683,620.6686982474994
492,592.7084303673664
575,619.7392708049268
917,607.5705628567802
278,624.6678006393702
384,622.0012023386176
773,615.7409416997605
941,587.695989973334
461,645.1077825221736
495,612.0005951079662
590,625.362331183122
433,603.9900073324516
626,633.1072399529313
306,590.7037676430523
917,616.1392294409544
282,625.4218882795585
388,614.9679683421789
796,626.2218653399727
886,631.8357683931529
305,609.1880684238372
429,630.1382538217617
861,621.2034343536762
593,610.3566641383101
907,632.8056364502816
578,624.4115512105684
263,599.8016612452353
271,616.6601633518694
758,594.5542429446389
831,589.321285190062
343,605.3045683115486
857,610.6185276935823
404,616.3729847845009
727,599.7352912599894
558,627.5053761050707
258,607.6349784223133
569,605.9383946122828
806,603.1089569508653
218,616.6131769738988
464,616.9646975961172
508,599.1610270607607
922,619.7599459328783
474,615.2867563340855
640,636.1768277333505
455,617.9482781508477
680,605.1372876798537
530,630.1979585822364
605,642.3928185291977
391,595.3927286827021
752,628.3654117875564
274,615.285248784179
872,626.4320775873967
489,636.3971502933031
838,614.2962860945117
909,616.9003950196558
743,630.2333366411888
460,607.0624610838697
503,597.643481227563
652,591.0691981447677
810,621.0139426656774
386,623.9868016768922
857,622.2326475468817
655,611.4847367026292
757,576.4249743639099
887,626.7769420905079
296,612.0027896215984
310,628.3438794792687
615,623.8780017116385
830,611.3471786570286
755,628.7975325008982
843,629.7348532744124
960,600.6985714416008
853,625.5292740967518
794,605.1806634206926
846,628.5666774507325
872,631.4582856224212
265,616.9528203190904
496,605.6941723691757
399,612.6318032919598
341,633.979994181814
341,613.1164047814706
813,634.3932170383376
913,610.7335650386034
874,629.4474917110966
542,628.1811129406686
782,625.9030265753929
278,597.579463095018
272,620.9708964266749
991,607.7257511673201
300,609.3905800056797
301,615.4103619737951
546,603.1672115348033
423,626.7435296770769
385,593.3592803312646
242,621.835052713954
252,608.9515676715907
977,622.618793356972
862,624.9036952487169
375,615.5049783343237
866,605.1259902330213
684,597.3850592572857
603,630.4266585172571
589,635.6609655769719
852,603.9858609612405
595,585.5186357653263
392,624.1511891972813
839,613.7288434685006
437,626.512846237084
344,632.1581064867562
715,620.0732576279255
322,623.5593247513107
278,632.4874534629442
462,594.8921039206051
758,633.9649586452576
929,606.3675086570456
618,611.1380470429764
326,639.6613635150349
790,620.6442907918582
336,615.4819304082608
560,611.3824338144553
936,607.1920479880699
599,634.1535793385266
260,606.3175142511855
666,600.4035545321337
867,607.9248254804213
355,591.178056325633
430,626.4207239332102
478,625.5756650848085
913,585.0839200491248
598,630.2933391970225
617,627.2946847333259
594,633.4620968047284
891,633.2159704048584
917,622.040039826289
827,631.3681694788613
703,623.8897571456527
741,617.6366193023765
686,629.4334412289617
536,639.0833385984417
515,627.4885745671726
842,628.9988081500405
830,594.1396171988222
553,600.25660219138
918,630.1148251686102
401,623.2870546903259
924,607.2218060307364
867,641.7276380940764
298,622.0408669506893
403,590.9861582157695
824,609.4577994404258
866,619.3218957207846
481,602.2716881513354
427,594.6847046585258
658,630.823799420418
443,613.1455437467881
843,623.3961177731218
665,615.3059013512236
786,592.3720740004966
425,641.5786644967652
601,642.8062937876437
813,623.3973925187411
774,597.7883969073706
816,618.9040351649714
329,632.1143162587671
396,583.2932446678233
285,625.0828922244008
836,620.6044515572572
787,621.1804861905268
516,623.9928551949982
955,621.5488905890725
238,591.6609587090549
682,630.6975140294485
601,602.7871068779605
288,621.1743725483058
550,601.4456210759195
472,609.4762188468808
508,603.9429983588682
453,612.5613257455055
329,646.4716726744471
792,629.3092795615295
906,619.3302642023291
243,601.293784602187
521,604.0713056650053
694,584.9267981717336
880,621.33789041176
449,599.0150648642526
589,602.0103011871914
391,594.3969747405753
379,620.8209493563168
890,619.1197271952498
360,632.3691276316036
690,629.4960101842177
512,611.4606741457708
459,631.8656545714173
768,620.0930436914803
754,612.9361902838588
836,612.2219588986501
713,640.3612212277285
874,595.034289710742
458,626.4520352815505
945,610.1501255869478
949,620.2982962488301
807,626.5711497581763
886,606.414537648707
910,586.0236310162363
508,622.2153728991694
612,599.3375481564195
439,638.4946702827606
279,615.1877396924093
542,599.0123457178966
998,630.8280609168019
546,608.5100443093933
594,601.6645024180053
456,635.0465619357793
436,582.1185774903801
517,619.3473426492365
582,633.7794054705095
510,626.2034060575702
811,602.3424522776548
276,606.4876617618263
667,626.7491377536095
530,597.0776173863785
970,602.5703331840517
308,610.9977362605689
687,592.1400718826485
855,627.6705221372691
728,614.7445903601582
363,626.9728320450578
493,599.6580763638211
958,614.2517148850429
795,595.6765421394218
304,615.373686492437
408,625.0386898428226
843,634.2753037662304
711,610.966785071591
610,639.2422874349955
479,589.0818816699422
328,611.2965043751628
491,641.1130978576913
922,612.1921059381992
421,625.5155394301713
843,614.2086136404624
283,616.4558738405324
252,581.5968830308807
933,631.4066138789966
596,630.6011393696822
296,609.767690683743
386,597.5652195407253
378,637.403097705203
903,611.7568668832214
442,601.6085655611315
476,599.2524065922333
795,596.17299784411
626,619.103034313985
646,621.5620643157445
857,587.437164330652
272,607.7512393552723
423,606.557705501216
264,595.9964148520148
602,599.6102363882688
948,607.3181877651359
615,594.7374748598305
417,612.9161495273926
363,616.5345124371867
504,594.056457328185
306,577.55467226289
782,612.5398092929152
362,643.7370981669816
776,632.9839000127122
321,611.6118283518217
744,622.0130053394154
458,613.81255858116
834,622.1987079934789
267,627.6960233875195
318,615.7207394412433
931,640.894345257457
619,640.6402297707707
389,603.819792947387
310,579.1643442062087
864,635.8553723867072
977,632.6703123960606
482,622.5242041629012
944,656.0449108732018
920,620.7725636385616
826,611.7493734023294
293,600.4890384605324
298,612.919787468703
601,634.5218148071623
861,629.7991520584226
743,632.3021603123861
486,611.3705832370526
822,596.1820831416286
976,624.712317125832
514,620.9562061516577
349,601.5436735370424
501,603.5508172219527
489,630.6526395391436
949,602.4376441243421
760,609.3509896986529
268,618.2711095596526
413,625.3466961332693
603,604.1598207788007
699,634.6537035188463
714,612.5289346506545
484,597.5532158713307
897,605.5282519760954
357,625.921945648733
901,609.1740699589021
324,617.0577431958668
960,603.1642799296064
971,612.3783317152903
289,615.8698769492612
384,623.5079077906859
568,609.9280166139888
863,623.9222371487452
386,626.92295369317
952,615.5439345090992
772,619.3659018879943
417,611.1143264900535
380,627.2794838130634
294,618.9401884784401
815,597.9892570926895
785,584.5643920820856
305,625.061480526923
737,620.0700050790456
682,601.7719198574116
439,645.5896763590881
971,607.3297587220135
808,625.6780132153843
424,626.0554019934802
896,607.1405393060055
922,598.2550572135461
727,610.6680465432358
398,623.4515026167817
830,625.2920114648235
343,594.6412085497017
484,621.6484855005066
737,618.5992688198515
901,590.9194780580094
820,635.5397293630887
839,634.1733724107743
656,624.521860618855
654,616.4637516445315
988,628.4330092834718
237,583.9866107340948
257,592.7185566663288
329,592.6820770118134
616,617.4405807355166
424,622.3921125450489
369,610.1036993910608
821,582.0752375603372
261,615.7409851839461
270,629.8187304615293
518,619.6191394234525
426,629.4690457527621
346,619.5847601812783
655,607.7709356567477
507,627.2073792130265
475,615.9912528856315
981,589.3386177615994
799,597.4407610033128
923,620.7102064865064
677,622.8493553308905
819,577.5668754440405
763,594.6176930665652
249,618.7669043734115
258,622.6045655324923
569,616.9137675266973
655,592.5876248926204
578,621.2649340263375
879,642.5750820888499
537,594.6563930765783
462,618.7078208697422
937,607.9041017519569
783,596.0592821818109
907,610.5160517615608
477,602.0683201577823
664,635.0474503422059
689,609.0799431694995
721,602.7909740446189
768,612.2479644534275
929,606.805474550684
277,611.247801327947
916,615.8305810881666
457,601.5205156309936
542,615.5060634361653
756,625.0903798000006
741,623.5427836938157
899,631.2545837669337
851,616.588739255654
902,632.3094782859833
410,620.019081178298
967,628.9023983449958
280,628.6826819450561
704,601.0949586879673
817,582.3448089345072
615,611.5610702477582
338,608.9022302177749
246,619.7972657174753
613,617.6619170707042
412,593.2344692476203
463,606.000447791321
620,625.7316150181879
310,604.1032297537698
878,615.5020801835931
445,637.9625274231059
806,617.2527314354874
412,620.7264509765351
578,587.3672596413099
469,608.3910497316109
856,609.3045964875873
653,617.0387729574079
704,591.2846249928185
314,645.4438251094027
502,596.5761495168858
455,638.2857610791143
322,624.1534301834711
584,630.736394493106
770,602.9252202477978
624,620.6136880780206
828,611.5751507671182
892,611.3356814769986
492,615.2161664613025
673,600.5150764120099
986,618.4155299306814
840,608.9868745006113
826,591.2729170026594
610,617.120146868445
945,632.0787463955031
846,615.8234066154869
627,613.3054738985317
371,605.7904188710855
852,596.0367005354241
341,618.9036655635181
858,594.6398409072862
595,587.8570852938885
312,620.4569112441391
816,616.1800145553988
529,612.5713806190223
494,603.9685347720502
859,601.0150500873184
414,626.3424878193042
363,596.5721356681294
463,595.2317034812703
292,616.3435727488583
446,617.9783640931801
442,615.054267550422
479,621.9945876149625
447,612.1828944640756
569,579.3726004195597
657,627.8602661385261
533,630.5515788444022
795,606.9627564961697
315,629.841358758486
333,635.6883416452663
781,592.8379866666309
528,620.6462142111732
747,615.3848922503589
675,607.1054573389482
877,600.7910861129637
484,592.9615620643724
724,615.2534263743851
499,617.6078265171686
698,602.593180338367
893,622.399432005261
718,575.8691277725301
645,581.4631239854455
252,638.0957513911674
748,622.286988830949
256,594.1960798532107
264,610.6283099271523
266,588.6163939612037
389,581.9136629760815
297,593.8006490299629
845,605.8253462937511
341,618.2825712249756
329,637.4743849869238
307,597.9676272483915
477,616.5188813668532
975,617.1664555957686
487,600.5695504526744
235,599.9061064725298
880,590.0884768994714
932,608.1552380096167
968,618.8980392945447
271,614.1247774452851
860,602.0473230692173
421,623.8582200176854
684,619.6112159711481
803,609.8422506646855
285,593.9452161044667
553,603.1616718289564
346,600.055567037324
417,611.9416659527399
361,580.7143432092114
506,620.0526682393057
917,613.187688878169
791,648.5114847484851
502,599.8658536024707
977,611.9400321719656
940,640.8070027233663
993,610.0643037946286
556,602.3567422622851
298,602.0975795682058
818,620.0227343505788
881,632.1465252992756
796,616.4155637367919
599,621.01018916644
241,602.8378885881976
810,628.7767549602698
962,634.9733412857535
357,603.5503130332243
292,588.9062378363127
589,637.8145647476741
535,627.5696172542239
344,612.9038128320133
559,600.459698124075
742,602.1088515853586
1000,625.8749295839212
392,582.7165381837364
590,632.5688137377285
675,594.496386410582
420,629.7308927410232
738,613.7533993996756
863,595.5657788354496
519,638.9289681529364
453,617.0443823323668
657,594.4628932786146
893,620.0521527945956
291,635.5698707948355
520,646.9247628774204
504,601.2323090436074
605,617.424314142131
353,626.2605013812207
755,602.839270333405
503,581.52797564905
721,617.2202408780732
842,638.6856056026829
329,610.8903889212113
692,616.2753050946941
825,616.1130218502566
300,628.9718758694297
890,617.3450038220838
388,612.0898418904894
380,623.6092769023363
463,618.7961442041511
800,616.4542525618451
383,590.492957796552
638,604.8408482658228
280,595.1728685989024
711,625.1444916573239
589,615.5032234540324
863,615.6558636375321
297,604.5905034822564
840,595.9244635693207
884,623.0773250521895
350,619.0301162730041
580,605.116230268818
493,628.9534735862892
411,622.2263756177488
421,606.3765264006923
683,642.1061456374408
915,603.3366789595719
671,615.932341572974
834,602.9019220848128
536,621.4760613804942
650,619.7608351621466
572,605.1490673303467
983,602.5760979399075
662,613.5084573882558
949,587.2681058400769
501,613.4502268948547
893,609.8684102536648
561,625.2490107501022
734,622.5508929573305
836,607.9022484725709
840,626.0004469991524
740,606.7967027867217
243,590.3178400932788
646,629.9113158508768
376,599.7317861084246
399,609.8658894911403
266,606.6355785229056
642,594.3534799068929
600,607.8679154904271
590,617.8097585475522
918,627.9376712977593
314,603.2751717312008
799,635.2146714432288
886,629.5500127887118
892,620.2406861747469
372,600.6597190571656
784,633.2544182600451
273,602.8524583947717
631,616.5819078229097
841,608.3080805779865
894,617.4008257604339
892,619.035374771391
849,628.7420966646953
371,601.282811568056
318,627.9853619646982
471,598.6750015718363
522,596.2937178144045
708,638.7617371585436
951,630.8701526476573
860,592.7028531858331
474,595.3950971840337
267,629.2328928635312
988,604.8162475500056
668,589.6062012090027
841,603.1231838503271
309,612.0110180659966
433,610.8395688648823
383,606.1759423890765
946,610.6001621305252
452,598.7793889297284
481,609.6481882455363
647,632.7944501166935
820,625.7230202454746
545,612.255582896633
558,590.5478305483672
408,629.182194584584
715,592.0094517134246
315,619.0890082639116
869,609.919730024748
864,608.9293520728905
869,607.3205697873555
380,615.1980674006011
344,626.4943440250298
283,618.0578524150651
883,628.7290975027083
259,591.7788169572439
958,621.9286924928604
993,633.5836084473136
630,587.380845961497
281,600.2350990683252
572,615.7479700591612
970,622.8756987354517
296,593.0785399432892
314,599.8980113821349
565,589.075271494504
567,630.5987045406441
520,617.7015024003683
576,603.3650909518336
458,623.6096948543354
305,608.996433885379
543,616.729651722363
753,621.2864355509084
664,604.6950440477947
890,590.2750138057453
300,607.0522897089495
623,600.8992228627682
698,578.3466696082235
511,602.288523473091
675,613.2739922239901
1000,633.8719306481377
564,622.3243848525148
475,612.7270114187055
609,599.6204523739389
314,624.1180778481506
297,618.7196204409715
630,611.9154638542152
867,629.8586359909625
410,596.3497937518283
959,624.1213958255724
485,606.700877245819
667,617.4780651936767
874,602.3992846009673
961,627.1106251576149
552,592.4519787449663
686,634.8170595244544
740,625.1106443322872
768,624.6350135441515
370,612.6628812582045
362,623.9844234839974
299,611.5362546440103
332,609.694105202229
763,602.2797257822685
983,615.1401491828304
289,579.1805021528751
602,625.9294500961062
950,624.4248312462282
690,617.201665969662
483,599.8377455171841
806,597.3097566227376
597,636.7342904914808
659,625.6500453821565
235,608.8872030192176
563,624.0219479178818
666,605.9482967212705
419,629.7031203713068
270,616.0922848075161
318,601.767991446619
565,621.3772278914989
728,628.8937823460361
586,625.2435333429855
978,625.4994222603898
590,602.3592232880957
327,618.5099499704116
601,600.1565112616219
952,638.2603172310638
726,621.919336850104
787,617.2449705293079
625,628.4659821352938
636,605.95096239128
317,596.3400977920917
739,609.5158382559131
259,586.6284371750505
814,626.1858661918503
944,607.8115951109822
730,650.3217876888332
848,616.1210106180118
563,620.9710112384428
841,637.3496215325166
678,585.3934755008331
439,626.7343030151497
409,604.5450640703955
652,625.3414030119765
868,600.2272151187374
830,619.515373053061
851,612.3627418585894
342,602.2035166035447
720,617.1288569100202
324,620.7776607090215
302,595.491312030816
540,605.9153114978228
288,604.8251471843482
922,621.1284263366867
846,598.6043399254168
897,623.1156025022316
477,592.1494104207126
607,624.8079996684926
808,617.3400230155061
422,610.5429819700718
593,643.1258829243604
527,607.7011897583722
453,593.4992352385037
959,623.5417676908544
302,583.5825991639977
447,624.2977066006981
582,587.5271808038666
781,611.9073614266822
954,607.6237450287967
459,609.9667834384792
616,603.3547851293124
864,618.3819060328269
285,614.5584745011457
720,627.7549234613662
730,624.2685243062298
253,599.469295510169
839,591.4175245326013
833,622.4769206390589
1000,625.6999431617002
621,635.91529844233
857,618.2155170451173
352,646.3093820331145
751,599.563985000867
288,622.5093045970864
722,640.6555015849276
797,607.56302697882
714,618.2493206879969
324,600.4325379130845
246,581.5746212785581
802,610.2488281388452
728,618.73834556816
449,601.584804436106
721,612.578912714189
720,633.5788577469546
384,575.6464325988633
877,644.159074099038
613,619.9802919561992
943,601.2829653206159
476,617.1755926200565
903,595.632794250769
863,639.49383078475
871,601.7463638139313
328,612.1486018775805
876,632.9951856010172
853,589.8765613641409
642,650.3326730646303
705,598.6122096760239
836,601.3184294912801
641,601.3414497982151
479,591.8763206244195
459,627.7245613462079
520,575.8772135227846
592,593.923805925972
765,628.1168193673095
475,610.2815263911954
978,593.489504773949
589,623.83770118548
713,579.5508985382096
493,599.8809500060393
338,582.7738510004535
351,622.0231519610466
790,597.3500619653307
668,637.275189835282
630,621.0946414927073
457,640.9705879480608
922,629.8658507031113
848,607.8765179771476
301,631.6016169619189
538,641.3182713605272
936,596.3976529063675
442,619.4942938930434
607,615.0472429070024
992,626.2719000259846
478,620.1450811447389
629,590.3698162115509
978,607.5226426203585
393,595.670483283731
380,612.4262774984874
915,593.9755190175624
872,623.8719672051792
397,613.7190000725974
749,627.9060667156716
676,639.7288939732416
600,625.1605469952839
874,597.5862819533302
241,616.108313393356
419,594.9940098421705
325,628.4029312445506
918,591.1471516858959
353,589.2490306598324
871,636.7155775448812
811,614.7762352458727
325,623.5168491710191
497,609.9725262265321
919,601.7378479025807
798,623.2412351609444
273,593.3883062030264
534,618.0813763046295
247,640.6712585175078
558,593.6946104568764
281,610.134041819622
299,598.4096117006089
427,576.7477709195366
841,592.3334719208291
685,603.3718460618466
903,610.4354259219207
384,588.373484509487
907,604.6619750938225
793,623.3473042568726
860,611.595051886588
404,608.9259502827418
239,617.4911658828504
572,607.2971128982022
672,613.5069493704194
865,619.4669561638117
869,594.6213517174693
389,628.6989415737589
555,640.9947948429699
545,607.5336966990011
803,621.1016475854498
913,586.0212801783908
497,613.2050805657556
275,622.8932733312349
613,613.2674713139573
356,623.0682364413103
888,581.6516444003169
701,624.1515539118079
376,593.2377930372741
752,614.7727385277271
809,634.8268999902863
443,629.8351514512976
765,620.96457679703
324,595.5282171468574
331,580.7300875195205
880,606.2353900814436
481,614.0944101230964
480,602.2470659853831
375,601.2078514147554
398,634.4442013275318
925,636.7382927401306
643,597.4692940966015
893,626.7936469085677
501,614.0571324742339
946,622.243082575719
427,616.2874078984519
585,610.3001185712376
722,622.8402585823868
403,626.9826576205061
876,583.1190062579632
471,614.0219725952958
656,618.9197202053249
723,611.8991889026343
562,626.2820007401687
361,596.7428060233528
688,613.8944353330642
466,600.8268786176739
824,634.2466962043164
277,630.308926304966
428,623.2267144720537
727,598.4270091895233
823,621.2006672657533
324,629.7215422115138
277,609.9274211886362
927,638.6956859584525
231,610.5138473008507
852,632.8096856315756
677,600.8943970097505
339,627.0807247313331
457,626.1438045635783
902,605.607345663185
330,617.595131044316
354,603.2424015706772
762,619.1110598088827
901,624.0691140957363
827,635.6605495744581
243,619.3297326112969
348,589.5789736322034
272,625.009515186946
500,627.3529348310298
281,616.8288792850768
513,623.751094465499
764,583.6887375482324
335,590.3124647008046
620,617.6859432862594
869,593.317131147413
628,592.9927220788636
486,622.8386047025829
806,586.1052375329776
441,620.4889964683581
958,616.2687182390474
273,637.3104498592819
807,605.8200541984526
416,598.2192510390248
877,605.9428191251433
283,621.1638224116002
243,610.155375302343
358,611.3467353768482
761,614.3494127210653
465,614.4889917218552
601,616.9383779301239
286,617.0789937706813
622,649.6399700619608
336,617.0604548367588
354,619.5316702958153
442,614.9257819207215
875,623.3744658946603
497,596.8788274976656
317,605.732355518555
596,579.913387469296
528,617.3501231417372
360,607.0312070831951
234,613.1155850767847
840,623.9326459981908
572,591.4542009755015
822,605.8249843271574
316,600.6161570208465
857,615.3609477486564
930,589.6198109948078
275,589.2692695140128
537,634.8771974176543
392,633.8273056474478
471,632.8352247600418
345,627.572235944916
482,612.1337318195172
638,619.8451679775508
323,597.6323327956953
498,626.2484788028113
360,611.0850214470969
375,612.4094409287876
652,627.5969942222997
784,609.4732913417894
918,628.8230928564951
282,618.1262605555052
600,629.3439528591807
777,597.5730689102272
858,600.4083673937557
611,597.9080767335611
871,598.2900601428555
779,611.0060245949481
341,575.9925718356436
758,601.4804442197267
460,618.4533965084422
318,627.9989360155172
488,613.2961207614402
383,606.3656475007017
334,606.4446270199913
355,598.6941179065369
720,617.4618104768336
991,622.1006972628003
277,596.1223326967133
863,582.699487183857
316,624.4955021058641
908,629.6291984806829
928,621.9552546410342
327,601.9421700301897
891,597.8212127397614
907,626.2967717220863
511,617.7778511434107
929,613.9922124039305
283,628.3723351643847
778,643.1890995273197
728,583.6357579621921
666,629.5382665512444
311,621.7167076762014
858,631.4686068177114
877,613.0293031204416
360,612.802997735257
594,596.0695991425611
708,619.2917467407734
651,625.7966443118274
853,639.8114055143137
864,603.9262053170739
627,593.4104077655022
271,602.3204338740721
313,608.789793309182
450,608.1547592698527
623,600.9813511033178
821,599.1911964666306
654,637.6436110733949
504,608.3343871100869
909,593.9164213281185
569,638.3806732708705
427,613.7426137791471
673,624.5051875340145
757,637.0350440689232
278,597.8135866629714
516,603.7959383296154
595,598.6734352735389
608,637.3968259630707
358,628.6084559520986
392,614.862471114004
538,623.8661837312845
811,607.6474906116457
617,609.402721326568
480,598.8452752387158
473,598.6412805260292
464,639.8433902317297
606,588.5087292824866
554,599.9003656044542
511,605.2345871234506
251,601.1691739040775
336,597.4222121276767
332,609.4014691702216
268,620.3607955000327
689,598.9946392959154
849,599.5813599810748
306,647.9534121148224
870,613.2160550725062
887,605.7770236195947
903,620.6634652185473
316,634.4587189468505
631,629.6093083139446
812,624.8682309572528
488,628.534837406096
569,644.9084082278339
877,617.0715689888867
287,598.301515699814
372,590.5581494018799
703,577.7135240464947
654,601.2008304484757
289,587.599173516019
509,593.4460328516043
422,621.7144458186812
525,582.8143680235556
389,595.2762816921488
426,625.0873132297294
739,591.8695336128421
518,606.0657934076049
945,611.0650257863564
628,623.1315595431748
839,602.2091211059115
687,577.5456939058545
416,607.91058016309
758,617.4299474927612
555,630.9069189892568
546,612.3009462580678
683,591.4196216759244
766,620.0075409956725
835,612.3754691876823
281,605.2290409365395
338,597.0404189157464
929,596.6550175488852
861,629.4879482421705
808,624.382523723924
919,586.1111198905453
316,604.5572900745897
264,629.1169007921357
910,604.4606946131763
789,594.3936970084228
454,629.2391003034425
285,586.7214059342696
495,636.3734827961463
557,614.4295829623716
366,599.7012384093626
960,606.0983266876867
820,630.5204207371277
358,598.0313084389999
831,596.8877328264113
332,623.5020960019616
491,608.6269703334829
768,603.9267662567281
554,617.7924348867808
278,601.7956229910404
361,612.9103146988681
586,649.7904459503617
281,578.4570723362117
933,612.6587047911672
713,583.3636634042331
370,590.7729863202356
768,580.9815237604089
313,596.3248258028691
267,622.1090276138945
633,627.2396143125973
772,645.8909195967507
896,612.0600048309504
788,624.4946062552334
665,624.009066134052
424,620.9512592297106
471,608.1899326104577
987,639.3790296984574
951,630.7243982258433
628,616.8013635693003
490,604.05143672852
923,616.2251574448762
521,622.4026446699147
881,600.0642310917892
339,622.8423335658788
936,608.9993776936444
918,609.1947451673764
357,609.112829534452
969,619.2874273912236
534,635.9994680691248
266,613.1732766641958
318,592.6206606988098
768,592.5038220801353
493,616.1079591239258
453,616.65373050125
274,608.913974436031
561,595.3549306519978
268,632.1431472154118
246,608.8169698392126
855,607.551426702537
786,614.9407436338204
526,605.9793975696414
559,625.9828133804841
838,604.8262966113333
816,637.3986974715322
903,630.3561583161221
760,592.3923702706634
369,593.6792231598469
229,632.1875764594292
629,618.4776361861908
762,631.5366979327503
503,616.7181743919733
412,601.5392525876097
717,623.6367802082182
567,598.8430791122672
408,608.7610487877588
891,624.7806537205398
523,602.9330760903001
895,604.8686431854986
601,603.8589487957353
451,603.4417495768917
468,594.848583422053
442,614.9919908380914
422,589.5727742499249
846,623.6122160986594
856,629.8015093734513
299,619.3119502431131
264,603.2817741572283
898,607.4593745886438
826,600.1049028584343
571,618.4355353860681
240,623.7889908309353
311,622.4939046070634
994,616.2406315180955
823,615.8051881032338
348,638.7217315645867
448,606.6838272924047
342,596.6008579539836
277,645.6042262926201
833,637.6781418241488
840,604.7330313887965
893,608.270797025366
304,610.5754084443629
382,599.0086935743899
779,612.6516211344899
823,610.6132530703385
541,606.1068086557659
584,607.3860353847748
971,619.8785005461249
817,621.4250188254323
628,610.6179906841339
840,595.662908114551
668,621.6649540420934
632,620.0975189746306
796,584.3896347072614
553,610.7778566780945
601,623.962935960981
393,598.4988321706105
468,609.5457367425852
762,606.9380799873634
499,612.0621323465934
921,610.9391401664712
649,614.2659411206921
972,611.6869907985073
394,620.7218997077307
628,606.5494228087783
625,596.9054670174784
680,629.0870038754858
652,628.6069175173802
494,641.7455832582143
955,629.2761708729453
446,610.3067222481145
434,625.391263850168
651,598.1534596749144
281,617.371237968276
648,617.3030167068601
835,585.4570849346903
919,575.2840076432667
254,611.9339400054242
586,617.0723471177143
975,635.2371483087417
439,601.4471593997816
842,611.0713782164005
910,615.0009724496953
561,620.9143007734185
948,614.2598723848224
946,603.6448877158522
434,635.1385068384426
360,610.3377807828724
430,621.4378043733665
371,608.8830809374971
329,586.1242219331052
433,617.6224317382348
746,595.7369648631916
557,616.1852518231103
280,622.2804722766288
643,629.6262845124227
477,579.6744667795476
714,589.5825310981472
681,633.5584509578537
244,617.3130095861584
733,627.6377885043096
670,612.8790683245994
761,588.8165322239613
646,643.6535631892851
299,626.1855728351338
911,608.9183484383805
826,594.2330064918142
564,610.1773051696988
834,598.3491716132979
277,628.3233759598262
791,603.711994476346
809,606.4993744311586
969,615.2437438632556
451,606.4135344718412
726,613.2988673731462
710,617.2240104748533
623,625.0866278046042
616,628.6070060310702
712,594.4610389357603
408,591.5652056091752
472,626.2859830687568
975,615.9469000672126
262,582.8773342502826
506,615.2942998876583
823,593.1413816274265
336,623.4415885444893
263,602.7593377201954
750,621.8687110136028
347,608.8498381206276
714,601.8257078786155
963,638.3858345107835
410,622.5999051775179
895,617.2101151221962
436,612.2032266844707
939,622.6741663382577
733,625.2546256083887
340,625.5896337413438
629,610.8371458078506
922,598.8259872154481
309,607.5489787081713
599,629.309068751258
318,586.4335547600123
323,621.4179702960199
657,609.9015831689294
625,611.4981729192468
470,605.9015552746704
240,607.7156190003418
925,608.2524968363415
723,626.9109765040532
777,597.8444222023053
319,602.12427989938
262,599.4493107225784
296,614.287479747233
323,605.7741911578097
447,581.667559324639
386,609.5776943373735
432,622.0129669528827
823,646.910134536266
890,621.6477690038047
607,616.9155797454822
440,609.9263742509723
321,605.6867624589642
803,612.216695425888
884,590.173024573404
451,610.9536130568528
587,599.8593664718337
730,619.0880310112452
771,609.1911059102291
331,625.1492324810556
441,626.6647925554377
824,597.7749156277974
673,617.1479554228306
769,618.3935102927701
342,612.1313397856308
486,622.9530910227629
451,581.976947696016
562,602.9157049181106
816,608.8463961539819
383,592.9088385009455
823,627.27880399181
281,597.6679977970439
400,595.2253945645762
807,617.5840300431798
598,600.0064238755675
518,603.6791967081336
312,602.5664534151431
475,612.8124531240748
823,622.3690747272549
820,616.7072329108395
303,603.8808649907593
395,616.5943036849548
759,609.0065296775236
877,612.5351147860507
640,621.8717069456451
487,621.61891935714
234,615.4069689940754
987,595.8427908591692
658,628.6370267826577
662,629.3482910000513
742,622.9133111280204
569,611.1831420736687
549,581.799330792972
722,590.7254676682462
810,618.2647485767042
273,609.4625447928743
407,600.2255165632829
312,598.022124283554
653,626.7057498147165
791,631.736268429523
873,599.3461658908966
601,590.0172026722904
911,580.1652495548885
432,629.9811860499201
461,600.7758548408524
599,618.304904097974
302,620.7035910942791
915,581.5092093247118
316,597.751995222786
439,616.2605864941247
927,592.6091468739594
424,606.8601578616181
863,629.0043191751819
649,632.0658112230642
633,611.6011821382182
570,609.2801802674545
796,612.1221217447184
937,609.106829369728
297,592.7341840244134
774,582.9858637930707
603,632.4597556176783
839,591.653006665778
269,597.6690673146932
477,598.7020608742835
404,589.3440367713189
846,609.8456218618308
961,600.1116367156076
900,632.9486546406408
399,582.91697937379
972,631.7893366509481
323,612.4819296535743
484,589.2395851340368
457,600.4566809481443
312,607.7618702537961
991,610.3353059432072
556,623.3578793811712
376,595.9309199379206
825,633.2347663501399
355,630.0339107335137
546,604.0775116163518
896,622.8624980042109
277,596.6793270030796
908,613.4563423001338
561,602.7474622518934
246,632.3949561707793
777,598.7136499599922
640,619.6696812057439
335,599.4086995893488
951,635.8764488265987
303,606.0278636813155
623,601.8298263047549
387,613.291023711835
231,602.0059091147397
895,603.8758401604289
667,589.69707153932
684,600.7165020115556
249,605.5439433183727
471,623.2312316641194
547,614.3910379614342
901,609.6730711680789
557,602.6683370647019
882,618.3362461053464
970,612.1676758614653
814,580.250068151137
853,635.0420915544485
429,609.9720350655134
839,628.701199957212
787,609.9680761363887
635,603.1511080168679
823,606.0942422754397
705,605.4017498009887
896,615.2025243332811
492,611.3580776046393
596,610.1411266543453
768,618.6567396760421
1000,614.7805770480923
510,616.6679862896699
599,621.9172633659734
632,629.0269657773907
560,618.8577871227525
323,625.2230066998686
392,595.3598514619615
845,625.3432197518734
829,618.9907482607749
327,579.5209160193295
657,586.9787624197468
291,626.1628612549974
448,628.3562003514147
667,617.9963784171756
757,621.5484388903467
653,610.1480786393787
740,637.8366981350063
260,593.8009705296084
978,610.168917811889
541,625.0418929973689
560,627.0194781812772
762,602.5481267655204
360,593.3696396028072
820,605.3053333957015
293,610.347060289394
382,634.4484161393478
747,603.4261879009741
337,626.9589481516695
759,595.3896031180119
664,605.2094357003006
333,609.7231434204288
513,599.4507873432557
818,616.4964395650569
507,642.9262088091012
828,628.9628745612937
426,633.7443342976406
354,603.4945336977145
863,606.4559188283943
223,607.1725580909557
721,596.1648283388182
433,613.4651999928458
356,606.6892570359054
825,602.2352484963
318,598.6125211385381
479,595.3094680582848
469,594.6247970803897
1000,618.8968951775303
847,607.9371221462624
755,606.5662757213006
868,608.9805553295203
401,616.4764633493568
888,610.8440610312626
615,618.8405227325627
532,615.3346687638948
349,617.1092403587247
486,600.9065719310379
314,605.0138288609301
875,593.5858383406901
432,621.1532326782617
873,638.0286552308465
700,619.6815940318296
891,644.7677719475262
397,625.8245217450698
742,606.2268294534309
966,595.7178919404521
918,622.8217399642944
832,609.7962669357387
426,632.218451459014
434,606.1452306985146
554,626.8032324990968
277,626.999672370225
549,606.1104090277132
334,617.1210507029735
304,595.3056822724549
794,632.8997371444382
865,611.2054817135369
466,599.0737619518449
779,639.1949747863628
372,610.6957900980291
360,615.0017303010751
366,618.5695221619671
884,629.3413662629719
538,592.593205072777
799,608.2689398703398
796,612.759542556527
358,588.1435628724961
305,641.5948709282849
383,600.4146600164518
988,605.7948553169842
548,608.4908026367
314,596.0223223663941
316,628.9119049093523
998,619.2396725063842
682,632.36236206299
408,595.9655514155871
513,624.3849871282387
721,612.7287155195221
320,589.2368876288598
327,634.0364634094848
541,635.9433242853289
527,605.1856085469688
896,610.7214630710722
394,609.6320892400836
353,578.981380070356
869,588.7780727897682
755,595.1072470405998
390,601.7474093820899
892,603.0896566857697
278,588.0624931264964
285,598.2614584085192
248,592.0364125764835
546,625.3571748852539
805,600.1696608807988
395,612.0880714742844
653,620.1229156998595
378,619.2355973235275
388,617.4287186833222
934,614.7000186318367
874,622.0822541685055
288,619.6046644618186
447,612.9530250305548
921,612.723420269289
520,599.4689680509589
919,588.5089252523825
828,603.2176300623606
941,622.8844876448029
883,596.6226768605906
773,618.8307881404877
374,626.4800636756923
918,617.3410720426094
949,626.1526286606135
832,614.0995888984945
241,587.8937068370783
831,593.2132790355957
920,628.4082412116894
428,605.5535204595406
307,646.8185508988598
816,618.111054561699
325,604.9481920597566
955,607.2436335928736
500,616.9198923983186
918,619.6808749695008
458,627.2656153266461
302,586.175106780117
278,622.2412587439553
916,625.8443975133657
857,632.2030585539032
401,638.0938848220488
718,622.7127891999696
484,621.7854510590362
344,632.5172929186116
329,595.2628066514371
504,611.7075758001149
579,617.5268311784407
327,622.3788061186617
234,609.5126845121351
472,616.2286427656818
281,596.5100354291754
687,628.0352343879492
834,596.9054680811619
924,603.0234632204127
669,615.7821161017863
311,599.5188133624798
977,613.6502261152149
711,638.0837740418175
451,614.8740762263792
361,608.4499022136883
715,622.254198967422
844,613.1269550662993
641,600.9817241059258
579,610.8124472003909
855,648.9715879456744
503,601.4036477865512
876,638.6322128766303
609,587.6767950349828
271,612.3961133459153
450,598.2332058437947
284,615.1397790812512
421,600.0211618356176
247,609.4597106634333
542,637.6247523696283
279,625.0388070042565
601,622.3839220389175
621,604.4332227962061
624,616.7479088606328
672,605.5894984942569
321,601.7839871208147
552,602.0795045235808
881,624.1698949848757
811,605.2072037462627
335,583.6597599867135
419,596.2646821205984
587,585.240601170502
869,602.69287538987
507,636.4860053211002
678,632.787739073388
837,582.3898150086618
837,627.1808648724672
365,587.2191622869028
220,611.5002999737799
528,597.5137870840432
919,617.4612543817299
412,593.7969993929285
340,621.1912561675533
447,639.0790262791594
299,603.6614524410594
361,601.0447364803006
326,621.0390949243719
782,640.131826843957
882,595.5588530068355
346,613.1818296599948
331,602.7421707241866
277,587.8750954589864
809,612.0455742704834
953,624.6760950486711
612,638.80541248175
375,614.8349630770629
797,602.343779270117
493,609.7196014154182
576,620.4876975654852
296,616.9952309700922
762,623.6696407875578
828,637.3978866808109
860,610.0344009737605
293,602.2010152846575
990,638.2134308457862
977,617.9148821670442
424,609.9297318484035
675,641.6070438032616
557,601.4001058055707
660,625.2946056769907
320,622.270043235672
353,608.1980275260844
885,625.701896485528
741,607.6797029094674
942,604.7100157859868
919,636.5316877156707
879,605.4502460373236
230,622.1849975122241
748,612.5812332482108
352,644.1314184094982
315,590.0631046862406
743,604.1069558068936
432,592.8187289115253
395,599.0811494258998
424,613.6650773203866
667,636.1359799824451
395,626.2728336590427
282,616.2883578643876
878,607.6203934971215
421,597.9220118072433
461,595.0065485564952
667,620.9496191533417
257,600.5493752250786
832,629.3035234518723
790,613.1969969575023
466,598.3849500880037
560,581.1126416037102
424,627.7546779359019
232,609.6981101497107
979,608.5278373728654
911,598.0343681046304
445,597.8093809491676
573,631.0615813969656
867,627.8182336319743
767,623.1355573560134
437,583.4358306608278
467,599.1507607320993
430,596.3643909041504
224,600.5735814703909
429,595.2425158540286
890,622.2124363530451
595,619.1863597058683
719,632.6877207554793
918,599.7373442658853
369,629.5002298140447
924,621.2952450069646
796,596.1609943437277
350,604.2426880806627
473,652.6324163488065
585,623.946842640411
273,620.1051137277483
263,595.240535318478
635,600.9982761100398
523,612.547252848584
543,604.7886239103221
248,597.6234542478104
449,614.5470355649306
511,636.3348207693884
815,620.7348264497275
421,622.4808778790165
314,635.0493262361534
347,615.3219093557138
1000,616.3591397990726
880,596.7124429577818
282,595.1219180453357
796,608.6488473885613
722,625.9271873898789
652,603.8419024639248
970,600.2463756164178
800,579.2511139244565
330,610.5650349573558
948,593.9627379813418
930,624.3360456849456
247,622.8069174813425
844,601.4787139426627
315,584.6390407300687
519,596.2362319604802
569,619.5731846451115
511,614.5875738289554
311,619.4613503385549
735,611.5434695013226
399,619.8708482249052
947,602.9939983712
880,599.3677172319827
875,602.5429308327449
788,609.2410104422313
385,602.1374725871816
801,606.2538131450912
894,628.971312596088
837,616.7369485138686
765,632.2879505421482
517,629.2877661052952
798,596.5201789890765
299,623.9779857236524
320,646.1101683689631
385,588.5328211697023
437,618.6195484145486
251,603.7257925503312
459,631.4852747120295
354,631.1785925287201
244,609.2100229326009
515,610.017032513357
723,606.8829729043449
496,614.423810819933
753,628.1165578388407
1000,604.460193434709
801,601.7899905658178
272,646.0070275559318
955,615.6453853926232
535,621.4115685000106
666,639.9128974412829
689,614.7060136994468
788,602.1414271028124
929,629.3923504131781
269,610.2720582758772
560,623.0850699181602
647,626.9507691859448
402,578.0925691664164
858,615.9371195653749
673,622.2825072889643
665,624.4389752605396
765,606.2654596955045
312,631.289804966089
370,636.2118385846693
381,627.8258658689642
829,632.4398466909453
529,626.3011232645276
361,608.4848274604259
332,627.5895648890437
599,634.8813705381322
758,623.1227873093092
441,596.7212221972857
427,630.6948403499096
924,622.0116139379501
413,595.9447208938813
325,590.58271197718
278,615.8190537705397
987,633.970338681127
893,604.494676150441
839,608.8836068826015
917,629.5656383541922
855,586.766210429488
614,629.9832489104297
621,610.1836311325637
870,608.1223568267814
290,603.9949292695687
914,595.0227280097223
560,615.5322644986218
836,616.4752244649885
851,601.8737101546901
337,620.3199518743263
988,605.2092859480302
588,629.9317246245914
314,610.3171074389969
498,591.8285259446154
569,635.076581560131
299,625.4618479519594
562,636.3164736951276
872,596.520394029538
912,625.9275349602115
696,587.9243976764291
209,624.9031510871131
297,603.1116811287534
947,596.4461231587527
863,609.4830899113679
667,620.0915527143269
414,617.6087964629495
262,597.7852900711932
592,604.5816326151642
948,634.6224056228798
1000,642.5587077682715
689,621.3342036982791
349,628.267943988212
681,640.6107707768113
909,625.170946154743
900,633.1063562895828
287,588.5609313535102
759,633.944272105769
833,602.1461779308071
446,584.0899075727789
509,618.0283676886582
300,614.8590269981768
811,595.8921730839882
1000,601.3370402609418
945,633.9581761422057
863,595.0073426520994
372,605.1854510405567
807,618.0702850200679
513,592.6811048292675
643,614.4749768181534
940,618.9487723097519
519,614.8018142848887
706,592.8418464600232
931,611.2699758101176
947,625.8138899883028
871,614.6305005851874
902,581.1390228888745
782,599.7264844454414
626,611.9483094376219
692,599.6636747401255
765,628.9101502767502
507,603.00571660118
411,613.6175886809281
437,597.0395268147745
784,613.0873934117775
883,624.8028920933962
441,616.6606317171861
418,616.9924032968798
635,601.886374166347
422,604.9298594074493
292,597.764715682792
791,610.1391345817294
758,592.2436545448234
934,608.3632344742934
933,630.7766093949281
607,624.9008719484349
737,610.7203749639608
331,615.9199111944471
482,611.9855204409736
311,599.7438649861771
427,620.4391722875831
476,605.6684370524486
346,608.891724563479
1000,624.9649711502253
874,621.5120167956111
659,628.6626170497619
760,623.1014200670941
535,594.6611983396726
897,627.0943949780095
725,606.1939516673697
232,587.3716205556875
902,643.6078503533734
874,627.3330464089983
223,624.8192166943501
336,596.2219309442683
715,600.4624634506054
830,629.3898811221396
422,610.0062006185423
902,645.1356100803654
675,623.625263051299
420,621.4347449518704
669,634.6282216907208
398,622.2707300797638
309,595.82091060912
332,618.7139513519666
905,595.9662943019819
924,633.6155142732063
644,627.9700495396249
885,607.125713986649
333,598.2985597971187
891,626.6453535491219
269,594.628146935627
799,631.1685861166981
919,630.1969196564526
927,602.3199152050565
521,594.0271444354535
619,597.2028494829783
895,595.8307015640376
303,595.6636967313051
478,607.543494667112
584,610.7802730877424
828,578.0121073839225
292,598.1664109419567
616,601.9002325944564
400,600.7657153751131
919,598.6720774732188
406,638.5773518552417
862,631.9236449777678
958,602.9621656745808
854,611.8501838744452
594,590.8558093611147
477,617.382161947442
493,622.5819280793646
921,592.5261058979355
550,601.2998501926218
279,642.2895273712755
370,610.4682028893322
266,621.3359784520107
371,612.0566526854572
466,628.513196474706
624,621.6041012937545
978,604.9317968748238
820,621.1489552277203
907,624.6860529166107
546,614.3136076857535
521,598.1032132060632
809,640.2112774091648
523,619.4384779322257
864,589.2543993255913
887,609.411264350039
955,616.7440153875272
829,598.3900929783277
573,590.3261651655365
291,628.1724242349131
920,636.4932740539193
322,590.9150176155493
321,614.3212223938158
678,599.0767410572281
604,615.765749251273
537,603.4226994971687
743,626.8502683078141
722,637.7469496973725
638,620.1157525906636
893,600.9215778609757
590,607.5184372753508
233,627.8430620589143
636,613.533825668884
820,589.2954308322867
739,628.7729605915516
256,624.4070966673816
965,628.8014730682689
557,604.4877812391032
867,592.6741756028697
515,605.6504456046595
369,614.0473303290211
534,594.5663955817141
552,587.6033423445211
273,620.5009935479555
891,597.5303983384619
580,600.3829295719552
700,629.7479119097773
903,592.2718270116234
934,605.3374859757275
478,603.1527690627676
289,600.6142269168587
963,585.0036037386071
441,610.8245321853974
819,619.2788295044423
622,625.0984725230679
293,624.4554469853507
963,635.4778041476724
344,609.4942446340758
309,598.599947191128
836,585.119176179842
904,588.2166228148157
332,599.9005399900418
292,604.9120265166608
426,607.25526117244
674,606.8949318063674
577,621.7221822097986
556,599.4983865088287
914,623.9514812297867
596,618.290873433925
392,647.9023337710913
1000,604.0244211257368
326,626.2517523281998
335,597.1155407875883
871,629.702818536511
613,610.3380691547256
756,607.1114469931591
923,619.6193766783787
878,615.2428660506686
416,614.8185962271397
278,585.3017011022813
892,605.5004618011245
402,604.2053935920712
918,616.0089741122215
728,618.1445783851042
895,599.7830953333511
668,620.168043648407
500,603.4864145771503
452,628.3414321308269
878,616.9731204928354
319,619.092505874768
442,624.4989677782144
939,615.254411330264
838,608.4236331743003
405,625.146717379692
847,605.1727828736331
871,627.3672758802508
470,634.144100328645
478,609.7875151949918
715,606.4107430205951
709,593.1332343476938
322,614.061123518304
564,585.3070676358848
243,621.5514479859012
407,614.2698423739176
299,595.9244872678001
812,630.6863601374306
383,605.3186269473665
300,605.7699889809548
555,613.6394266024365
611,634.3298130597294
372,590.6168881905438
979,618.5233352338608
841,634.3692932919113
788,594.7234652411069
437,615.2754536304908
581,628.0348179292259
491,633.7288278079906
696,619.9290204455197
469,607.289205567025
423,625.4763241356777
751,613.5035590038398
725,608.544359706706
552,597.182504877836
941,621.2368172572717
916,607.9104427681024
440,595.690482396138
640,590.4197335498595
888,627.8476880330016
700,623.8184174386869
619,573.3071579140773
765,605.1996290036196
471,615.9133152125014
398,613.7856922313244
318,596.5904435833166
772,602.1288416919526
398,619.8862893407685
296,609.5294042331349
327,616.4929098307423
882,600.04644637645
907,641.6245152590274
643,630.6225750217659
856,599.9084753022764
834,613.8632336944409
300,602.106525682149
940,624.4906324509421
899,622.1339755278422
601,578.2632062486451
778,606.7267998353651
818,614.1760741271456
507,602.6888704911138
295,618.1280173704722
547,624.7894593242379
461,600.204827889612
428,624.9117968771031
349,622.5042447070227
974,630.3969605774818
708,611.0734125492643
306,622.9110442794932
445,607.539284237776
222,604.0571256141246
877,617.7488979399477
328,600.9463856402524
649,607.8702632291493
633,592.4096617044468
631,640.3523459794386
705,614.1786498061531
635,569.5051048364352
675,610.0614183698032
524,622.4995875138334
440,629.1700077946234
406,617.6386275316613
636,619.5105893596424
368,633.604905734969
339,601.7199942968972
666,619.821463934264
306,619.4229983350679
930,618.5188134506943
279,627.1873155265537
520,593.1635251610212
266,610.6228013938339
602,608.7684104122519
253,609.5463473445978
968,585.848649077369
527,602.6483232662533
408,631.9370940832758
420,608.5931123405355
950,614.2663109390147
614,600.4018392659268
727,636.7062224004175
773,605.0329072078246
398,590.0256755471687
515,632.2784158196653
615,611.5032471222065
421,629.1754646859886
694,625.8710872322785
634,618.503891989132
589,633.880047488248
799,603.5530668978219
902,629.4667534033788
447,641.354495099104
246,630.3325316022843
377,592.4162388239531
451,605.2465006815872
764,622.166540969862
420,618.7011066383704
460,622.8532303905862
377,588.4175075770229
776,589.6489700044256
839,625.7888795832831
317,614.7214028727609
368,591.430514341618
913,622.0562339351304
424,592.7129584509881
619,592.5995343915073
831,610.1315391441202
738,622.7340124149207
605,592.329536826658
465,600.7949338077989
805,609.7733554524066
304,636.4691342191754
787,620.2913781824609
882,626.3069193195328
712,604.2768048399471
615,624.443825950146
399,607.9027661245018
793,592.6790322659816
818,621.9354962390753
963,618.526715555031
343,627.4902721215822
630,607.7021460845384
542,601.9030515456493
829,626.8080465836223
946,595.565404568635
545,625.0732508513213
987,606.9742144023417
925,587.8945696186497
789,603.7862253570312
839,602.7801298821115
980,601.8138265439818
437,625.0960611096532
250,621.5584702287025
725,614.2116288252362
737,615.3206559540215
638,631.3673280769349
803,601.3382893502538
489,596.9496754452912
862,587.8602781215654
843,628.0853622400307
994,635.3951774652998
451,623.7317043212624
389,635.621428076998
764,637.7999066149048
841,590.6527131531877
601,614.6440524965017
918,594.9215395211315
842,632.9366675645405
922,599.1872668887419
386,603.8800986176897
250,624.70870117249
814,621.6683380287758
889,602.9553584372424
360,619.4299872200189
870,603.7689424928928
471,631.001054105181
576,614.2675246383625
419,599.4746937793583
715,608.4292179537877
394,593.5758128845496
552,629.2478185265257
382,616.8875752357912
475,614.7312635319996
917,577.2505835309419
659,625.6856813389928
539,609.6710201216233
806,608.4106482034078
360,604.4069324472399
968,598.8020892922365
907,600.832739203863
463,592.976756488421
953,600.8623381781035
230,605.0117022216634
841,586.399502164673
400,593.9441799356277
270,617.4813916499583
441,610.2881153368492
906,614.5419698524489
291,627.5783547504152
932,636.0399853258192
370,593.7948316712483
971,606.9469407461677
517,600.7369417688092
886,622.7465132293441
787,625.2761419407599
346,624.6396364681299
281,603.804639304909
514,616.3526030211764
246,619.2793930083185
937,614.7929903120231
600,615.0723318806516
688,617.6360168959806
921,620.5186141495225
364,625.2843632571265
365,598.2720645251167
558,596.7974268340154
877,636.4305613865399
669,633.2405234796547
935,615.2083473025363
501,631.8791189491612
867,597.2214056055298
255,587.0112037258618
732,624.8021293020195
832,581.391189088766
393,617.0708980007414
403,622.6268878859024
230,629.7615734239777
910,594.6513956580474
615,582.8330130607737
338,615.0674436997449
427,638.8288646575635
331,599.4554758992472
871,617.8395559121634
792,607.9752408627692
256,639.0530473090822
608,634.9481118239042
874,637.3363580080662
423,597.3187490183432
444,620.0376810847782
827,621.6090214248172
866,617.9568093728607
357,607.8501640910338
276,603.9454074900143
269,615.786781875604
288,612.5353337843707
946,581.72408081667
910,610.956454247083
282,632.0685797150359
886,595.2995445077852
342,624.7119951460011
916,620.8989655171308
867,616.0977168923267
906,591.3231277687323
1000,604.3380206558749
777,597.7755522706296
361,594.7990020618233
570,639.3248237458838
319,607.3547168959445
788,619.3188352824693
726,619.2068042740398
450,614.066037321815
411,624.9818087403627
427,593.8758011765884
503,614.456944521356
603,619.3469999364714
607,622.0828074033992
699,606.432121741028
600,628.6056642681452
859,617.3232014378952
799,638.2967619677253
660,604.0456420640894
400,604.5315919581786
337,607.8461553682647
290,591.9930124275771
322,619.057164095885
974,604.8398208074058
285,620.6997215679395
366,605.359914557173
363,603.6486359023179
631,630.078105893691
754,599.2566504293475
910,617.9917581819326
299,624.2926987136502
897,605.4952298748437
253,610.2523966633379
740,602.2855875769583
959,616.6438097958138
850,620.3522200121554
912,612.9198696582555
890,609.9725511698197
819,614.5635956572696
897,602.6728879922528
909,619.0969939573158
807,579.5046127465755
382,610.6575481479545
317,625.4784722033688
913,620.2936719518619
451,619.9157709194255
845,578.5977868660353
941,591.2431226361366
266,606.9199752600833
897,620.3969865429294
619,617.3169154567507
938,614.7770763908325
894,618.788157008828
940,633.9620767195004
420,617.0384082597873
433,608.1578273098419
662,638.4901514192436
310,610.6911904002523
326,619.7235767940982
784,635.5646659374223
833,635.4259528796123
772,611.6940295455022
718,620.3235530650576
579,591.5458066787417
444,615.3271318779597
730,598.7297947612512
930,610.7198178068942
255,607.516586197467
639,614.668774908025
535,604.8420569033037
749,592.7408214894211
878,598.1665594736787
883,618.1684431608949
423,582.1541592249285
965,598.3760517347062
287,608.6944969682442
475,596.9123808695708
550,607.0621822065712
860,610.2637660931453
538,615.5045976404712
987,607.2474895971507
858,623.3538773735942
327,620.9819783900572
685,618.5179248921761
722,596.2395008814647
628,636.4145582106497
671,598.7381895847494
822,594.9480382708666
294,624.6569879608456
904,624.1444593894604
822,576.0925632728221
801,627.4653442729149
652,601.317227984687
950,603.8012187702759
496,605.2686156123065
961,591.4880710327377
265,601.412141069215
264,599.4687841698193
479,626.161240161635
566,600.7069053242552
842,634.1769867498529
555,615.5849055788104
741,607.4779283925801
873,606.6540310026215
324,627.0385279650816
811,601.3721301428868
700,603.3846276113484
588,617.5803062509545
532,632.1043104386276
278,581.6875378701827
977,612.1961783886923
360,631.2224780940543
877,607.0309965845553
809,595.898521181994
682,600.8043644033182
445,571.5529286414192
449,615.8784037179065
872,598.5679100115508
477,596.6134248042437
434,585.1561797729513
322,601.8232373983449
291,622.494583688429
463,618.3253404849596
518,604.8378876983577
298,588.0486726448544
523,598.8166961135048
522,592.9377107541122
774,597.332340316022
553,594.0270069469142
631,636.2985747182515
349,615.263830654254
392,626.5665399669422
853,603.7462133562657
730,625.0922173112319
465,617.8853048363195
361,610.827437990283
401,627.819141304236
790,609.4732504930022
763,613.3744641166767
952,610.8076321059842
886,603.4731055466871
828,606.8122880507306
806,628.6712793490956
811,621.4714960386893
353,634.4199381680845
287,600.5532944595094
880,607.0828273358827
1000,627.4613772291199
970,589.8800696440206
450,592.1746395889191
399,620.4381390756078
884,591.4869102103418
320,628.6199223710588
432,623.643617346159
946,609.355253493827
526,588.1887167358742
856,626.1338314618944
807,634.3883221904875
523,625.663116580081
364,604.9902714765863
569,622.0849885459124
617,614.0805111826329
895,608.2481886193084
916,628.2524902206526
952,633.6784674726973
492,603.378283027385
369,608.1239540477743
926,592.9641637567457
569,604.5272165587102
401,630.8210046225661
883,585.9914598221197
717,618.0916832485212
902,628.8018479023187
620,627.1432773269684
397,623.4808892376634
904,622.5978537725763
663,625.4098190391602
639,594.5684597095686
518,630.0504541709257
556,620.1002086788627
324,599.6647482356972
623,597.9693318933738
293,618.5108179689844
956,632.5291787595803
612,600.8861436542924
716,617.8125386157396
669,623.5720176563233
484,605.3565283545457
710,588.0943891046328
769,598.5286216088098
613,605.0956706271538
985,599.9313134055739
421,616.5108537422823
512,622.9337955917974
300,619.5120112297421
259,632.6163282516732
340,584.8153029729964
946,616.387893066008
895,623.7231114373435
989,613.3648796177772
553,594.9567813056002
678,626.3646160669607
726,595.5280792750309
579,598.8704459628452
337,600.3571555177906
561,605.2361249168109
862,606.2545345651044
759,595.091490929057
263,600.2657263911292
872,638.9775482042851
471,627.3702607989834
339,590.8717265249583
852,611.3618634551849
544,598.0884272128842
930,615.724087373242
898,630.8078373067807
718,636.7601514012448
525,618.3813181076079
750,608.3656446096678
783,616.1112765610334
587,588.4461231929429
371,628.9699577274762
834,626.2758708022614
254,601.3181058253571
778,590.9209437103794
357,603.2513099035056
793,609.2675573405963
688,621.7836134446526
429,614.3101167194455
897,598.5496388451015
843,613.5305244628863
282,633.0998901606578
725,605.5324989884541
590,618.4081890016134
380,621.5044536333692
463,621.2591064465263
235,612.5405874896732
868,616.8730904200924
520,620.4463035066659
335,632.233521958395
454,621.0111195587504
193,580.9187431961685
843,614.5659688225346
375,635.5923528609239
723,627.5963853506012
511,621.9642178090911
562,616.8550290913158
711,605.0223840408778
294,617.8392280126805
333,598.9684315708384
435,594.024417686765
288,613.7855297292772
889,615.1863849461508
486,593.4579871955723
621,614.6037376259122
751,607.0431651849945
897,624.9005949787198
245,622.4785391420124
377,614.7218703264786
949,595.5091474476371
294,588.3179477211406
403,632.1907574890568
937,603.1014777791592
349,615.0596003692323
829,605.5413444827195
320,609.1608327786893
862,633.412960005351
403,594.0355281049685
765,593.0516399915213
825,611.4010154444653
692,609.0460099193282
612,618.2684228687757
420,595.9628013615791
282,617.4885106249769
308,626.0705728076283
473,601.8872851242886
929,605.4159766618405
933,611.3339762187352
897,585.6985884355108
521,602.3788707890183
299,596.4911262253202
851,632.8135268186624
317,608.8021511020688
403,599.0385379307173
251,604.741599593215
821,602.887532596521
530,612.7198352658726
754,617.9206802362911
362,602.2248866628414
683,633.3717880368265
962,610.2280068377061
693,617.0062258934713
842,622.3522322197375
867,595.115809127243
885,576.8750686297305
517,608.2094209209388
960,609.4832131533667
838,636.7231009698976
717,626.9315840698137
398,621.3948668862286
263,614.1480188031042
270,609.9096108731986
373,631.327781143648
979,633.754821394396
880,626.2446373291327
548,612.5725394063041
573,610.644527848851
436,589.1697811882954
978,636.3064302644881
364,578.9629067105475
973,622.8578548227633
785,601.8602282503384
250,617.693417402144
860,613.9686158237591
773,612.9642214789819
582,629.4125347877965
315,622.9513597126227
408,629.85403461987
974,625.2253137496465
331,600.0270799873323
716,623.9820424181324
236,608.7114222402986
390,616.9048768766095
700,588.8364945784258
319,595.9128448244965
340,596.8883481410126
946,616.9238718745479
639,617.3311532571619
350,621.6994771966989
876,619.8373754484389
356,588.1402577526903
905,600.9607021647978
374,635.2814805215367
554,592.9799141589856
981,627.7683833959773
844,599.1436844354857
381,622.9066761366004
239,602.323108800255
513,597.0717759086114
440,586.0167714795958
399,579.9934801289196
848,600.615511270865
269,602.3002654024914
364,602.2053689434888
317,638.6843996248474
398,603.9522256374073
952,590.9252966074798
770,611.3689557453519
363,604.1129499499808
394,594.4705260049071
826,595.7005283818629
924,600.4776348569684
725,602.8925025843937
620,620.3822731701749
308,604.8268637161448
445,604.2290667123863
258,587.6821637246949
932,614.1375023573838
582,600.9377675768341
521,625.591706092096
666,616.3386687333939
653,621.4275680977919
508,596.9740281098035
793,618.6864698871524
810,625.1017545592515
693,617.2983635121396
307,630.5356594492283
480,605.7226886674745
788,646.2922155932613
945,588.1038752658513
488,596.12107271537
816,617.7538829762716
855,633.1173214290048
744,590.909781923404
984,629.0417364536595
418,624.6351551075385
295,620.3336867343062
876,603.8034181652657
676,613.4301970422555
742,618.598562289669
745,608.275385828409
338,582.6382564450996
368,631.5853767343468
829,596.6633202349357
528,621.1313647991535
509,609.2702953059445
283,615.2477968959918
336,590.7587863815895
301,600.622131364019
504,601.7812932732523
909,614.6448468134507
359,603.6796838030525
545,610.0335471736344
872,625.5052162125902
830,597.8111991758336
515,600.8855864070601
579,592.7964511674688
313,606.4060869265637
931,612.2464605636453
939,641.11807957355
694,630.4580139227276
908,634.2144607331534
941,638.8131159376626
323,618.9035045508408
643,621.1071363438457
552,610.2198785813238
555,627.9993615522367
844,605.1414626804808
318,609.956944206649
840,592.2197720428196
392,636.2968677695104
769,604.4467210533335
857,605.5802231828145
695,601.6761591132581
796,601.0478111694008
587,598.8097465989298
417,624.2002404341906
407,610.3182609065476
283,614.6253825796132
931,644.0278210350584
896,596.0397481915958
676,595.8449041787687
438,618.3249238888732
634,627.9607783157837
625,594.7609286386097
907,623.1397426698923
375,619.8283989188635
673,608.4143194485704
730,606.8014091946167
680,601.8172320446703
1000,616.4596966509414
655,600.5210289150415
832,598.0323257292575
964,611.4802341497646
841,628.6344837472673
833,595.003000257603
419,593.6842730440987
910,608.710944019259
834,618.6211655199202
441,592.8133986368746
783,598.2363224493148
240,620.3419079692245
834,606.8883011842898
528,620.392643370149
331,634.8481677481914
811,618.4132810475263
813,625.5618691213294
441,596.8804730760789
812,631.9550023972496
331,611.6104984742726
933,594.9827303973094
288,594.9483252236389
370,630.6263103957823
430,636.0346281306886
888,629.688805243468
370,616.0954586515466
801,623.3040180144342
454,633.4204199662594
278,598.7443724154122
388,622.1046099297888
314,623.861845676161
853,643.4026260962338
848,602.8643907838328
776,637.9677941091544
441,604.9211653051125
658,602.1499813390045
829,629.7673883616402
916,593.291815924754
660,621.3560739983366
355,584.5135161749822
792,615.1575557619665
788,613.7125436338856
761,619.5276804908015
388,608.005585143196
410,610.2815262630459
620,604.9559828120475
918,609.0901737825662
576,625.908180648687
562,599.0762670711277
875,599.6865844051636
591,612.8823425633963
644,641.3628764086375
412,595.6005671408269
504,611.9478372596138
688,604.6029691739607
518,628.0151141274821
928,593.7165894020052
467,625.096886359365
838,595.2611285217894
548,591.2887725991478
754,633.9758749733608
408,614.0457039839999
770,604.0067782225926
410,637.3405511705973
432,629.6020765888385
528,601.5820185442087
634,614.2619955809469
902,621.8079773285374
899,608.4035883595423
261,606.0863435451062
867,631.5387417241102
480,591.0072847036946
770,627.8359416246523
460,633.0929219727946
910,587.0904353116647
240,622.3471027651601
338,617.7234645499967
494,602.8427652872513
752,617.9359273203293
433,588.4848401715104
462,617.1612756582588
844,578.330625253796
322,607.6922861529875
817,582.6073437297717
295,593.4195609397927
294,626.246899027986
745,613.6295864042935
845,616.5258991510941
424,613.9021715894577
680,609.016957330615
841,595.8579032995132
945,623.1693771121924
395,588.2050791734805
954,597.3770828349171
501,588.9526749742648
322,618.0223654589378
639,590.7218014828496
319,639.8678303564047
760,593.0134284738493
961,610.6378966730872
467,609.8520276796236
402,606.5543652715884
892,616.3102293321856
254,597.3049805303576
552,627.0440617297646
781,620.7849833635588
945,618.2386521687082
422,630.6345839556016
742,606.261918371526
639,617.9569769761822
256,633.5489465339509
833,575.2842718157914
598,597.9376272796698
864,617.2347294529495
796,623.7789952903973
609,622.3838276219686
324,618.8993405690769
938,594.3828123164195
456,633.1047965735656
447,607.6245404188935
331,589.9348855641292
610,616.8265215396606
532,623.3423623858175
293,621.2663802588186
978,629.0194245595894
935,605.6724387136969
959,603.8058535120613
345,613.2130711747964
253,632.9027613262723
669,616.0284009935552
901,598.3716257675333
391,619.4450854514604
986,611.6346367100338
496,596.0729695629271
244,578.3320675084625
802,613.3959607939785
385,600.6040509433963
846,624.3342106534919
595,601.8296675019179
299,609.8232216103669
295,611.165895326466
734,591.56520268748
852,605.9414737331058
818,616.1609965223138
346,625.8741658475541
946,603.2800029214154
607,612.4648176445529
755,627.1178303557515
965,625.0419791297647
291,627.6390082542902
303,593.8125719329286
518,602.1784513434369
613,583.4197978848171
813,597.5494416354517
843,611.9502051810144
232,590.2066100570354
866,611.788197744497
762,606.0918101656271
695,608.4921693643745
916,598.4510699513444
666,613.7036131483018
225,613.1354954055805
720,598.5871360810202
849,592.1369829908039
579,610.5538674659895
251,596.7502255210259
349,607.1179061701787
971,631.7515595431106
772,603.695839996089
659,629.4766855574314
774,631.4468073717474
320,620.4389984689108
521,590.8967664354352
892,618.3405862260291
871,634.5314675330771
446,613.9564798465336
839,613.9442172080376
527,605.3844633592273
849,599.3929975063479
336,598.4792198553863
778,619.6062983176197
899,597.0933599772409
243,598.042964713848
798,601.9365204631076
872,610.8252346839021
371,617.2055703108773
435,623.6378462945412
916,604.6930563171254
471,608.670810118016
471,610.4294331230187
553,621.5554875436968
575,595.0161878168246
748,619.872880611728
226,590.9117008223066
323,612.1250240292186
662,616.2744891702731
362,602.7079273873163
515,600.3577113463965
452,616.7883666354296
478,597.1268127084916
770,619.6962435325416
388,612.9394109624967
993,621.6456330302245
592,611.1628765226303
820,621.5417413853858
857,599.3586553022964
852,614.683990394402
748,630.2816102225404
700,611.7765406645428
653,619.0313539128847
634,608.5919292537372
786,624.1553236311394
668,608.9301011792726
294,588.7359328385722
916,615.6171648219452
399,622.5582616591427
456,613.9518550686022
435,622.6279031122984
361,601.297693223876
806,617.7678119644281
818,624.9818302199325
979,596.1722809834273
390,598.5032849623642
602,581.412674984869
300,610.0878369144955
875,594.837254121886
405,590.3184502194233
430,623.7806216087702
1000,596.9020542371195
976,630.5268212885635
610,594.9793905018968
325,635.837084523556
504,604.8115339039414
923,599.8039341784302
903,600.9741217347611
439,611.9874134969472
984,577.815354491715
810,605.6772242917798
639,617.6270116575934
822,595.73173813459
784,592.9666419763341
464,603.9508968045069
895,605.6709968641454
451,612.5965748800514
313,579.4147764552579
323,591.2059960802187
510,610.24197535592
310,593.4627162648237
419,620.990884778759
781,625.1211299322317
338,616.5095083651489
790,609.0209556036309
491,626.2788616430901
774,624.0486055427834
528,593.7234298620273
782,616.5620288478386
572,623.4666350958157
812,626.7639279846387
998,628.8739365365029
405,615.6129089738088
323,622.6469239908048
687,589.0245400989282
640,612.9672663642863
308,604.6559471839392
938,611.3319108718537
926,624.947055643861
954,621.2779263489148
471,628.7703033572626
542,592.436830235278
652,619.4741123224111
407,640.116332042314
859,598.2126827173859
476,619.0637016357092
297,601.3710714508836
310,608.4835237743774
655,605.7892256572509
364,580.6530414409367
616,575.7281545239275
491,614.7544571244781
498,615.6274982530596
341,608.7464985460451
901,595.9423114182839
896,603.0978161570227
253,606.7391336379338
295,614.3766642005853
997,620.0072169219891
179,582.5286918259354
772,607.8228461250393
584,619.6941617937082
735,626.5069429340338
513,623.6635623655253
603,606.7420742412737
870,614.1219567432398
444,603.1956582933136
408,595.2040928413481
943,600.961216535692
623,620.9294548201591
847,602.7030403046482
367,615.2617106250233
792,609.0941535225214
288,619.1180611691098
574,604.8895528534041
690,608.033943615194
670,628.5923729969568
962,600.1339567286224
647,618.039998655474
345,581.611597974476
836,603.5508708355355
792,639.2939818454402
891,596.3977694426327
459,601.9675743553225
390,579.5553589917316
289,625.690986678431
404,622.625730876026
288,615.1653559627663
755,593.934049761175
734,594.5662837782609
848,590.8609646335464
536,594.1659798845392
484,599.3731938463824
507,616.214371494672
966,618.2859728534843
857,598.3993293329586
766,593.710991561833
868,619.3239373855168
293,613.9078355049917
846,598.3519663557646
833,593.9252308756671
412,637.8419542580415
872,590.0055823437307
933,630.6743494584321
265,612.3843917047282
449,597.1995893656403
906,600.0655886891329
639,610.7346776347724
657,610.0058648727962
341,622.9180302096339
396,590.1839835246847
312,626.3027374365664
961,620.5235977390851
260,617.1474977298992
831,571.0664508517388
849,615.2674373215717
424,580.5916839453874
915,609.3827016927623
586,617.6779251309226
838,626.1734366182776
724,578.070057974576
766,590.4238330635785
886,609.7585713205343
726,608.5076010148938
439,605.668452349552
590,616.2636247074034
774,627.3195335459212
825,633.2114292171442
682,611.6264856755848
363,608.447967654091
886,596.9062962205942
301,630.0389579295354
844,592.9598512868874
492,608.2675740084899
537,602.2235430646816
429,630.6992545273487
771,617.2417952981115
513,630.7512194661579
575,610.5862174393558
540,610.0663422899006
817,612.0681188727389
831,628.1086902338559
820,592.4169951146055
512,620.5230210425774
470,604.1981893806044
764,636.5998159161419
329,597.5490911537228
825,615.971969775951
586,617.6039876879279
994,611.0855939152424
295,596.2808114874466
997,626.5156860479976
473,620.9549466691249
681,596.5937774850767
516,628.9696462860909
287,599.447494708617
694,598.2292432178299
453,611.7531787398055
942,622.5170591441514
978,592.8031603252662
960,605.5207266327295
956,638.7015742887662
283,608.1277093087673
408,641.2184133040598
524,613.1501674244225
700,614.2827541040964
312,622.0389679217676
481,626.0294089933624
706,624.7271290915842
284,615.9111310471618
803,637.2549316029599
346,599.4443733195722
925,579.596045273906
381,585.2954289113367
666,616.4882226956743
841,620.390214367359
947,607.816174869879
886,619.7460610068039
820,590.1766075818813
917,608.9403276786408
500,633.2989699999114
440,599.0099791364729
738,603.9420344708159
790,617.2135396988996
622,592.9859175503724
702,590.710469791655
674,619.9277963381786
896,601.4602574527639
480,620.5578434854742
877,606.5838535886212
697,620.8375294093119
463,621.9134997805858
480,600.8530022399632
505,616.8704771325422
352,571.2967035762064
863,629.8343058048494
490,614.9657551483999
765,578.1281966425792
505,589.9595681429314
771,624.4531561583563
439,626.8604410000548
833,593.5079709605569
734,609.439143535107
380,619.1499390782793
591,633.8025360035836
950,628.2539924735148
700,603.1444901590746
906,619.659296179436
553,594.7671279720515
479,630.1596487243186
954,634.3593454992504
855,616.2697828379753
647,618.1398400891904
423,627.9941078542491
450,597.7178113439962
599,629.4008439348053
598,599.5433083391673
937,605.7230886118357
320,581.6228028287641
841,599.679941222907
867,591.9518191946249
760,632.861988327609
330,628.878031205204
854,600.7923515416852
494,619.4509501438213
465,610.2574950889975
827,601.9226919892958
915,599.3952296417635
913,602.7894459252354
641,628.7307050703455
630,605.4470530056019
823,577.331398978871
423,594.0338976297863
438,605.2725076740325
871,594.8192712791736
406,609.5907356340399
838,599.6886999522442
254,624.3896200173962
783,631.2603222254138
286,621.5675286882813
771,623.5840939921366
578,604.5093569390433
606,605.4282122851336
376,595.6641573725201
218,598.837548932322
296,640.7139038384831
347,642.5391650136343
550,622.628217860291
520,621.4208355792731
263,602.0989757886623
657,622.4316846640833
820,621.4979531623488
641,624.0212821625353
807,600.1416118996875
333,613.5732775933241
735,621.4902159967702
347,609.0277860738323
534,596.7668699114589
542,616.2302619561367
933,633.5216160977745
839,609.0429765036394
684,581.9911081931004
815,597.9011157187987
820,588.8820238226203
937,640.611791527982
881,603.5076860382754
508,597.5379953376199
386,602.672176977109
459,622.6679459321149
567,585.7048965524319
875,609.2828000974516
432,634.781104467556
450,610.452920919736
420,626.0155103156528
837,585.5635954112903
713,601.6724717099353
395,578.2997480628268
831,603.2590505792499
832,589.6631209694488
844,630.236096099607
878,604.580434333379
290,610.3051986272412
929,587.2955286975836
695,620.5093102230144
527,606.3506607963758
305,604.5178205091175
912,619.6379038742684
613,612.558284310498
915,617.1817848632742
912,584.9054619784943
857,628.750324607766
578,616.6255834514847
688,632.4812963116701
785,629.4060237143945
486,626.0287614316927
587,599.7510062654217
563,601.1115210858645
767,609.7834417389286
917,611.4406379754663
602,612.4021729398025
720,623.4949652693209
831,628.0513888612029
567,581.3816635685926
341,599.4272421827296
908,618.677240955806
712,597.8740510085671
616,621.7074443308805
292,620.8716605134517
761,604.8236434373607
299,596.3455202922204
499,622.0826266565672
426,617.7145710098979
507,624.9556732022739
530,622.3241787622553
757,625.3932931817988
922,608.5398013768706
340,623.3609240249675
701,608.3689298060638
315,626.7626313992583
358,612.8557201444127
376,639.2111265080681
279,613.5652104554656
374,583.7727268410332
417,600.8791249085667
512,620.4592745142457
892,617.2836655746598
321,620.6192720554842
317,635.1080167695238
772,599.9323760119988
653,615.2701062673734
970,618.9117120983196
617,592.592846080232
433,581.5076670255838
688,608.8506628358049
579,632.4801769537981
251,641.015359115763
834,615.0655157024909
338,594.5810593301798
345,612.8052876408034
288,635.6639113245467
606,632.8385518806266
423,597.5112193785491
640,607.3108827942245
817,639.6800944736783
647,616.4731563235451
419,615.9123625070742
517,624.2920310968644
289,597.1340715383985
920,616.4733031385578
937,608.9450230980276
280,606.7134305104081
635,627.4561345671987
908,591.2822180718434
771,586.6013482249206
709,620.2863357217942
739,628.4718132788084
877,626.3719909332286
718,612.0162756486068
830,608.3688614705014
685,594.4610551707057
356,615.3001717620781
768,603.0719335051076
450,596.0305143044867
839,633.9953299980194
347,604.1350814881597
614,583.6247362889466
736,631.1712145188314
512,600.7000702104982
748,627.64031720445
366,619.9213894563698
474,605.8204545921807
932,623.6517898391714
321,601.5356587841321
314,598.6940333670706
870,624.5016496347665
994,614.3782712418483
422,612.7134071608567
309,602.6476196691066
289,612.4915320267042
536,600.2619820001273
425,626.4229761126251
911,609.1167506057523
858,604.5768496427452
253,600.1377521749031
938,598.2779434478794
860,608.4789659153697
926,594.643712626253
555,613.0316497158079
738,626.1129214420383
578,626.2561330779923
546,580.8951201272876
833,585.3895606933996
571,610.201818445128
241,610.2011322865225
635,603.6110260471407
663,610.2416707566728
351,610.8377857841177
707,608.2274921974788
935,627.1215261121254
817,621.446566058098
805,614.0037992926567
472,602.9091281047163
571,636.6838149547258
934,609.1543064441363
748,589.9216678429032
323,613.989334759492
905,609.4913768225863
687,592.0359469004912
499,616.8057931687624
973,605.7103251608343
299,597.0084747831065
588,617.1450466328064
714,584.1513621020366
649,637.2485310278291
784,633.601401333727
805,599.766316996874
891,619.408913708257
621,632.5846749441694
832,607.5938367883562
981,595.8798162572389
778,627.6520124664416
415,610.3884904742246
900,615.299338781629
457,581.9666578471662
274,598.7618420141448
224,584.6173792231875
373,610.0340979440563
935,624.5804076361619
802,617.1048867566373
948,621.3880489878219
882,601.4739691064126
515,628.3367934705119
570,597.1411631096953
626,600.6678291542815
832,595.9092660010567
914,586.7689804696525
871,597.2672722805474
363,599.6896317174803
344,624.6850417880621
543,619.8855951897096
318,627.4770986645583
802,612.9610862948025
358,633.3902120440922
351,633.1893348484941
507,625.9287830779476
389,627.5532795172173
849,621.6559423212813
562,594.0240338345408
973,631.5732926491185
598,603.4775630748035
250,610.1157636803454
471,596.9221735906768
379,592.9913626362497
549,601.6105468682707
539,621.245279776255
838,595.873355506365
930,623.0013408104047
457,600.7778035774436
966,630.9510858515129
450,591.7188650640431
809,599.2286575557038
609,605.7057769404165
628,599.1636930761325
304,580.8974606557056
237,613.6369163230254
956,610.0355186842828
813,614.035081013671
883,606.3253093684466
864,625.7776256322553
705,607.1975733954373
300,596.2691698094394
529,612.8345320027772
367,618.6738140134547
330,634.5295993825004
788,603.3457422296552
884,618.5278220545495
826,614.2427257238729
875,616.1987569033712
854,608.7330216594793
930,600.1650283257248
375,616.875173311867
291,604.0403054764051
280,630.8761306582562
1000,595.4574530998528
959,626.1384173408366
848,627.9545044830174
868,588.5580717127989
945,602.9831170051739
961,597.1339240958744
910,603.1375697285324
733,608.2680479309116
861,606.0104841694346
683,627.5215303718485
491,594.5614511810802
271,633.3936187874257
823,605.7436564956507
830,587.077162923089
633,599.5330785466144
822,611.6843574355732
574,607.9694470118283
663,627.9557606749931
552,606.8299333934274
271,602.1710127018512
733,610.554796388181
797,603.6710695400766
971,636.4316933291683
356,615.367245285633
237,622.6150959026598
619,623.450065537813
865,627.0713982904743
415,611.4722882807249
341,596.5141181594987
444,612.1394695645147
850,617.6431584742099
858,626.3092661090742
834,592.1960512836567
597,622.354648206509
605,615.0451880137225
874,619.7482297169408
445,601.64879282032
377,627.8682423614573
834,612.0108591597602
279,618.7585692272501
685,619.1786571347508
513,589.128349761735
476,589.9713892166358
795,619.858663382654
265,620.6742694615778
699,618.995629759463
664,617.009628241837
502,607.4461108794959
475,606.5077393037059
543,586.692494994097
592,605.2224003138175
292,620.668249048888
809,635.3586089870563
642,620.1251710564313
264,614.5608221453515
720,601.1024533700794
273,618.473357348481
427,600.3784050371929
310,599.6286507098046
292,617.2390678272766
476,618.492882343856
463,620.2751188449564
398,620.3251491814016
304,617.7609777241212
956,620.1764986522699
982,626.0876005741087
368,612.2277050040898
584,605.148849627009
649,579.3106507596117
560,612.584731875145
366,624.6924277642289
740,622.5173031660505
918,623.9470144635586
681,609.0524405154536
360,611.2372614869306
530,596.9443533370722
406,611.7844509625503
647,634.3583086557538
840,605.8615992179714
523,618.6049048461301
638,633.0569330106692
325,600.2614498206224
717,632.9936161620822
885,624.9740739233483
355,606.5647172644444
926,629.2615022169064
793,624.556380082164
502,590.8686921456982
395,631.5894388152713
823,620.5434252572388
309,630.2162866158495
601,602.3103685003815
293,595.889414072058
605,606.9337512348649
644,593.5599910711378
363,591.2409997092108
542,599.2650330005343
950,613.424918333661
801,615.7531158433645
368,620.1941516239405
506,627.0303796391152
273,604.9959541667263
364,615.4274966111628
526,589.765808384228
235,587.0384163637893
502,604.9845566636658
684,609.4240177559028
883,641.336070721558
656,637.8306899741353
785,604.6271352078109
462,635.7857123425513
821,605.8175432841816
817,586.9544037950964
624,628.7785226536822
851,589.08547235917
863,599.2299893367278
397,599.224539851071
754,610.8317548507508
846,610.2978130150282
792,583.2178316645586
655,607.0980206557002
442,605.0856657908749
287,616.6622508219764
468,597.2835214471625
606,629.7416404250006
534,610.3667119003543
948,604.2964455554364
673,600.7592292936682
535,619.9420184382126
872,625.9233561164078
550,609.5809965654452
533,621.1345211282229
519,581.843266077095
804,587.4884533435248
374,613.6237333063749
608,614.5717700017558
536,622.4371890118654
417,587.3584837564136
388,643.7789582226552
331,595.6632959363104
758,608.0740906554573
423,581.8040226600438
854,605.2211609147383
556,593.7100637747722
353,592.8308921280122
602,609.3582665085122
456,604.6998574822093
399,579.2738343103873
563,616.895980532879
543,634.040653185411
429,607.016421862267
859,624.1120898185234
268,619.1922925663927
945,608.5564809549504
648,627.3452516662943
397,607.8622774584766
913,602.2047273965385
272,633.4146620245331
946,628.5277561228067
477,603.9673193840595
891,631.3866716875839
559,616.760077410091
875,615.4321179011973
272,589.8041247438501
676,624.9697230296488
294,604.527021221786
277,604.6514615237054
808,608.2586763310395
859,591.14385387707
757,583.7893291388507
390,615.5098124332557
814,599.5926828630232
377,590.2120443479603
230,611.3599430608664
683,619.0458070600172
639,617.6663590403989
551,580.195499485673
491,639.9992079020861
294,602.3680693006731
827,597.1418716247287
284,591.2231314462307
439,570.5506969808278
365,628.4135264440936
561,605.6718444083564
252,617.05020887961
450,618.5085308332642
1000,635.1468949957942
915,611.1558648295752
277,631.6345550148078
906,595.8978375808155
394,588.5347769695123
581,601.1962803172331
959,602.6490393071506
360,625.7335903470846
480,588.0210596354218
548,596.475731090335
855,623.3365999519773
563,637.696021375979
631,625.6494942577119
614,613.2653809263985
369,619.3052228221957
650,602.0669689114685
702,624.9188808792026
335,621.6032486647327
918,611.0342688549757
441,578.1548661802295
766,609.5956542264342
847,584.5583133439068
800,600.0077133915872
452,622.2074068350903
527,589.4472459846772
472,621.837340597743
968,615.7495519038073
920,602.0328840787582
312,621.3474098628952
750,610.434642140417
784,589.6739506716907
923,620.387078726357
268,589.7653201732855
915,598.3388619052955
555,603.5964259927754
459,614.3986829886769
649,633.2123040819598
625,597.2443737757644
988,627.45564002178
944,601.805485819788
670,622.9385381346035
953,620.2091496448066
526,598.4316412185406
844,618.746013902296
534,606.534187412377
275,585.2838669766561
873,608.0894467303455
383,619.6413652762337
216,633.8245493699372
897,618.6832244993585
854,607.927156441076
663,606.9404761717839
477,610.0746611176462
476,610.101698676113
299,606.9530491132992
806,596.7472136457939
353,616.5097415535446
511,611.6685740375266
630,640.4510950460693
309,616.5530574877816
340,599.3928829438128
396,594.4944673508078
422,621.6284598090307
933,602.6848729547556
893,625.8196952731591
517,594.9437268184097
425,608.2542189182619
425,611.8779645680349
422,599.7048805884332
328,617.3331938814565
477,592.8583692023809
558,585.7525243690078
881,609.5569195164937
861,605.8875240734718
658,620.3315567814715
308,620.8732327948384
256,586.7805951216542
388,630.8253878258238
347,621.8935153052726
449,609.3689960240515
849,606.2155906174892
629,606.8207052382129
770,636.212029800159
901,622.4690609019868
971,619.8661292996412
848,639.9532006968627
883,625.5967994117277
304,619.1558052727529
872,604.5984376374134
248,613.384207344036
917,625.3842099212109
263,601.6676081563456
316,624.440104783565
772,608.5759005545538
285,635.1470560982644
942,599.8035430371194
569,596.6646250951675
407,631.3782227955899
893,604.9174565301961
475,592.8963832547761
963,605.1006696765442
329,620.1834844471574
750,629.9278982018759
560,598.3895994168093
281,593.1194802182213
363,618.8105658603761
295,591.5547596949958
445,615.5948220304448
474,595.3855425531593
641,582.641146595156
346,620.8519988013247
372,628.486545219989
910,630.5542445036431
234,621.5501713867172
683,624.1781087669555
231,604.4534530565396
274,618.783089658586
709,611.8941130467591
554,634.681498864685
946,614.7656275287403
323,605.5210379159702
678,618.1315260152144
655,607.1351932712131
523,646.7774289855779
890,610.9513837312228
877,593.6865589960173
273,635.6027691019094
300,612.7687241600371
929,629.0771937387199
821,620.4458867693519
268,627.0086203465459
411,597.0115955677903
739,616.0941180304114
441,599.3343029035602
965,608.2429954865917
880,579.6982198238541
945,595.565089060689
347,619.3657873515035
217,607.2422019730674
896,629.7712402130483
657,596.2718086963822
557,601.7617082312166
917,607.3659731007821
827,605.0160855195719
453,618.0869193816532
608,627.0873527908152
912,612.3571738784667
310,624.7905878573183
838,614.5041529091629
465,616.4879257073621
786,588.6455921780217
545,611.8387285557641
306,635.0630505279005
601,605.7375655147711
396,594.0307103255805
488,624.7733553551043
521,588.3005253953402
928,605.720283806301
899,623.72356930364
808,618.3587772818767
353,583.4347437792462
255,600.9286094538107
583,612.0216939958108
961,604.0428477733234
844,604.8579724074604
671,596.8922364047319
739,630.2031857724012
488,596.6532230316335
851,615.868833188479
499,602.6909155444367
696,622.3462856510721
276,603.6940696317607
407,627.176690536617
378,599.5866867412768
281,579.5906199587171
688,606.7183046019481
377,621.0415910095204
362,595.6010652914513
924,632.4009397387722
907,611.6574031459743
590,629.8515591267472
395,602.6731386914089
718,592.9199038220577
325,639.4609870872847
773,632.6393211527377
410,611.8625925859124
431,600.8569105108287
512,629.0028567583397
575,629.5466265738695
578,629.9272844769955
974,613.0957074735355
718,586.7467553936856
797,602.5096560614559
886,603.5870225998079
667,598.3514861115308
257,615.5044530495006
716,591.4413866205545
361,609.2021427335644
878,615.0058732072229
919,616.1466934837733
512,618.7951607370517
291,624.5213301380992
749,613.0022675342291
560,630.2179030210107
415,611.17138816321
858,622.8454432594436
594,600.4381236172226
310,610.0170320911774
912,615.294108147573
1000,588.9283412935364
867,611.9628266060428
577,605.0670833505405
382,621.7544989069273
442,615.3977421813192
909,617.3730421325604
966,581.204333618217
777,619.2263360503623
738,580.8531466658785
875,604.1840667113594
303,629.4841485562166
403,619.3422726968486
277,589.6911703197025
921,628.1176217548455
846,589.1738751597626
480,610.725279227168
509,604.1325641321602
338,617.6711199683983
924,597.9571161204809
865,605.1631767109593
721,602.1609277718667
832,614.869570620907
268,606.9691022636355
562,614.5671488374655
348,599.0771271889299
351,586.8593246186872
625,632.9305571721086
822,612.1943183206542
855,600.2747832416912
917,623.2203874042227
304,605.1074710335324
513,584.6028373249183
887,610.0484840668084
528,619.5746361717033
679,634.7984398263592
375,626.1637162745866
426,616.5501360995078
503,577.9461151485037
714,625.0633265505588
820,582.0809430780918
359,592.2656925293288
494,603.7756543505177
662,586.567536574728
646,607.7214079566767
368,584.9928826865494
335,596.9302401939561
633,602.7713099970647
517,631.0852534559184
735,621.5600960118649
965,601.2427366093661
646,622.015200713752
725,600.0753506834574
562,625.91400044725
494,613.6251966304972
864,612.7714178423145
371,614.6027405878436
592,618.8671612074603
503,612.6110629990662
759,603.1995121755127
252,593.544104711681
312,620.0213276728866
282,625.3926159858265
588,596.0456077713167
874,611.0005724823529
741,602.6002267740171
327,614.8492679971321
660,614.8573334281679
1000,603.1171620646506
366,597.9901064832569
772,584.9568573789414
904,621.5069417216284
400,628.3958407316356
512,609.4856231841574
419,602.8020349083943
638,621.1754641719284
851,594.1723242699295
868,602.735110011212
582,620.2381582888064
460,624.1097575041472
389,589.3611275423132
247,620.3242808815596
932,600.0108618790435
667,632.3306174195606
321,591.580118870221
285,623.242773825299
722,584.6148335679549
385,588.7238016043557
485,601.5898326453794
433,600.8706902952151
806,607.3811497851673
415,598.8488085284024
404,611.6305020312129
328,616.6666587417913
350,582.8647167158554
603,626.4375597598162
490,635.8491799273246
617,629.4800873196425
736,610.127860793519
549,610.7559553912788
841,613.1610485173175
873,615.8481225429854
872,612.8742141993594
509,612.4208751588795
423,601.4586469136956
739,617.2156349843574
615,612.6205651904621
667,609.7370163631258
961,611.5473369432027
874,607.5616406360556
608,623.5849875103078
827,620.5605398919198
622,603.3048217308935
413,599.8155737002008
1000,635.9322185149725
407,624.2384432283765
310,603.8455968734571
981,602.5337338361651
698,627.3363860366553
551,597.3762515761066
392,607.2023664357467
712,643.442833341144
668,584.1874175802234
772,603.5366638833956
393,593.8599545082927
308,628.303440644317
965,598.5232937435882
565,610.7075590120307
651,624.8238137636129
441,635.6363054149703
269,626.9933572349262
391,619.3819157914666
573,613.7416566229443
548,624.536092296634
589,631.4738315481842
519,592.077035525861
849,601.8002468331547
944,601.7455774643797
966,631.352213200379
486,589.4313855089151
523,611.8617034263192
577,609.5777687229579
467,613.5216373883804
602,598.1690667031296
462,593.4993694946168
621,625.0898515677046
901,603.2469428711879
423,625.6352284235558
562,625.3106430719411
506,602.70629828985
587,599.1988276842386
576,594.6908328292892
648,611.8384237063528
884,608.799673656904
769,605.3919812828143
356,629.9755019165062
864,621.4716757541775
366,588.2026829465588
662,571.6805839563287
618,609.3029820427618
430,601.7255440960824
382,590.6607239267237
321,621.901372448587
406,634.7902538216714
431,614.1547638983816
659,590.4731412027863
269,599.7481857439656
609,619.3159544486673
416,600.2750934485762
452,619.3321070929372
603,590.1796860378141
840,613.884020199961
525,622.609344650626
252,604.2775682905923
880,601.0805434185912
912,619.0400984833627
657,611.6070245187742
302,623.8136936620308
313,600.1728535827539
897,623.6205932612452
850,621.0560494916982
776,597.9586549072816
525,600.9357647728554
565,594.3443417915764
659,604.3462362748229
960,593.5097812749747
347,601.39249926423
295,630.7749489386804
469,609.1972463224446
783,597.8214431283193
584,589.2450797204244
767,582.7235246887711
603,596.6871892223578
945,620.2564484258196
411,605.5607085349858
379,605.6314246319444
398,621.0660253693582
734,614.6053172983518
886,580.7627818523067
442,583.0006761691685
609,643.4708635226453
569,625.3235117630796
514,601.1616601278535
707,616.9299400294692
485,613.3339416642101
576,631.9208705946054
578,622.7178162872839
605,626.917865228751
856,638.7380744965245
741,613.1044551426303
519,624.4378711568645
788,616.71464496172
545,595.2462968713594
937,612.4512111156799
619,602.9429039990946
384,619.4764024696016
854,621.5440098104409
937,617.3081065702557
249,609.202251743066
379,593.5379169809224
278,598.478306540479
512,628.863258110436
826,628.281312218198
533,636.1531334056269
848,600.6694678258366
432,614.2056248866928
295,618.4237898449068
504,590.9683523352121
297,600.4006015083028
887,594.7217804669132
536,606.378264398669
837,600.720876948294
225,601.0822039288181
591,618.3053146539772
419,617.6717225876353
489,621.4681374492325
723,614.7789975048809
824,602.7215727135215
961,587.5044723012866
423,624.7661806416954
316,637.9056402277125
389,614.2386446177147
909,594.7156306301013
911,644.2134277607321
796,621.3356818524138
777,584.3638594266939
737,634.8450585601294
405,609.7565458389985
257,634.6675830175891
574,605.9290264281761
568,601.0538470585615
430,615.6227605848088
573,607.8809526352995
398,589.5180380420614
966,633.3689305928485
281,620.8408740564764
367,609.4488119912696
766,595.769249284725
240,598.5757069383511
725,617.2493007114125
481,595.5765296643356
449,590.3291535494047
456,614.7627285626608
880,587.5580399995947
696,623.2471336744196
520,628.5239811480903
605,607.5610694598162
584,591.471670966562
928,616.0210609777384
401,604.324392487416
326,621.839008616146
684,621.4416215746289
423,616.918062038348
871,602.6532383281041
395,615.5414989376278
512,604.7567512175327
847,600.891261035817
716,588.1768138596119
228,586.2838588298421
416,598.8619534802012
295,598.7954246965198
612,615.2057539155061
934,636.4845643847283
833,615.8711650671102
687,606.2436433898652
908,609.0211720716403
836,626.4752420129613
800,592.0318009471005
486,626.6619648777905
368,602.6966196038948
447,609.5418413358167
944,626.9059029526611
846,598.9722582772463
529,594.6798851664777
581,583.7386057403743
301,601.101019854308
472,594.0263264957715
820,605.150435727593
517,620.7318813336532
284,606.6445034634496
610,608.4909880485316
721,578.1348867401764
908,616.3859723768744
652,602.4743233290421
251,592.1208051360255
818,607.9528225705432
533,628.9898964227466
352,605.267076187719
733,619.4643392995828
941,603.3760702964073
399,591.0347637285136
904,621.5531422930102
802,609.311588173094
628,627.3404633035409
746,627.2494011737898
985,599.1643739872635
442,588.3376590081469
777,621.8554333338283
765,594.7400084830875
217,620.7330200792364
488,622.7502200075868
387,612.6467050752889
864,623.2378451808709
538,611.2194794966056
529,575.818464818642
647,604.8911521046998
758,599.7580883336223
879,629.3506839801063
409,600.7239022524412
833,610.8378573401252
672,616.7681029003579
334,632.8254915952441
362,645.0862207881606
768,590.2763385946116
480,625.8409355211767
765,618.6925274038746
268,578.8604801200615
215,574.5284652753293
808,605.2965091523442
737,625.3733601111873
484,590.0021129384226
960,602.057529104337
544,579.0695635272567
893,602.610854342398
779,604.6767994650469
924,611.4822184785045
562,585.6961947631225
275,592.7330866563817
521,612.1939744575756
879,611.8808947592041
436,613.4004367967623
253,611.9974364325938
258,600.9935473868622
919,613.9752543921063
975,603.1775917127131
563,596.0882989822684
320,628.4107842355683
236,622.2738370400319
955,600.9573304667719
800,602.1540252935496
753,595.6336421491332
727,588.1100251600444
633,601.2334926073516
887,611.7895889839508
255,605.2895066732037
337,630.9443426359001
285,623.9392171659298
549,622.5949627530725
354,585.907301440741
624,631.2847954841161
825,617.1956963163692
777,596.318925777782
320,597.9621931191913
746,603.1374083546478
985,633.0033289326732
437,612.8093574974704
541,627.0704031520376
387,597.5325797471243
302,613.6281351932626
599,597.744349316594
794,612.3107064832122
346,606.7725302026566
686,617.1991208208642
816,597.9649032319838
256,618.9568583710611
827,616.1281710085843
366,635.0118816197637
418,615.1804129757014
420,598.7500212782954
797,604.509685157953
224,590.9898035732222
916,635.8709475572107
965,602.3907450971407
738,611.2860801793523
417,627.8146865504683
537,602.4886141086528
769,614.8319779355861
713,604.1166351494885
416,626.9301442143529
294,596.7130862504139
326,614.2494212675831
338,626.1996143057899
305,632.104408384936
502,615.7589764626583
277,587.6017808759453
484,622.7840935012331
821,637.9189017370845
410,601.7334960208739
277,599.8253740178532
757,616.9604876746808
627,621.9243890473643
764,621.8421046015739
825,607.0528018072141
497,573.4931515364817
906,621.1031119343098
584,593.8829603885636
895,601.5493785843494
798,641.3302529279387
286,605.5260456871525
471,635.6363680116458
312,600.8548078641824
847,616.1483691647263
723,607.0757628910395
752,626.0972359624769
281,584.3844746018976
850,600.2096820146368
829,604.155651585733
959,626.5788007254912
311,619.7263755982877
645,628.9145217010066
553,637.6217719639209
307,601.4756014897166
398,615.2715368402824
275,581.6804219143138
315,619.6512642104693
985,616.1322770094727
670,600.9386735205311
228,595.380514915214
838,604.1193454257902
935,619.3722471550401
341,621.6929808957344
422,615.3010059765428
907,622.2288369502593
444,608.9982728532066
299,595.8969109726314
643,607.7875418810968
452,614.9574412867898
739,591.1973807487037
492,620.3496699366997
455,624.7286254178426
848,595.4913604635076
397,610.7944717515967
647,622.1984745410531
839,595.4595458320167
822,638.3898867015779
843,611.2859538917342
279,604.9570451150889
883,605.0331280491133
898,605.256101130268
1000,600.9979025415583
498,582.0968793382822
616,608.280772155795
926,600.2849937637491
964,620.1071177658545
298,613.7819608133171
693,624.63876785351
748,569.798803913429
449,620.9650192208228
587,619.9471837936478
996,589.8825050152078
951,606.8633703479238
808,620.1631991787973
504,613.0848346903832
963,611.9209937044436
346,627.7404162490155
479,591.817217254643
322,616.4282495839781
350,607.0125768320839
479,601.4713946792335
808,630.0725892105892
448,603.052576504948
781,633.3479975065845
251,627.0121825087328
693,622.5479381237288
751,621.155078016238
555,580.3492748988496
352,601.4615181825973
478,606.4486418091236
313,598.9500742432564
251,593.1177949927662
283,622.0522130924386
971,611.3894523100616
285,594.5816157320631
289,596.9796482599311
800,616.8042478074541
251,622.7589005350542
291,636.1517152536464
584,608.3497655503422
649,628.338311441356
796,602.4210558964958
365,619.3026492637279
625,617.3875188294026
871,613.0040446580809
430,615.8977859528939
604,608.5028085430772
235,585.8433472008011
843,613.0287481201458
485,608.7292322880422
413,613.9958284459104
614,595.8218057637195
612,599.1283440016932
218,608.5376679507399
280,603.1323268194035
873,612.9699896066991
841,596.5782054046624
585,578.6434190705014
933,625.1398378394728
630,597.205507835828
990,621.4489218642534
359,592.2327737426983
412,607.2996842002693
403,592.9286245135133
278,614.0386533491053
810,599.8059052905121
768,623.7973324348848
828,616.6935207544841
284,598.6918762273287
269,586.4748119282066
413,631.9130644989273
611,612.6964892057982
388,603.1815585283475
457,622.2997616107215
543,602.7368030094218
791,596.3941250015904
811,628.5376122596431
833,598.5872022459407
295,608.6537064824201
635,608.4783848550611
265,599.9363933932377
322,604.8952011593843
273,625.0787126259634
315,614.3719868244962
314,597.2162324501569
648,619.1722842856926
872,621.5277202290399
882,593.4433153082522
769,601.5835238568945
559,628.1117398828358
765,611.2839400147413
464,607.8565494613719
880,588.3237308348699
439,578.1539046404624
440,595.98716412257
700,608.0344215745447
365,614.3090232541568
612,617.4422893780111
574,581.2475816892728
980,591.8176281497036
598,600.3199120179054
906,599.5015550058134
924,599.0913316052059
746,621.1095928645715
649,611.2935534556683
963,613.7918288926014
445,597.154670704135
638,600.0127035975423
246,597.7651323525436
466,612.8139473372145
906,603.2428418350061
822,592.0547143826567
196,600.3450663733533
823,614.1074149289128
887,593.669883010117
538,619.7491452241434
729,617.1381978455236
553,584.7171620724131
879,601.4431679592336
484,627.2831001679365
304,626.1733245432351
900,629.4462168618094
681,599.989943381045
507,622.3207569395385
540,630.7490422467877
760,606.9270874255847
256,631.6235573293158
444,598.4214788984323
607,627.1950114323282
342,613.4972725635527
244,602.632927520538
342,624.7405455812059
632,630.8905939386905
413,618.5056293729124
769,617.2870606867025
873,618.2876747155409
245,594.5405930503784
385,606.2998001411877
575,608.8802835046356
890,628.2712218910696
770,606.8711145661698
935,616.7950489020243
600,612.3054003157863
592,620.9333539176114
257,615.3139284656942
616,637.1647565984323
504,599.417424809245
811,592.6325093018291
560,606.5488353860125
920,617.8314718290317
922,588.9375676765775
713,617.6043158347045
265,590.0955132103762
874,616.2451886616875
280,604.7971956843431
906,611.0036075055104
406,597.8110015934959
856,591.359464263337
369,595.2762504670158
439,601.781378344358
609,627.5021691527668
864,602.6556364770421
664,591.4757612041803
477,604.9122707880321
702,612.8782912525693
916,615.9749543596251
683,618.324711577826
719,620.3761253177283
284,615.2677135465455
591,609.797638768561
817,612.2413996563295
754,614.2380735261119
617,582.6468153757614
454,614.1184499404258
821,625.1113290263866
753,618.8042441094002
761,639.8927819336059
736,620.6702981671647
611,597.6090528258189
539,619.0719422863701
449,594.4417139591483
675,607.2168340095596
436,604.7897064754284
852,619.949279000924
879,629.683810497648
824,613.6713268878592
689,622.4160075695117
978,615.4197408188735
807,586.4758191775244
656,618.5809609709978
357,628.7509666132385
564,622.3713675212153
598,627.7292563421078
335,589.1732093071541
796,587.624090545463
336,623.090050496406
545,591.741762008201
583,624.7441088791501
268,583.0001500045627
809,589.2841596933528
924,619.2506341485116
500,625.2474314293448
654,597.8574173227901
336,616.7546016750958
413,606.0815868316558
360,626.1273330911397
951,588.7648508001423
789,598.8527929803543
474,602.5728282576733
840,594.972547740864
681,611.3089493236727
586,598.4080144021729
584,602.9008915818338
870,622.6251206690107
372,610.128702775517
376,627.5164443501695
344,627.1008478994551
510,599.8100130549191
273,615.9024270945729
309,595.684872360554
623,597.1610165798188
966,630.0024318926777
549,617.1179947661603
374,624.6824139877003
854,608.4319196673049
602,600.3104319593341
284,610.2649485071684
564,607.2822466937911
897,641.8412460340852
443,605.6596216177566
754,612.4342814740254
648,605.090378771227
436,610.4879624335504
683,614.9716108981688
966,636.585551040536
783,633.4036267391635
615,616.3964300028696
835,615.8376457202731
251,619.3544453767721
387,606.9973928741017
931,599.6167131811417
876,634.0638913201127
853,619.7401864113965
622,625.7950532982204
608,634.187470589911
941,613.4176129391429
417,610.008108107143
896,616.1946996168163
717,607.1841005092982
532,611.369817189678
552,620.3026191847184
507,597.7884139015188
935,612.6052235858998
880,628.3925700133348
572,638.0465943402007
690,655.0344778838011
873,620.9350934753194
879,619.1211956279113
968,619.5749425558035
651,618.6826219664379
506,620.8384357600399
849,631.8876019820995
682,622.6783086456046
707,590.6416718981433
347,609.4330239319557
323,628.9229303223418
871,602.8917612595208
345,612.5319219287499
817,604.8542408846433
437,642.5884640329788
452,611.4587300429662
528,623.5515768543632
471,619.8038416549674
922,599.5294916216042
778,618.8354066008247
780,602.0490659677507
905,612.2306940740389
287,630.1170816408458
901,640.6227960137974
251,623.0179805893274
677,623.8335180118199
887,625.8043261043103
269,594.7126625448485
576,613.7474244673496
533,631.1884334274527
536,591.7484039388254
462,606.1694559247592
426,599.3091171695041
380,601.8480279834915
541,631.1558340090378
876,607.2058413150322
394,620.6219973067138
223,620.4476622263578
613,616.3354736038252
664,605.493565332827
638,612.6604731935919
535,613.5546834050263
570,618.2490138017458
301,595.0441577846567
280,611.850251575227
287,617.2589428194551
606,625.9976506216598
882,600.3797356925193
871,628.6812729387459
841,615.8435989177968
833,617.3470956389247
333,608.1751694357102
215,631.8611994776638
929,643.0181439625254
556,639.4632448506165
762,636.4128119302702
581,607.9512997532936
677,615.681895558373
903,614.9518238138436
806,609.0623969249632
462,595.7265780510597
409,612.0772124563656
272,595.7273414603684
316,628.6049007336203
863,629.4647374181603
400,634.4305902537984
729,605.3857554990544
456,609.4311885538459
596,597.8794367374513
607,599.2049472495838
926,606.7031220749947
296,630.9645133681175
701,596.7315570952348
522,627.0590860008532
504,624.1121763738349
926,589.6862120292036
471,612.6813212767231
499,626.595896922775
245,600.4501620647388
693,629.7752907096301
850,616.3115256219521
516,602.2227876758751
736,636.5911804337584
486,604.9871407742131
974,603.8103749204041
360,599.4152340409042
539,609.544122332177
389,599.5271476611024
788,635.1332190322145
445,633.535941394647
266,631.6179818240495
212,604.8879868047959
816,593.1866065127147
605,636.0866308367458
295,600.5910626206961
809,615.1808670868586
834,605.1824265720209
394,628.1024126291244
425,612.4304617811443
233,622.1458297677412
934,620.6122896110555
625,596.2934148387826
594,632.6169394692581
585,604.6266118899024
836,622.6727879608601
882,630.7467243707281
609,648.7253098028393
612,609.2983693597527
518,621.3497842626045
810,602.2558464431222
523,611.1344085566277
338,626.4444356018728
270,621.3261768380765
587,619.768750470052
928,617.735248615526
642,619.3107124968781
710,619.8174207273428
960,595.8499178175523
561,603.128145388219
281,614.5272339662126
413,584.2836241872092
401,634.6137301771338
314,597.7577401160337
251,584.3702902215549
879,600.0290061674457
321,578.0463410017037
504,592.2125352919924
680,613.1753516051034
748,631.2266234348374
888,610.7744219322932
885,633.3951183709736
581,607.5182120543642
339,630.3042154506704
549,606.7455765799407
634,620.8995114508944
488,643.5815931730015
813,600.6609927612712
382,618.0166186819451
471,624.2986601978655
926,630.2374746654725
681,615.9524269990944
555,618.3889840872037
1000,625.1047580464053
275,601.5542501355908
283,612.8013878458343
374,591.5124325299871
870,590.7415745126813
509,617.9789001430802
691,620.5877887564819
945,620.604615423642
423,611.0681359074946
594,626.3560847968268
356,626.8547742720011
306,611.8780223163889
475,625.138995779202
518,621.55938156775
877,626.58132576287
333,616.4266765440307
599,632.6175473645933
286,607.2218268071845
638,613.4845505965219
516,617.9330428274257
951,615.1199477741591
807,613.3499466942579
472,622.4533029089939
838,609.8020829946153
355,634.5821433721735
594,624.2391560979104
416,614.6774839484528
671,634.7859807987022
963,602.7135504452926
411,628.0823077218116
402,619.6594000312523
558,600.0694656048499
861,623.2567286756718
571,615.3553723730479
367,606.7287859716066
878,599.4023177670657
794,621.8929559737803
848,591.8876844190557
542,617.0347050799309
295,615.3400419527651
802,631.8026288757197
878,618.9632171171079
333,590.644081453915
530,617.4564646462957
883,596.2393813265667
428,623.7209811578012
949,647.889780158443
798,605.4275341829386
612,616.4543237965851
233,628.4020949995655
334,606.4089216766346
316,619.5205522848379
297,631.5093328971427
409,608.3107559751312
319,654.4690292510872
575,591.6326627462344
768,625.678556186275
375,615.8349149545836
227,614.6864728858795
894,600.9838825202418
645,640.9096454570916
273,607.914095176921
772,647.7259437895204
452,617.1672476131462
972,629.4448789527083
1000,603.5544963590874
344,619.8880084470752
345,585.3749585579831
772,622.6559285214969
430,603.2646522343366
925,639.0273801266655
457,600.4901967558726
856,622.2316412615014
289,585.9950280558843
893,634.4576400389619
400,600.881545775589
339,597.9579693401738
525,613.7199455955733
909,635.2826731798101
649,629.8318065444086
832,597.4300257817905
894,600.0531677420873
581,626.8227916513247
321,618.4491517558314
314,602.2227198061468
861,618.8242695889286
683,602.5393172185702
362,632.1043526151628
357,592.196863572672
879,602.2099699926606
344,617.6211304771807
617,613.5148587919604
451,642.2650656649181
847,612.522399506206
361,620.3214848733626
550,624.8203967733195
718,602.1846188059288
267,617.3095363262854
738,593.6479847724696
907,597.2091198921114
537,640.5738200886221
567,632.2396679309077
877,614.2055282644222
725,616.2921970231515
592,626.9016253130121
945,609.0485713234339
769,622.4025714638907
644,602.8918890112841
471,607.374618524211
771,616.2702513684587
575,632.1938523480533
961,605.398407662085
753,606.236109563336
743,627.8125006029777
837,630.8519697038842
491,614.0914460982173
605,630.3611508357897
476,626.3340500603011
412,600.457337491672
910,593.4749614177966
303,636.6038094513841
898,623.1085355506186
588,628.2032425035479
768,617.0607887029139
864,626.8903587085495
307,638.4325692239522
819,590.7879571209753
319,606.0211225373599
587,610.0051740552213
360,610.812094965145
837,643.8202228828516
274,647.4647485275947
492,620.9283752338687
795,590.7339997132595
615,602.9690345640222
844,643.8578399949718
940,598.5228242377053
723,607.7229162284234
395,582.5302216348706
599,608.3158228384691
915,631.0368047492711
336,605.4347508633418
266,610.956554627352
948,603.2265078639421
530,594.4356858997054
909,626.1202921903248
463,626.6599604815152
347,617.9249542585438
744,620.2873968086889
307,625.0863538472064
881,599.1654566402517
521,621.153353301447
751,613.0428029236407
418,603.1199245911606
263,627.9341889879271
398,603.469423298592
454,615.0719739772117
596,615.5906890627515
365,614.1126036592538
828,643.8000299977288
926,631.2716066602939
358,608.6930906174857
446,609.1587114486056
895,627.7946246137509
296,610.1803533159954
782,616.1270116542992
796,630.4769959374044
887,610.7018660859696
345,603.7130886548836
884,631.0669262314543
931,624.5581760118097
250,608.2002663215684
940,626.5448899869473
860,631.5380643684572
419,609.7210760673128
642,601.3474821327894
323,618.9666678583262
285,588.9992044319387
1000,604.2191072126157
394,600.4669807766151
777,604.7528282488622
408,609.1766883321703
608,617.296603948774
285,605.2180958368178
684,643.7829511262903
873,625.1573484386851
435,634.4494973553142
307,598.5661466920773
367,627.0560418803453
327,609.448630681505
347,633.628764106549
288,603.9282691754245
754,616.9727484598342
339,608.5085921396484
865,613.3048559800751
330,625.3092400423293
599,580.8934144545666
962,629.1930961287323
874,613.4507317469103
598,603.0474513424762
451,638.3346402965008
247,602.8573417842048
1000,640.6159750742896
888,590.9875026941799
872,628.5420198822442
939,630.4745518178877
505,615.6699480143083
550,582.7319055677272
733,608.7188263155327
967,614.0556191807143
306,631.6411397409495
935,622.2601860889802
388,598.627156600921
579,615.6486041009986
595,636.6602285402813
567,611.4150386478494
476,605.8728863811322
730,627.2646049516482
383,583.46125646376
768,589.8941688868255
936,627.0991241859972
460,625.9857349454253
908,600.1227895447994
892,611.0376899770578
828,601.6971339336728
397,597.6691211658591
870,623.658580898891
856,626.3166996710046
955,611.3439228259774
407,607.6736945150128
690,619.9236234927408
843,593.4377108377788
508,627.5542886583835
857,613.8178485073034
326,590.821142780308
597,632.8307573171203
415,626.0610494313435
868,643.5277487256146
314,605.9210666536027
228,578.4605567895985
287,613.2310493503785
729,600.7358328252838
519,617.6124013620419
833,585.7495284226948
846,616.5342030268976
833,603.9993477225099
237,628.8805296519419
893,628.4202921680779
366,609.7393778863548
888,587.5872010308701
824,619.4261695651007
529,625.2823746724474
299,608.888869491604
712,606.1608487895157
474,631.6022649131844
864,641.9739754455508
422,627.6388346586031
844,621.4553358553621
271,634.5635153351183
776,613.3442472369824
566,614.6481144525741
696,607.2612007204689
568,595.7001363437234
848,608.7845432491126
815,607.5912436542663
673,632.7870552703575
695,630.9729274997508
507,622.4782364597097
313,640.5797952711549
633,591.4184627542371
420,611.2301600786953
493,587.7555486010338
606,618.3343953562594
459,589.6841791364557
579,634.0030339320066
631,650.2244098768001
273,594.7940530393462
318,610.9381935900465
319,623.7389922087741
956,613.9846867275173
992,598.0209662869969
917,610.4426961222645
574,598.4584882643476
935,624.7481119632367
825,594.9426121364876
770,639.8586895083506
900,630.2894365464696
522,598.4869918700277
938,605.2902923958073
833,615.9161288886686
950,604.8786729507502
715,613.9436893104034
763,612.8925106352807
442,608.5820017704932
903,621.9967624370894
526,615.6042456864221
562,600.3585878017974
928,610.3520476976147
514,631.1471259188177
828,595.5944589002168
298,625.1031064849949
816,626.1974564693793
712,598.395024389257
521,620.4060157085436
620,627.7455832667473
563,641.1634082076432
557,622.3438375468787
682,608.3835281848104
892,599.81164551184
681,630.3557085588112
280,628.4097904315313
826,616.3664665731179
306,607.3375752159633
901,636.3289081606458
356,639.3719010499904
813,628.4451680644175
931,627.0169677133543
878,609.9415670459789
548,605.7311451333668
332,631.8713761231593
460,616.145964611608
393,608.3700083880886
925,607.2819083135887
823,584.9511807811144
393,610.0600397188633
507,606.676051922011
733,627.9138457738093
467,623.8152106215525
823,611.7978627518445
591,606.4437651400793
960,643.0003705487283
867,617.4253907830188
408,639.4916077523884
772,630.7810637318637
781,589.486014407764
773,630.0844927350226
955,622.9335245011592
831,626.6965332507375
744,607.1878416070612
276,617.2940886617962
287,616.3861188665816
372,641.5757816215978
827,620.1184979678021
378,604.2625252285562
761,593.0119715068257
245,621.7011871608391
763,618.8488057773121
313,641.4858083256823
632,624.3892130612746
609,627.6892591916186
354,601.2202107243276
393,620.3277895248267
495,612.9529073528172
796,637.7027541261377
456,640.2479144558475
864,599.52687247503
284,608.7777792337363
360,601.9877618864367
429,633.9975474138757
804,625.2650875136218
473,633.9455870746966
533,623.3427240202795
833,608.279701011883
453,597.5103881923219
353,597.31501159545
714,637.1327737505117
865,605.9579060590755
418,595.2981679072544
406,579.900859256802
927,586.8243563960087
864,629.7246304652978
761,595.388313447307
747,582.1926303438726
279,631.8278123207472
711,586.7141600305055
736,642.3419998787576
344,611.9344565918102
855,609.9180894071902
267,608.8158460956265
441,629.4557161210147
308,635.5633633724046
233,618.8478073850592
443,586.9737156186904
612,619.3790608895877
720,629.9198298768506
395,623.5230777500078
822,633.1723046343487
374,634.2014596750597
860,625.6439926130644
702,601.0797450477518
391,624.2226071137733
453,576.6884015504867
946,619.6919774674451
241,590.6600146440524
968,631.0122658116372
864,631.1942608077323
554,608.6076551994739
507,634.2267542567793
527,608.6829827505155
665,609.4702300471051
283,597.462456628363
585,621.3000941616582
523,616.2012201762493
689,624.6553235692089
576,599.2493027745858
257,608.048956688883
489,614.5742102420287
447,598.5395302049031
272,617.4909420747463
865,627.7259069496087
368,597.0705203602807
257,599.4078601360094
830,620.9428214835281
608,601.7178761892486
475,620.4074164138907
588,624.0442527151403
745,652.2315235018991
645,628.8424344113118
467,641.8837521487192
895,625.4018802121437
610,626.9773214024906
684,606.7445879881363
548,612.6609619582741
933,613.8727957169816
719,590.323683404375
816,615.2223205012853
904,626.4815594671198
414,593.5876607512877
851,600.025501659079
549,636.5103192455156
351,620.2213213914617
477,629.596529606322
601,608.2099034527243
750,590.8164410621044
838,624.3854181421134
345,610.1646288101192
442,622.289013911847
558,605.927195031073
776,618.2406194619223
485,593.7353970279441
478,604.4987253959256
821,610.6910832810896
729,607.7456277866116
574,595.6692878253103
1000,625.143591515963
568,612.9539868622429
450,594.4213396130956
817,598.2937210094229
773,614.3776532951822
859,609.3115875113809
951,633.8235196599745
843,636.0518233213276
844,606.5386624791538
732,626.757332656969
413,619.1456269383119
498,608.7203087903443
383,631.2848698777668
707,608.9856544361047
701,596.1117316169899
865,623.2784467957702
933,619.4056715072202
842,604.0305298209148
832,595.2145366443298
262,596.8776857977768
980,618.16172138116
979,631.7467955390831
817,629.5449172595494
821,599.5588299004553
713,610.5991300440368
954,583.6867008158653
913,629.215190005591
885,589.1298511814088
841,635.0899859648484
857,614.5245980679248
932,623.0934381924521
1000,627.1061811086848
621,604.4234550525317
902,607.7884366637358
588,601.2120305763917
642,621.5349428320278
908,632.3482288872949
513,632.0603407463358
508,615.0964478517988
637,589.1530181095492
439,619.9760800501325
419,618.7530958109331
568,637.1440582913625
847,621.2705742427894
559,597.4837641189181
903,607.6735555511914
321,598.9603198989095
996,621.0968142727351
499,599.4660214682632
681,616.1072361827707
370,614.6183083981567
795,611.3040582762219
917,613.6622212723482
541,598.099134729206
689,629.5702996287607
502,641.4517291785335
252,629.1952441158676
801,601.177199599534
562,614.8502221945055
523,625.3161277446851
891,613.2021935868363
806,589.7858850711029
238,624.508223102176
790,584.815076265715
417,628.6960849301283
593,628.4280278710062
807,629.125466799491
609,614.7897218870537
475,626.4824593993835
689,611.3403499978153
587,612.3785944946981
513,598.5002075330842
962,622.3964882982528
516,597.9598163538355
862,607.2046888025413
652,640.3333198854422
944,615.7375345667641
560,586.964735906672
904,602.2564439867895
945,617.347108017957
846,616.2292479083987
561,598.9092067873762
774,637.1827794442889
305,600.9106091836424
808,629.4882099153978
730,612.0441318365272
865,633.2645288762594
218,613.007379264039
816,625.3196328731425
758,632.4584654086776
588,623.185294686775
258,625.6654913503851
326,622.0214982145617
872,600.3163202821966
351,584.7581572534951
267,601.9426296486117
308,612.7795997064725
625,598.1025274629425
412,634.4458628455031
288,606.4260544463472
445,586.7655142525216
653,607.046312976708
854,592.1401280974515
609,597.1813705995211
904,649.6535144991917
694,593.9621861971506
706,612.6406852493366
824,593.9052697966611
857,614.9707671283135
302,596.7137436524426
387,607.7379817131867
626,614.7216085470918
472,621.7085439944683
869,614.8224192696061
287,607.8056730551889
671,621.6063375084517
250,610.2517812721692
994,613.4764156354235
589,600.4891422928765
289,591.1429787028444
427,638.4698281145085
254,602.9449890351566
802,622.4822250157439
730,611.185870091965
327,619.844458584397
283,619.5377961334775
283,583.5505194377166
597,596.6661313600694
290,593.4230292319348
804,609.1097553672399
300,596.7242850425539
425,602.3663193777537
851,630.1746970462948
539,598.1190268385092
963,616.634726650251
601,631.2356613817789
265,590.3948251909
270,634.1471467383942
674,626.0733649837184
875,596.9837262900122
802,579.6861609735932
885,588.6153490335305
897,598.4998725908013
795,635.4590946027442
943,629.9894053592727
508,632.0454144916059
461,602.1355022863798
277,590.2698458419367
814,610.8147095661918
671,621.1216778466932
673,617.9103596614412
404,621.1720940049804
278,602.4322117971337
367,606.0594092312239
925,622.2171838327389
710,630.6233832993951
530,606.7585514140048
766,621.1008205321262
496,628.2100500914796
827,605.4835512462674
565,617.5358657791515
273,627.8064267816949
515,599.0085089328609
876,625.172147743522
264,597.9036236476815
894,625.7466317248195
521,588.3252977735646
842,608.4938563416031
600,614.7562062542004
771,631.4255316871618
254,608.3969322868239
560,587.8043893306691
571,605.1010949316741
297,625.2092780865635
594,608.0612233132147
955,618.8344383509593
279,606.0449382370643
403,602.1093845516488
759,591.2383624757997
329,625.5046118384568
247,623.6152631236629
609,602.4227238266633
559,608.0752601810794
637,590.9810079878873
428,615.4368023373125
529,603.350618159129
919,590.1779396002823
470,621.1583680467372
598,593.1948215997402
844,616.7284402403299
588,603.1517973931329
978,586.0063908579386
792,614.0962866443758
796,604.2733971077399
451,631.8077935174927
336,611.9449068302318
346,588.1630914924513
378,588.7591009046317
994,613.466571642759
387,625.047873957404
494,626.0670581794626
810,609.4682843690246
276,574.9438944044899
420,615.1030612329223
262,596.2112779871142
517,595.1856505542172
532,633.0756396221472
347,621.2999710986525
930,622.6935297469187
893,586.527160690279
752,624.1297456752694
886,591.8446194076973
598,628.8573920985389
435,609.0124585583525
817,609.8771683544785
919,613.4270779677579
857,595.8240329108395
424,603.2792025328102
926,612.5848943108995
618,610.1174911016808
251,619.0628400747366
579,594.9190312673787
307,602.6850528239829
282,610.8271654874015
558,634.9369275541113
532,600.0003910016115
866,639.3923450477834
888,618.4899909401358
257,609.687018291379
411,604.835979261315
903,620.506068483903
974,596.7472624813488
808,599.5739556364977
701,627.4541637976328
940,592.8092315048074
763,588.3957132984032
365,593.130391351278
653,584.8753260831576
364,573.9418795045233
768,600.4925565060541
503,608.3760815947962
559,603.4708216469048
590,626.6315662702231
240,597.5180692289792
306,621.7060892033667
775,614.8295195627563
822,623.5892548330029
422,605.165263033101
778,616.4656425537945
882,619.5081254987505
1000,619.2674159979763
339,583.5236090171798
549,614.2407554701136
425,590.7875215430473
919,593.836077464285
282,617.3386128600013
349,603.4049912094606
385,610.9393859199453
445,606.878499674381
719,594.6048089968
279,602.8172139472596
712,616.2953286730981
344,612.8707244959156
831,582.2491445940566
445,621.3309709212958
549,627.3040166029159
712,615.6324569535326
461,628.57408936911
807,629.551478388604
730,606.1048021560931
420,599.6671311729178
898,625.4423751694065
916,636.4539354643249
811,630.6034692328371
477,618.3796836832636
858,609.8368624720678
953,626.8611184356023
234,601.4933129637217
431,625.6894737326888
753,605.7676353097758
525,631.5893441020007
713,629.9222147014739
794,597.8331161015295
247,583.2063892857689
460,622.0284904297574
991,612.8687685299649
929,627.7179092316185
584,640.6673937826206
365,621.264301157042
827,610.1053229843076
311,614.0407582830396
572,579.9894851278624
715,607.1167685581433
475,589.7627730034466
986,595.4552293934892
518,618.2399156679669
922,593.0770210438327
591,577.8623915981741
343,607.3959094508663
340,590.4202387207362
749,628.8847756012289
649,641.3738540834785
821,627.7440519944495
310,625.0606563208355
475,618.6213313913302
653,619.1172616170834
264,630.5199865219022
308,606.6950613631125
335,594.4061518040392
759,605.1962139294409
936,608.7085995033556
566,597.6621635530378
629,614.5696419332525
513,640.7367141706826
316,611.940324571434
715,615.779348739308
319,589.1729449897435
647,600.3212018329484
478,619.0170232920477
451,605.7365855885407
428,599.6025894951425
874,628.6153250545827
903,613.976506807488
367,623.572014201015
900,616.1579840500489
879,618.3782250155745
294,615.012872192476
694,604.7948433403624
796,626.6837806799296
868,618.2850961799646
840,585.1859703639956
446,621.0156169761093
378,606.548233784043
806,608.293784070244
712,619.7763073473902
453,607.9720064451888
342,624.2768855623078
363,618.7884763954144
586,620.7200924732593
719,598.7494476049404
889,602.3071887182715
481,628.78117483614
566,638.2318612635087
286,602.509351364351
441,619.8029169968491
291,624.4360324060149
617,626.421086475187
991,622.2798328176139
459,602.2390284198144
982,628.9172607573632
649,598.2387850624153
415,624.5701798499293
573,638.134459791463
696,607.5077639223808
408,589.8690512955249
317,584.101187641969
595,609.4138961682294
857,627.0656545371127
428,619.6037084433078
683,611.753697147293
396,601.1778243722404
969,605.8908171317588
542,618.5697830040127
707,617.2684250383785
891,601.2018862162057
485,626.8050060045676
548,614.2314461796767
961,624.6516631504692
936,613.1793940364973
963,627.4832200506039
829,596.5120567987592
271,618.8420611307748
785,609.8850735819732
648,596.2915148097925
444,620.0106506717897
831,604.1793042863326
326,611.0594745535604
516,602.9427136462741
772,628.2640287315832
843,607.3989838704906
804,619.0828236738521
522,595.7502587938998
340,607.4326625262099
267,596.7493993596757
467,617.9177072172812
780,615.685186000397
757,639.1109590021308
467,599.3246073622047
612,632.559799670612
747,607.4997261589593
806,617.3953061982945
325,598.0843661283669
310,608.3019894885098
439,617.7798921514515
937,596.3128257566063
534,642.6564707635692
628,623.0657921659587
705,615.5148114083079
898,594.9045200382043
813,611.3636729979228
820,626.0500963816977
434,631.0126182544001
801,593.7022792091157
884,598.7546224325721
738,614.5768561208245
858,604.7164313696068
403,589.3098746530433
510,606.8126119860354
956,606.1711234972917
548,604.9261746208456
897,604.0784022365049
982,621.9596710980078
770,603.0559070477088
600,611.2665454090821
444,608.1870817350631
254,617.9360131561309
308,595.1738239397862
380,594.0627845055099
479,596.8261761236607
555,630.7819177261076
757,621.7406353417152
918,610.088380483621
871,598.8620124699393
255,597.1113154109833
811,625.8780901367123
246,579.1833955617602
677,598.0562958763632
241,620.6894321883781
429,624.7026183463691
885,599.0353480822379
635,617.623786188484
293,588.6147930165819
869,624.1772669430819
842,591.8049679751712
682,615.2020776905111
619,624.0563725159585
801,611.256688533087
547,630.6149712686779
802,591.0831688452199
361,598.1865902535451
839,608.4234962627422
881,613.0081296708653
387,605.3864212025363
988,639.4159526575762
454,620.131031200487
310,619.2778771484268
886,632.5832032570653
297,620.2897778597485
927,603.3684735228279
456,596.0666374807868
892,615.2278583557116
504,618.4997817800432
930,605.9305353598211
795,617.9635743702252
813,617.8983912648737
486,605.6627177292512
825,634.7667845647173
783,616.6517432352513
909,595.6673568676191
457,605.3184439880721
860,626.7980987878904
431,629.0876449657593
1000,622.8585356481749
957,598.0878918051658
454,619.9486432823835
484,637.1648117945284
545,622.702501951387
319,627.6985818284311
892,619.9929641409286
931,621.9035946898616
396,633.9052083007748
610,604.9633584407425
817,609.5037607802119
576,609.4273544277199
355,598.4050399460547
837,610.1041508628615
494,598.5215062715931
810,589.0569888374819
480,636.01503377293
695,622.5606861578995
854,587.1303885657755
546,637.2267791954929
472,609.1046548690946
284,629.4074280641328
963,616.2522650354956
361,633.1942150142356
583,619.2976467917227
286,593.0692494798863
495,601.0984093128782
328,611.9533227378947
526,603.4177155193751
517,608.1422088478324
797,600.1590506612779
414,623.603495572084
898,608.3227964759492
688,584.7131066121643
900,610.1716102291633
400,631.6078267659739
523,615.6696437872093
363,597.2625740043388
272,611.1943370443129
643,625.3985326823532
897,589.4206231588006
908,632.0041293124859
243,602.6030727531751
733,614.9590394172725
305,630.7185253000479
393,590.6544608957429
890,615.8372652163838
271,599.4537217433532
817,610.3779484300505
378,602.6202911191109
688,633.0955996696503
945,587.9998262741962
462,609.129481281185
422,591.0460487224145
281,593.2260748401567
423,583.0417022689004
360,592.4144226112861
661,596.8040438780044
737,624.7538005471604
948,619.463645456565
556,613.6162128760614
634,617.299097661985
270,608.1473023200518
610,618.5364725915009
389,615.5050665658811
266,622.2493192061851
814,600.6711364754033
231,583.8531588875433
429,596.122335115671
786,597.67821046261
882,602.5938982474883
702,592.3327656729643
895,604.7369864939024
634,593.4491431436406
303,612.4272157754746
693,581.5286662941957
561,607.1393687128036
692,619.0207634563145
447,614.3595028461458
829,590.5588410354283
520,595.1489790616886
677,617.7144693464794
808,626.1250554498383
911,631.367189243939
